ID,label,sessions,drives,total_sessions,n_days_after_onboarding,total_navigations_fav1,total_navigations_fav2,driven_km_drives,duration_minutes_drives,activity_days,driving_days,device
0,retained,283,226,297,2276,208,0,2628.8,1985.8,28,19,Android
1,retained,133,107,327,1225,19,64,13715.9,3160.5,13,11,iPhone
2,retained,114,95,136,2651,0,0,3059.1,1610.7,14,8,Android
3,retained,49,40,68,15,322,7,913.6,587.2,7,3,iPhone
4,retained,84,68,168,1562,166,5,3950.2,1219.6,27,18,Android
5,retained,113,103,280,2637,0,0,901.2,439.1,15,11,iPhone
6,retained,3,2,237,360,185,18,5249.2,726.6,28,23,iPhone
7,retained,39,35,176,2999,0,0,7892.1,2467.0,22,20,iPhone
8,retained,57,46,184,424,0,26,2651.7,1594.3,25,20,Android
9,churned,84,68,245,2997,72,0,6043.5,2341.8,7,3,iPhone
10,retained,23,20,117,1946,0,36,8554.9,5352.6,9,9,iPhone
11,retained,125,100,357,487,3,7,2284.8,1034.7,1,1,iPhone
12,retained,51,41,110,2760,64,0,2512.3,1717.3,12,12,iPhone
13,retained,80,64,133,3154,39,16,8531.2,6324.3,1,0,Android
14,churned,72,66,401,2524,54,24,5922.8,2227.3,0,0,Android
15,retained,23,22,95,50,193,0,2188.8,1775.7,11,10,iPhone
16,retained,30,25,42,1554,61,19,1213.5,949.1,17,13,Android
17,churned,272,219,564,88,0,90,3529.3,2078.4,11,11,Android
18,retained,48,38,259,2077,131,11,9140.6,4922.7,10,3,Android
19,retained,106,98,171,87,0,6,8566.5,2534.6,22,20,iPhone
20,retained,52,42,145,2937,306,0,1601.9,951.9,7,7,iPhone
21,retained,148,119,169,501,77,28,2170.3,552.0,21,21,iPhone
22,churned,73,60,119,1607,254,92,2653.4,400.7,16,16,iPhone
23,churned,29,23,33,2188,338,0,4283.5,654.5,2,2,iPhone
24,retained,3,3,50,1084,63,23,2274.2,1650.6,16,10,Android
25,retained,0,0,139,2731,13,4,5702.3,4582.7,6,2,Android
26,retained,132,106,160,112,199,28,4829.0,3178.1,13,9,Android
27,churned,5,5,216,2465,412,0,925.0,490.5,16,8,iPhone
28,retained,64,54,81,1635,81,0,2723.5,1546.8,2,2,iPhone
29,retained,57,46,60,1732,429,95,1443.4,590.0,27,21,Android
30,retained,78,66,485,2381,106,21,10573.0,6978.1,31,26,iPhone
31,retained,46,37,98,2938,372,26,4042.1,1404.6,22,17,iPhone
32,retained,38,34,63,1940,313,12,4668.2,1066.1,24,20,iPhone
33,retained,291,233,569,275,39,9,2578.7,1703.3,15,15,iPhone
34,retained,126,101,346,2225,149,0,3666.4,1446.0,11,11,iPhone
35,retained,156,127,781,101,113,0,1944.8,647.0,18,18,iPhone
36,retained,75,60,108,2329,223,36,2354.6,809.7,4,1,Android
37,retained,16,14,104,443,0,5,8786.1,7181.0,19,19,Android
38,retained,95,78,191,1848,35,28,2314.4,1317.2,20,20,iPhone
39,retained,91,91,124,470,0,86,3423.4,2355.5,29,26,iPhone
40,retained,105,91,115,655,14,11,1822.4,1198.0,24,24,Android
41,retained,20,17,184,2601,325,15,3182.7,1768.3,23,16,iPhone
42,retained,165,132,310,2567,293,76,4673.2,2119.3,20,17,Android
43,retained,133,106,182,2595,185,52,4422.9,2012.3,8,2,Android
44,retained,26,22,132,921,272,7,632.1,420.7,30,24,Android
45,retained,25,25,63,1219,7,0,1187.6,419.5,27,25,iPhone
46,churned,114,105,310,189,11,7,4285.2,2322.6,9,4,iPhone
47,churned,23,20,25,552,65,14,1564.2,821.8,3,3,iPhone
48,churned,48,42,223,757,335,28,9947.6,3369.1,8,2,iPhone
49,retained,62,51,114,694,274,42,3826.4,2916.7,26,21,Android
50,retained,7,7,37,2794,274,18,1130.1,723.0,8,8,iPhone
51,retained,67,57,76,1713,0,52,1620.5,793.9,25,19,Android
52,retained,4,4,63,3291,65,0,4996.2,1345.0,28,23,iPhone
53,retained,84,68,124,3286,74,145,1558.8,1201.0,17,15,iPhone
54,retained,12,10,22,3365,26,0,2900.7,1698.3,14,7,Android
55,retained,20,18,110,724,70,0,4419.0,1660.2,7,3,iPhone
56,churned,150,127,188,2028,208,132,1396.5,496.6,0,0,iPhone
57,retained,41,33,177,2257,86,9,2493.4,1103.6,5,4,Android
58,retained,44,35,126,2193,304,0,351.6,243.8,11,9,iPhone
59,retained,23,20,24,1924,169,0,11556.3,4966.8,27,26,Android
60,retained,49,42,68,1195,132,9,2702.2,244.1,31,20,iPhone
61,retained,43,35,237,1756,29,53,1461.9,954.1,8,8,iPhone
62,retained,69,56,82,1356,373,0,11014.9,9143.8,24,23,iPhone
63,retained,253,203,299,1546,0,88,4695.2,2146.5,6,1,iPhone
64,retained,4,3,114,1830,233,0,9624.4,3213.0,6,0,Android
65,retained,12,12,478,1796,69,35,6931.3,4643.5,23,22,Android
66,retained,150,121,271,1347,0,0,1791.4,253.8,30,26,iPhone
67,churned,36,29,50,1167,139,0,3215.2,1595.0,1,1,iPhone
68,retained,25,21,67,1619,147,11,3554.9,2616.2,19,18,iPhone
69,retained,36,30,132,2384,7,0,2486.0,1197.5,10,4,iPhone
70,churned,62,51,328,2285,381,0,5271.0,2571.4,16,16,Android
71,retained,248,200,248,2849,87,0,3377.5,2032.0,8,5,iPhone
72,retained,23,20,126,997,36,71,8054.1,1506.3,28,21,iPhone
73,retained,89,81,211,1189,0,68,5678.1,1924.1,29,22,iPhone
74,retained,142,113,325,3001,806,18,1966.4,872.2,29,20,iPhone
75,retained,84,67,134,2868,177,55,2541.4,1453.3,22,21,iPhone
76,retained,30,28,74,1722,293,17,5574.2,3842.8,8,6,iPhone
78,retained,54,54,320,1285,0,77,2575.8,987.0,29,20,Android
79,retained,97,84,209,1980,0,0,4471.2,2104.7,22,15,Android
81,churned,26,23,83,2118,335,0,944.2,455.0,2,0,Android
82,retained,16,16,41,484,373,61,3628.6,2134.4,9,9,iPhone
83,retained,22,17,131,199,75,28,4626.2,1499.6,29,24,Android
84,retained,18,18,447,1115,228,0,4798.3,3831.8,31,25,iPhone
85,retained,16,16,20,960,279,58,5044.1,3437.2,24,23,Android
86,retained,57,47,73,1260,230,65,3644.4,1020.2,5,4,Android
87,retained,18,18,198,1517,200,9,3772.0,1639.1,2,2,iPhone
88,retained,306,246,320,2252,60,0,3595.6,2420.1,28,20,Android
89,retained,35,28,72,1987,534,0,2422.6,1156.6,18,13,Android
90,retained,105,105,287,2826,168,0,2237.8,1056.3,4,0,iPhone
91,retained,117,94,157,3479,286,17,1761.2,310.7,28,26,iPhone
92,retained,106,86,203,846,318,0,3737.3,1055.5,9,3,iPhone
93,retained,52,46,58,613,223,183,4742.5,3196.9,20,20,iPhone
94,retained,17,14,280,3440,95,56,2674.8,229.7,2,2,iPhone
95,churned,116,95,193,359,142,0,4032.9,2695.6,1,0,iPhone
96,churned,305,244,638,400,171,164,1896.9,961.0,19,13,Android
97,retained,0,0,560,2879,0,0,6668.8,3511.4,28,24,Android
99,retained,34,34,68,1403,27,24,6254.9,3742.9,1,1,iPhone
100,churned,122,99,296,2482,167,0,3396.1,1841.3,2,0,iPhone
101,retained,76,62,136,70,31,0,5700.9,1041.8,6,3,iPhone
102,retained,113,91,236,1031,34,65,2810.7,1245.6,0,0,iPhone
103,retained,78,63,121,2231,0,9,2427.3,831.6,21,18,iPhone
104,churned,48,39,132,2279,194,0,2626.2,1437.8,24,24,Android
105,retained,37,30,54,710,2,30,5661.7,2816.0,26,20,Android
106,retained,139,112,322,2298,237,58,1243.2,675.3,29,23,Android
107,retained,66,55,120,2515,0,0,2641.1,2125.9,16,14,iPhone
108,retained,29,23,57,677,309,0,5052.5,868.0,7,5,iPhone
109,retained,38,38,77,2324,7,27,1702.4,364.6,3,3,Android
110,retained,56,47,91,1714,0,0,1586.5,734.0,15,13,Android
112,retained,54,45,117,3240,14,79,1762.3,1006.7,10,6,Android
113,retained,91,73,168,3045,198,187,792.5,490.3,21,13,Android
114,retained,18,15,85,1305,25,10,2727.8,513.5,7,7,iPhone
115,retained,40,32,53,314,0,0,1724.2,904.5,0,0,iPhone
116,retained,23,19,56,943,13,0,1234.1,865.2,4,4,Android
117,retained,79,64,246,3016,0,92,4457.6,1293.0,25,20,Android
118,retained,42,34,174,1461,0,82,3478.9,2343.4,6,3,Android
119,retained,192,155,234,2503,205,40,9041.3,4364.1,28,26,Android
120,retained,16,14,403,1267,14,3,2585.1,1690.3,24,23,iPhone
121,churned,67,55,129,2922,310,15,2569.2,1948.2,11,7,iPhone
122,retained,150,122,269,546,0,38,6446.1,2611.8,16,10,iPhone
123,retained,31,25,130,3251,67,29,7712.2,973.0,19,12,Android
124,churned,97,80,132,2929,37,0,4255.6,866.9,12,9,Android
125,retained,16,15,158,343,53,44,1730.4,455.5,25,16,Android
126,retained,148,118,167,2680,12,0,6206.2,1879.5,10,7,iPhone
127,retained,402,322,511,496,0,132,5781.1,515.2,24,21,iPhone
128,retained,15,15,116,811,6,0,3090.9,1572.5,6,1,iPhone
129,retained,138,129,199,2053,62,39,2600.8,1077.1,26,23,iPhone
130,churned,39,32,177,190,610,33,4846.9,2681.4,4,4,Android
131,retained,25,25,716,2739,0,11,11009.3,205.9,19,17,Android
132,retained,7,6,65,3023,140,0,1378.7,385.7,27,18,Android
133,retained,17,15,106,1748,44,13,2774.7,681.3,5,2,Android
134,retained,33,27,257,3012,136,72,9522.4,1175.2,10,10,iPhone
135,retained,40,32,103,3323,154,101,3465.6,1951.5,14,13,iPhone
136,churned,89,82,92,2254,0,0,1772.2,581.6,3,3,iPhone
137,retained,237,193,269,1258,88,9,4478.2,3120.9,27,24,Android
138,retained,141,113,242,508,0,0,4136.0,1841.2,12,11,iPhone
139,retained,29,29,490,2551,120,73,6323.9,3381.9,15,15,Android
140,retained,175,140,246,2808,145,27,5732.2,1978.8,3,3,iPhone
141,retained,222,177,637,3021,71,95,2847.2,1023.0,29,24,iPhone
143,retained,45,37,125,3073,81,112,2422.1,1466.9,24,15,Android
144,retained,53,43,170,2389,0,24,5406.8,3727.8,17,17,iPhone
145,retained,49,40,422,3244,30,0,2810.3,1608.4,12,5,iPhone
146,retained,89,72,188,2507,43,28,854.4,619.2,25,22,iPhone
147,churned,231,186,268,2726,81,0,3163.0,2625.7,1,1,Android
148,retained,51,41,95,3202,180,0,1642.4,1064.4,23,21,iPhone
149,retained,40,32,142,81,172,0,3297.0,678.3,25,16,Android
150,retained,33,30,67,1324,221,0,3991.8,811.7,2,0,iPhone
151,churned,16,16,96,263,195,0,6457.3,2797.7,5,1,iPhone
152,retained,130,108,186,3116,243,126,9184.6,5580.1,24,15,iPhone
153,retained,7,6,59,350,0,13,1838.4,589.8,25,20,iPhone
154,retained,219,188,280,2306,0,77,3353.7,839.9,13,7,Android
155,retained,260,208,594,720,20,0,2752.5,511.9,10,8,Android
156,retained,14,13,63,843,35,7,1945.7,1482.2,24,22,Android
157,retained,161,129,647,672,0,31,4800.0,3955.7,15,14,iPhone
158,retained,97,78,424,1613,127,0,5035.6,3271.8,13,10,iPhone
159,retained,190,154,310,400,83,7,1789.5,1418.2,23,22,Android
160,retained,127,104,156,2184,0,48,9913.3,2062.9,25,25,iPhone
161,retained,41,33,167,2329,0,78,4795.3,1610.2,25,23,iPhone
163,retained,17,14,88,2992,123,53,2226.0,1173.6,22,15,Android
164,retained,43,43,172,1307,50,9,2683.2,877.3,29,23,iPhone
165,retained,143,114,166,3095,111,15,4933.8,2256.0,11,6,iPhone
166,retained,140,113,185,2137,137,28,3294.6,1909.5,9,9,iPhone
167,churned,64,64,297,273,701,104,2196.5,1414.4,19,18,Android
168,retained,266,217,301,2476,0,44,3289.3,974.2,29,26,Android
169,retained,218,175,309,1666,0,49,1433.8,890.5,26,18,Android
170,retained,11,9,63,712,81,26,1624.5,60.0,22,15,Android
171,retained,70,63,95,2774,59,0,3201.9,1210.0,30,20,iPhone
172,churned,123,99,153,2298,17,0,3082.7,1191.4,6,0,Android
173,churned,126,101,162,603,74,0,1392.0,927.2,30,25,iPhone
174,retained,20,16,53,2463,411,89,3766.5,1443.0,21,21,Android
175,retained,55,55,82,3057,501,0,3729.2,1894.8,28,23,Android
177,retained,26,21,150,3217,163,17,1714.8,1137.6,13,10,Android
178,retained,12,12,15,3345,0,62,7170.2,5209.6,5,5,iPhone
179,retained,12,11,125,961,256,31,1580.0,1172.1,30,25,iPhone
180,retained,95,77,205,3091,223,113,1330.2,694.2,15,10,iPhone
181,retained,11,11,60,1265,160,66,6508.3,2393.7,18,16,iPhone
182,churned,158,127,483,1379,90,99,6359.7,3871.4,8,8,iPhone
183,retained,63,51,164,2060,0,0,2793.9,2196.6,24,22,iPhone
184,retained,181,147,344,3498,34,0,2847.3,1463.1,16,9,Android
185,churned,2,2,18,2252,21,0,4267.3,1968.3,7,2,iPhone
186,retained,42,34,186,189,71,0,3989.1,2421.2,30,27,iPhone
187,retained,47,47,58,3110,11,24,1358.5,523.7,23,18,Android
188,retained,13,13,149,1026,0,0,9677.8,2910.9,28,20,iPhone
189,retained,69,55,613,2127,295,44,2250.6,573.6,9,6,iPhone
190,retained,91,73,99,1814,0,49,4142.8,3194.8,6,3,Android
191,churned,150,122,247,1070,187,0,6393.5,4553.2,6,6,iPhone
192,retained,71,61,107,26,49,167,3389.6,2533.3,26,17,Android
193,retained,49,40,178,3477,16,0,3304.9,876.6,11,11,iPhone
194,churned,231,191,406,745,0,11,3527.6,936.0,28,18,iPhone
195,retained,80,64,94,1364,374,75,541.5,242.0,29,23,Android
196,retained,20,17,64,149,33,0,8844.0,4499.9,20,17,iPhone
197,retained,67,54,230,1256,41,64,5045.4,2109.5,12,8,iPhone
198,retained,16,13,187,3306,184,32,905.7,299.0,10,10,Android
200,churned,5,5,139,321,0,0,8809.2,2667.9,3,0,Android
201,churned,26,22,113,957,622,0,1611.4,892.5,7,3,iPhone
202,retained,57,46,272,777,95,33,2804.2,1976.3,6,5,Android
203,retained,83,67,96,1532,125,0,2948.9,993.9,6,6,Android
204,retained,192,175,222,2047,102,51,3166.4,960.8,24,23,Android
205,retained,33,30,110,1364,0,0,3560.0,2406.5,14,12,iPhone
206,retained,26,22,137,82,437,28,2167.8,1735.4,6,6,Android
207,churned,40,32,145,3346,443,9,3074.7,1895.6,30,27,iPhone
208,retained,108,87,192,110,0,20,6769.0,1506.1,28,26,iPhone
209,retained,147,147,232,3414,133,53,5110.8,2591.2,23,14,iPhone
210,churned,351,281,454,3362,0,0,1812.5,665.3,9,8,Android
211,retained,28,23,66,780,61,0,2214.4,998.4,27,22,iPhone
212,retained,118,98,262,1728,74,208,3780.8,1561.4,30,24,iPhone
213,retained,53,53,78,1208,175,0,1678.6,1292.6,21,14,iPhone
214,retained,58,51,182,707,1,0,2687.3,274.4,12,5,Android
215,retained,32,28,130,2747,66,143,1134.7,194.8,22,21,Android
216,retained,198,161,216,2806,86,0,5592.7,3732.7,21,15,iPhone
217,retained,0,0,34,629,160,0,6103.9,1767.8,8,2,iPhone
218,churned,24,19,120,1827,0,0,5161.4,3521.6,3,2,iPhone
219,retained,134,108,305,805,38,0,9674.8,992.5,28,18,iPhone
220,retained,45,36,521,667,0,13,7906.1,4617.9,8,5,Android
221,retained,131,106,199,2208,0,0,1282.6,319.4,11,11,iPhone
222,retained,130,104,164,853,133,0,2871.6,1542.0,10,10,iPhone
223,retained,14,12,228,1757,34,0,4979.2,1724.0,28,19,iPhone
224,retained,185,149,311,3287,165,0,3810.5,772.7,27,22,iPhone
225,retained,51,41,437,745,93,0,3685.4,2801.6,27,26,iPhone
226,retained,72,59,163,332,1,0,2376.0,921.2,29,20,iPhone
227,retained,17,17,146,1905,106,0,1675.4,753.1,25,24,Android
228,retained,37,37,63,2057,0,14,1087.1,781.0,14,14,iPhone
229,retained,7,6,177,2951,73,56,7589.6,4500.6,13,11,iPhone
230,churned,15,12,111,1118,61,0,2368.5,1260.7,7,3,iPhone
231,retained,91,73,104,3387,266,19,6995.4,2721.1,11,9,Android
232,churned,1,1,37,2041,46,163,6861.3,4983.9,12,9,iPhone
233,retained,9,8,259,343,351,117,3091.3,2512.7,16,15,iPhone
234,retained,56,46,56,1918,25,9,5799.6,905.9,3,3,iPhone
235,churned,16,13,178,2937,108,0,1242.1,261.8,11,8,iPhone
236,retained,136,110,137,605,364,0,1342.6,333.6,31,21,iPhone
237,retained,239,192,376,2616,13,0,6343.5,4878.6,7,7,iPhone
238,churned,17,13,210,171,57,0,3006.4,1539.7,4,4,iPhone
239,retained,120,101,548,3014,237,0,2474.6,1107.7,12,8,Android
240,retained,9,9,94,1638,37,0,2280.4,1175.6,8,3,Android
241,retained,49,45,78,3178,14,19,3520.9,2367.1,3,3,iPhone
242,churned,51,42,68,1828,0,24,7160.1,4289.1,12,12,Android
243,churned,293,235,363,710,222,0,4007.9,1589.5,8,6,iPhone
244,retained,73,66,104,1413,0,0,1755.8,1311.5,17,13,iPhone
245,retained,10,8,71,2266,43,31,889.0,256.7,5,5,iPhone
246,retained,16,16,50,1987,157,0,1139.9,374.8,18,13,iPhone
247,retained,29,29,90,1998,293,86,8353.3,4877.5,17,15,iPhone
248,churned,48,39,109,1507,0,0,3331.5,2717.4,11,7,Android
249,retained,148,128,171,1288,221,110,3490.0,1430.9,7,4,iPhone
250,retained,25,25,26,2036,0,0,7236.9,3064.0,26,24,iPhone
251,churned,94,75,102,1718,0,98,5315.0,1962.2,3,3,Android
252,churned,103,84,117,720,25,0,4455.2,1422.4,3,2,iPhone
253,retained,27,22,44,1551,65,121,5654.1,1326.1,10,10,iPhone
254,churned,48,39,65,1315,191,2,4637.0,1602.2,3,3,Android
255,retained,263,216,272,1696,1,48,5096.2,944.8,0,0,iPhone
256,retained,138,111,221,872,97,77,2947.9,317.2,18,14,iPhone
257,retained,229,198,277,2118,185,0,1234.4,721.7,22,19,iPhone
258,retained,64,55,263,3384,146,0,2854.9,1019.9,29,22,iPhone
259,churned,231,186,239,2012,47,0,2903.1,794.2,21,20,iPhone
260,retained,26,21,154,462,65,31,7527.0,4070.4,10,9,Android
261,retained,68,55,90,558,0,44,4157.9,3232.4,13,12,iPhone
262,retained,226,181,249,2585,420,94,2649.8,1705.6,26,16,iPhone
263,retained,98,80,139,1502,188,9,2352.8,1356.9,21,13,iPhone
264,retained,19,17,108,489,84,0,6016.8,3032.1,15,11,iPhone
265,retained,45,36,78,520,5,29,4603.9,1490.4,27,19,Android
267,retained,31,27,199,2891,171,0,3255.9,1919.4,26,21,iPhone
268,retained,13,10,35,1179,0,99,1023.6,337.8,31,29,iPhone
269,retained,32,27,101,311,198,39,4939.4,3849.6,11,10,Android
270,retained,21,17,172,901,376,45,1710.0,703.5,24,22,iPhone
271,retained,52,52,127,1672,714,0,6135.0,4409.8,27,17,iPhone
272,retained,75,61,159,1990,48,55,3169.7,1325.9,10,10,iPhone
273,retained,57,45,298,2962,0,13,6933.9,2058.2,7,7,Android
274,retained,27,22,187,2125,411,23,1517.9,469.8,22,16,Android
275,retained,245,200,362,662,566,16,3287.6,1178.9,25,22,iPhone
276,retained,34,27,92,2761,174,0,2218.5,1057.0,16,8,iPhone
277,retained,69,61,115,1065,19,0,5795.6,4479.1,22,17,Android
278,churned,172,142,253,1823,0,28,4468.7,2400.3,4,4,iPhone
279,retained,266,214,441,485,40,29,1467.4,1188.4,29,19,iPhone
280,retained,42,36,357,1064,7,33,7447.1,2503.8,17,17,iPhone
281,churned,2,2,68,3150,0,60,3837.6,2842.7,1,0,iPhone
282,retained,51,42,116,2747,231,0,6283.7,3332.2,27,24,iPhone
284,retained,55,44,92,672,82,0,7185.2,3885.2,8,8,iPhone
285,retained,2,2,113,1399,238,94,1731.4,1064.2,24,18,Android
286,retained,12,10,71,2395,39,91,5385.3,3025.3,28,27,iPhone
287,churned,119,96,264,230,150,7,951.0,353.2,6,6,iPhone
289,retained,189,162,420,1787,331,17,2782.4,883.8,5,5,iPhone
290,churned,13,13,28,2523,245,21,1406.7,757.4,3,0,Android
291,churned,183,149,222,1848,266,51,1624.8,1035.0,5,5,Android
292,retained,6,5,158,596,225,0,4290.1,1616.2,5,0,iPhone
293,churned,141,116,299,1158,115,33,1089.9,206.6,22,22,Android
294,retained,67,54,108,3491,57,0,918.8,745.8,13,13,Android
295,retained,35,34,171,1010,22,152,1864.1,1376.5,30,28,iPhone
296,retained,209,168,461,858,58,0,7271.7,1483.4,28,23,iPhone
297,retained,72,58,89,3266,362,119,3556.8,1681.7,21,21,iPhone
298,retained,24,19,26,2359,78,43,1017.7,811.3,9,9,iPhone
299,churned,95,77,181,812,137,166,7208.5,2471.8,0,0,iPhone
300,retained,71,57,230,3236,0,0,3296.5,1971.9,17,16,Android
302,retained,85,85,86,1910,72,86,7006.8,4708.1,28,20,Android
303,retained,21,20,80,76,133,60,5114.8,1815.3,25,23,iPhone
304,retained,82,66,218,187,0,0,3484.7,1108.4,3,3,Android
305,retained,333,268,340,1071,63,0,1404.5,478.7,19,13,iPhone
306,churned,5,5,27,1331,36,15,8281.3,3066.8,11,11,iPhone
307,retained,21,17,40,3026,258,53,1609.8,1238.5,15,11,Android
308,retained,139,115,144,1493,0,21,11976.6,7850.5,16,11,iPhone
310,retained,108,87,133,2193,193,30,10652.9,4022.2,22,13,iPhone
311,churned,11,11,65,2227,116,25,4746.9,3456.6,4,4,iPhone
312,churned,16,14,192,1013,66,28,3883.1,1991.6,2,0,Android
314,retained,27,23,66,3154,167,0,1510.3,1234.8,17,17,Android
315,retained,105,85,125,3500,516,9,4020.8,2222.2,8,8,iPhone
316,retained,23,19,314,2926,440,0,1013.5,618.7,30,24,iPhone
317,retained,64,51,104,2148,78,80,4964.0,875.9,8,5,iPhone
318,retained,275,221,377,1822,0,0,3162.1,908.6,15,13,iPhone
319,retained,17,16,406,2388,417,0,4111.6,3296.7,28,25,iPhone
320,retained,29,29,199,1406,102,0,9309.4,3684.8,19,14,Android
321,retained,38,31,47,2742,0,0,1636.7,458.3,24,23,iPhone
322,retained,10,9,13,2027,88,0,1296.9,899.4,23,22,iPhone
323,retained,115,92,187,1695,116,15,4477.2,2212.2,23,20,iPhone
324,churned,102,89,114,2212,202,1,5137.1,2385.4,11,9,Android
325,retained,63,51,230,107,0,0,1897.0,1210.3,19,19,iPhone
326,retained,145,119,163,1951,109,76,5748.9,2328.1,17,17,iPhone
327,churned,12,12,16,346,0,0,1250.3,786.0,2,2,iPhone
328,retained,38,31,146,1164,298,78,1906.6,216.5,1,0,Android
329,retained,8,8,339,327,190,0,1983.9,1199.1,14,10,iPhone
331,retained,90,90,247,3284,739,45,2223.8,356.0,27,18,Android
332,retained,27,22,114,1331,102,0,3517.8,2710.2,10,9,iPhone
334,retained,47,41,218,3140,0,58,4045.5,1917.9,21,14,iPhone
335,retained,34,27,182,1206,35,0,2833.6,2045.4,31,28,iPhone
336,churned,194,165,205,1698,199,375,1626.5,256.2,3,3,iPhone
337,retained,65,53,68,936,359,0,4320.1,530.3,23,23,Android
338,churned,251,202,330,1420,0,60,4506.5,1842.1,1,0,iPhone
339,retained,0,0,0,347,130,0,2520.9,1539.3,20,15,iPhone
340,retained,12,10,27,2717,20,3,3214.3,1687.5,28,22,Android
341,retained,186,152,216,587,220,71,3180.1,1116.5,13,13,Android
342,retained,96,77,226,3305,134,0,9975.3,1652.2,8,3,Android
343,retained,29,23,75,1733,1,0,3872.7,738.9,28,17,iPhone
344,retained,68,68,128,2153,254,0,9209.7,4332.2,28,23,iPhone
345,retained,70,57,162,256,265,0,1813.7,1028.2,4,2,iPhone
346,retained,11,11,162,1593,254,58,3147.7,374.3,16,9,iPhone
347,churned,164,131,692,3425,172,0,6742.3,1162.6,1,0,iPhone
348,churned,58,56,285,1864,716,73,4556.4,1775.6,5,0,Android
349,retained,198,159,206,1075,111,9,4052.9,1786.2,20,16,iPhone
350,retained,72,58,165,1191,227,1,2180.3,1049.6,13,9,iPhone
351,retained,142,114,164,2197,107,46,6399.9,804.4,28,22,iPhone
352,retained,26,21,95,3455,391,40,10413.5,1899.3,6,2,iPhone
353,retained,60,51,158,882,252,97,1346.6,940.6,11,11,iPhone
354,retained,25,21,48,831,27,0,4486.7,2185.4,29,22,Android
355,retained,78,64,137,134,310,47,4751.8,411.3,20,12,Android
356,retained,48,47,93,3049,699,267,6624.6,3778.2,30,29,iPhone
357,retained,16,13,182,850,237,108,8622.1,834.0,17,11,iPhone
358,retained,150,121,157,3127,132,0,2224.8,1237.3,27,25,Android
359,retained,5,5,367,1807,0,0,595.3,495.8,19,17,iPhone
360,retained,30,25,372,1382,64,0,10803.9,7725.9,27,20,iPhone
361,retained,45,45,50,195,94,30,6839.5,2139.7,16,14,iPhone
362,churned,249,200,297,1074,0,0,2361.3,1474.8,5,0,Android
363,churned,260,208,413,778,81,0,2778.6,1619.2,30,19,iPhone
364,churned,100,80,106,3064,48,155,1217.8,604.1,4,0,Android
365,retained,33,33,304,2470,56,102,4636.1,3524.2,7,7,iPhone
366,retained,21,21,54,1202,181,0,6670.9,3775.6,15,15,iPhone
367,churned,64,52,305,2593,31,0,2842.5,1413.3,10,4,iPhone
368,churned,43,35,196,2942,0,21,6112.0,257.9,3,0,Android
369,retained,29,23,348,3401,0,12,4539.4,1045.5,26,25,iPhone
370,retained,2,2,25,750,0,0,3147.6,1257.0,20,16,iPhone
371,churned,43,35,146,2568,240,19,2978.9,1766.9,0,0,iPhone
372,churned,131,105,353,789,0,43,1037.2,321.3,15,12,iPhone
373,retained,187,149,207,2289,113,0,2925.9,1217.7,13,8,iPhone
374,churned,29,29,117,3417,92,5,6436.3,2946.4,2,1,Android
375,retained,129,103,179,1731,115,38,2541.1,1764.1,10,7,iPhone
376,churned,256,209,387,2707,0,0,3309.9,660.6,1,1,iPhone
377,retained,47,47,231,1889,0,25,2733.9,810.8,26,24,Android
378,retained,48,48,73,2840,292,27,3429.6,2674.6,28,23,iPhone
379,churned,74,60,246,2500,113,0,6527.3,2332.1,6,4,iPhone
380,churned,29,25,285,2847,23,176,1981.5,858.5,11,11,Android
381,retained,42,41,150,1698,163,0,2795.7,982.3,16,14,iPhone
382,retained,150,120,400,2942,30,25,3583.1,2154.8,20,12,Android
383,retained,76,61,314,1033,514,47,4386.3,3195.9,22,13,iPhone
384,retained,25,21,44,2974,37,5,3361.7,826.1,1,1,iPhone
385,churned,43,35,95,3175,20,19,2615.2,1285.6,4,1,Android
386,churned,78,63,234,1143,17,17,3805.0,1536.1,10,9,iPhone
387,retained,116,93,400,2010,4,28,792.0,527.0,23,14,iPhone
388,retained,111,89,396,94,16,0,1614.8,1097.2,14,14,iPhone
389,retained,113,91,180,3229,64,49,5349.9,2001.2,27,17,iPhone
390,retained,7,6,28,2859,0,0,9629.7,3754.2,21,14,iPhone
391,retained,50,50,78,156,11,3,4025.6,1528.3,17,13,Android
392,churned,42,34,63,565,171,104,5300.2,2540.1,20,15,Android
393,retained,226,182,448,289,16,0,3214.0,2218.3,16,11,iPhone
394,retained,29,25,66,674,0,26,2305.7,695.9,29,22,Android
395,churned,30,30,184,7,2,23,6630.2,4540.3,4,4,iPhone
396,retained,370,299,426,1321,75,0,3303.0,200.2,25,18,iPhone
397,retained,4,3,98,3301,0,83,1553.2,1186.5,0,0,Android
398,retained,80,64,126,533,43,4,4281.8,2084.1,27,18,iPhone
399,retained,12,11,109,159,0,80,3462.9,2019.3,26,18,iPhone
400,retained,20,17,37,3494,88,0,8877.6,2811.8,29,25,iPhone
401,retained,20,20,192,1660,24,38,1631.8,1063.8,22,16,iPhone
402,retained,159,127,175,1526,0,0,3298.7,2559.8,28,19,Android
403,retained,3,3,119,2043,24,130,3366.7,1539.0,25,23,iPhone
404,churned,73,62,149,371,268,4,4753.7,3450.8,3,3,iPhone
405,retained,16,14,418,1520,20,45,3476.3,1731.4,6,1,Android
406,retained,12,10,277,861,165,23,2696.3,776.8,24,17,iPhone
407,retained,17,17,19,3490,0,0,970.0,656.2,24,16,Android
408,churned,26,26,150,1368,39,0,3575.6,2784.6,2,0,Android
409,churned,23,19,164,1863,24,0,2374.3,936.5,0,0,iPhone
410,retained,11,11,301,1197,29,21,6811.2,2878.6,15,12,iPhone
411,retained,27,23,206,2071,0,43,1285.3,627.7,10,10,iPhone
412,retained,70,56,191,2088,50,0,2987.2,702.4,19,15,iPhone
413,retained,57,50,67,2356,59,3,7112.7,3235.6,15,11,Android
414,retained,8,7,84,834,138,0,1102.6,560.1,4,0,Android
415,retained,65,53,101,2937,207,21,1485.2,992.0,6,1,Android
416,retained,192,156,196,2007,0,57,4856.5,3542.2,27,20,iPhone
417,retained,11,11,36,2771,53,7,3983.6,2292.4,11,8,iPhone
418,retained,98,79,115,2341,0,0,5085.5,2710.4,5,5,iPhone
419,churned,476,381,572,380,118,0,6137.6,2315.3,4,4,Android
420,retained,17,14,49,1729,0,93,2597.7,615.9,18,14,iPhone
421,retained,37,37,151,3361,54,83,2713.3,395.9,7,7,Android
422,retained,43,36,144,1324,0,17,2404.9,1559.3,25,18,iPhone
423,churned,153,153,169,2875,0,0,1544.9,962.2,5,4,iPhone
424,retained,113,90,159,2770,146,21,4295.6,283.1,29,25,Android
425,retained,1,1,8,1169,121,82,2709.0,1685.5,4,4,iPhone
426,retained,17,17,46,2012,79,31,2085.3,537.9,25,19,iPhone
427,retained,7,6,327,2411,72,39,381.5,171.2,30,25,iPhone
428,churned,147,120,172,196,94,11,5708.7,3784.2,1,0,iPhone
429,churned,9,8,39,1907,68,2,1236.4,526.3,3,2,iPhone
430,retained,41,41,100,564,127,0,2447.3,857.4,22,13,iPhone
431,retained,108,87,220,2459,127,0,10853.8,2690.4,29,21,iPhone
432,retained,74,59,196,350,25,23,5908.3,1592.1,26,24,iPhone
433,retained,61,49,83,391,0,0,3283.7,975.8,7,1,iPhone
434,retained,114,91,189,2743,177,73,7942.1,1384.3,6,4,Android
435,retained,3,3,334,1525,0,42,7896.6,5860.9,3,0,Android
436,retained,7,6,41,3356,0,20,2043.6,726.8,11,11,iPhone
437,retained,68,54,130,488,442,189,3330.3,2595.9,13,8,iPhone
438,retained,18,15,283,1210,0,0,2777.6,1879.4,14,11,iPhone
439,retained,19,15,19,1052,126,4,1779.4,676.1,25,15,Android
440,retained,18,15,19,443,59,0,3353.3,2185.7,15,13,Android
441,churned,63,50,165,2141,175,0,4356.8,3215.7,6,3,Android
442,retained,87,70,112,3099,182,61,6948.3,2118.3,4,2,Android
443,retained,74,60,306,1672,159,0,2064.5,435.2,21,20,Android
444,retained,338,273,348,2778,0,19,2220.1,1725.7,17,17,iPhone
445,retained,104,83,104,71,54,126,1916.9,1074.2,9,5,iPhone
447,retained,11,11,271,482,0,32,4862.8,1073.3,20,17,iPhone
448,retained,68,59,269,2056,315,33,1636.9,854.9,24,18,Android
449,retained,81,66,132,2434,87,0,3091.2,1193.0,29,20,Android
450,retained,77,63,85,480,482,0,6811.0,3055.8,28,19,iPhone
451,churned,332,266,445,401,66,0,8587.7,5810.4,11,5,Android
452,retained,16,13,82,153,77,0,5962.4,2010.2,11,9,iPhone
453,retained,3,3,262,283,0,1,2286.1,770.4,4,4,iPhone
455,retained,39,31,407,3404,634,82,2502.9,823.8,21,17,iPhone
456,retained,43,38,196,50,586,38,8187.8,5358.8,28,24,Android
457,retained,32,26,168,2843,152,0,1249.0,541.5,25,19,iPhone
458,retained,100,81,127,2604,37,103,2513.7,1575.4,23,15,iPhone
459,churned,30,24,207,733,428,0,1488.5,1169.0,8,8,iPhone
460,churned,164,131,285,2912,195,0,1677.5,787.8,15,12,iPhone
461,retained,124,104,480,1704,229,36,7453.8,1256.1,8,3,iPhone
462,retained,6,6,30,3161,0,67,5427.3,2474.6,4,4,iPhone
463,retained,47,38,76,1779,0,0,6193.4,2873.0,23,16,Android
464,retained,41,41,283,2915,209,80,2667.9,1900.4,5,3,Android
465,churned,47,38,86,602,263,47,1852.5,1262.6,3,3,Android
466,retained,90,73,94,1520,27,0,2043.8,1453.5,23,18,iPhone
467,churned,118,95,314,1388,56,9,3051.2,1611.6,9,6,iPhone
468,retained,118,95,162,2216,508,0,4140.9,2203.4,1,0,iPhone
469,retained,15,13,59,3479,98,73,2960.5,1285.9,17,14,Android
470,retained,146,146,182,1667,414,0,1083.1,834.3,2,0,iPhone
471,retained,92,73,287,2957,265,30,4136.2,1479.0,3,0,iPhone
472,churned,250,209,257,1341,139,19,10828.2,4322.1,1,1,Android
473,retained,36,30,378,3288,308,0,1166.0,768.1,14,13,iPhone
474,retained,24,20,28,1946,71,1,3335.9,1179.6,30,26,iPhone
475,retained,19,17,152,702,135,6,5333.1,3340.5,20,12,iPhone
476,retained,163,131,254,2321,307,176,2583.1,857.7,17,11,Android
477,retained,6,6,183,749,161,21,2058.2,994.8,14,7,iPhone
478,retained,42,42,484,359,100,21,3497.0,1806.4,9,9,iPhone
479,retained,19,16,161,1313,22,0,869.2,461.4,30,19,iPhone
480,retained,132,110,133,2125,14,0,10504.3,8165.1,9,9,Android
481,retained,124,118,241,2395,74,0,2508.7,247.4,26,26,iPhone
482,retained,80,65,334,2707,230,3,1320.6,942.3,14,11,iPhone
483,retained,9,7,39,2306,23,12,7100.8,4602.4,19,19,iPhone
484,retained,122,97,291,2125,164,0,6870.1,4700.5,4,3,iPhone
486,retained,72,57,181,2939,139,0,1830.9,494.1,1,1,iPhone
487,churned,19,15,23,2672,38,37,5084.6,1007.3,27,25,iPhone
488,churned,72,59,492,3268,0,0,6067.5,944.3,8,8,iPhone
489,retained,171,137,183,1818,126,54,1750.3,971.1,16,14,iPhone
490,retained,15,13,30,2308,75,62,15881.2,10114.8,28,21,iPhone
491,churned,38,31,97,1439,294,128,3587.5,1197.8,15,8,iPhone
492,retained,32,25,34,3214,204,31,5002.6,2300.2,11,6,iPhone
493,retained,49,39,100,329,5,84,2742.7,914.2,31,22,Android
494,retained,91,73,115,3241,130,64,9897.8,3530.3,8,8,Android
496,churned,71,60,126,433,0,5,694.3,345.7,2,0,Android
497,retained,73,59,184,486,9,0,1798.5,1296.5,28,18,iPhone
498,retained,10,9,49,1425,117,21,6370.6,2471.1,8,8,iPhone
499,retained,11,11,87,2723,142,0,5574.4,2436.8,17,13,Android
500,retained,57,46,86,1331,0,110,1990.4,1294.2,20,13,iPhone
501,retained,266,213,280,3016,118,0,6128.8,1351.9,25,17,iPhone
502,retained,151,128,176,3134,0,0,2633.8,1419.7,23,15,Android
503,retained,74,65,247,2903,526,0,3868.8,1493.0,19,11,Android
504,retained,80,64,96,2389,94,2,1274.7,959.3,7,7,iPhone
505,retained,62,50,156,1909,10,38,2241.4,1825.5,20,11,iPhone
506,churned,25,24,44,557,170,0,2271.1,938.7,10,4,Android
507,retained,36,33,49,2074,50,0,2843.9,1920.5,13,10,iPhone
508,retained,31,27,125,1280,16,0,2654.7,2083.7,28,19,iPhone
509,retained,44,44,163,2654,236,0,1074.8,516.7,2,2,iPhone
510,churned,49,40,217,116,135,62,3056.3,2198.5,6,4,iPhone
511,retained,17,14,119,2985,34,0,6645.7,341.4,24,22,iPhone
512,retained,226,226,273,123,195,11,3711.6,2387.4,12,12,iPhone
513,retained,61,61,220,317,7,19,2203.2,1034.9,18,17,iPhone
514,retained,2,2,78,2897,0,10,5954.0,629.6,3,0,iPhone
515,retained,40,40,277,777,927,0,2452.8,1701.0,19,16,iPhone
516,churned,253,202,264,1772,204,117,9305.7,4575.4,20,12,Android
517,churned,14,12,43,2190,0,0,6258.0,1098.8,5,5,iPhone
518,retained,132,106,153,3216,217,72,2415.9,746.3,15,8,iPhone
519,retained,128,102,181,943,0,0,3778.8,649.6,2,0,iPhone
520,retained,86,69,98,846,99,23,4661.2,2091.3,17,17,iPhone
521,retained,6,5,29,558,19,7,2400.7,885.8,22,15,iPhone
522,retained,82,68,185,2002,0,0,1132.5,933.9,5,0,iPhone
523,retained,421,337,458,1608,11,108,2324.9,895.2,31,28,Android
524,retained,42,35,201,28,5,0,3401.6,1374.4,7,2,iPhone
525,retained,8,6,84,2924,86,112,3384.7,981.0,5,5,Android
526,retained,246,197,297,1790,40,0,2126.4,399.9,11,11,iPhone
527,retained,100,81,151,917,0,0,10096.8,3869.5,23,14,Android
528,retained,92,74,168,3215,0,0,2430.4,1476.6,5,4,Android
529,retained,37,37,201,809,22,0,5546.7,1683.3,2,2,Android
530,retained,81,65,98,2392,44,38,3417.3,327.2,27,17,iPhone
531,retained,43,35,112,1836,0,0,8466.6,3601.7,16,14,iPhone
532,retained,185,152,264,818,57,131,2200.2,877.7,2,0,Android
533,retained,26,24,92,3012,0,0,4471.1,1249.6,31,23,iPhone
534,retained,21,17,47,976,168,13,3198.7,1686.2,28,20,iPhone
535,retained,79,66,117,3233,131,0,3792.2,2142.7,9,9,iPhone
536,retained,200,161,360,2431,58,7,2210.1,1650.7,19,16,Android
537,retained,27,24,157,2646,190,112,11174.1,2541.9,25,25,Android
538,retained,32,30,51,782,95,0,3673.0,1403.6,30,24,Android
539,churned,12,11,77,451,26,22,5907.5,3841.0,19,13,iPhone
540,retained,121,100,125,2718,17,0,1027.9,557.2,7,4,Android
541,retained,4,4,724,379,215,7,3197.1,2292.8,18,18,iPhone
542,churned,180,145,368,2279,24,60,3944.8,1056.1,10,6,Android
543,retained,113,91,274,2800,58,0,3775.9,852.3,17,10,Android
544,retained,166,138,167,3214,0,43,4842.7,1967.5,11,11,Android
545,churned,23,21,119,1907,104,0,10383.4,5418.6,24,19,Android
546,retained,1,1,121,3257,192,0,3084.7,1311.7,10,9,Android
547,retained,86,71,210,2509,0,8,5589.7,2794.5,23,20,Android
548,churned,65,65,137,1648,93,3,5117.4,3631.8,0,0,Android
549,retained,69,62,267,1500,38,52,967.4,682.3,11,6,iPhone
550,retained,67,54,415,2187,48,0,3802.0,1812.8,24,15,iPhone
551,retained,57,57,115,3118,0,124,2389.6,1692.6,7,7,iPhone
552,retained,10,10,132,1452,50,0,1904.4,578.6,30,28,iPhone
553,retained,35,35,59,791,227,26,167.5,105.4,30,23,iPhone
554,retained,41,33,238,2899,0,36,2004.2,886.8,10,10,iPhone
555,retained,72,60,161,1569,0,8,7241.8,4772.8,24,17,iPhone
556,churned,54,45,63,1472,233,273,3018.9,2299.2,9,9,iPhone
557,retained,10,9,53,1735,0,8,2835.4,206.7,23,22,iPhone
558,retained,3,3,37,954,80,97,9496.9,1035.0,7,7,Android
559,retained,11,9,96,3275,7,51,3740.1,2350.1,22,18,iPhone
560,retained,156,125,298,3161,0,97,2943.5,1218.8,17,9,iPhone
561,retained,129,108,141,2962,202,0,1954.6,1617.7,26,19,iPhone
562,churned,169,135,187,333,50,27,1481.2,806.8,6,0,iPhone
563,churned,188,151,232,645,326,38,2651.2,205.1,9,9,iPhone
564,retained,156,129,225,2487,186,0,2117.9,815.5,12,5,iPhone
565,churned,184,148,187,676,40,0,5943.7,4305.7,24,18,iPhone
566,retained,46,38,257,3262,495,0,6373.8,888.3,16,8,iPhone
567,retained,118,96,143,2214,3,24,1318.0,851.4,24,20,iPhone
568,churned,31,28,75,2055,802,0,5173.7,2464.0,14,9,Android
569,retained,138,113,223,402,250,0,8677.9,4216.5,17,10,Android
570,retained,87,87,184,3430,133,24,5031.2,3640.3,11,11,iPhone
571,retained,49,42,103,272,288,0,2303.8,1791.1,13,9,Android
572,churned,8,7,134,2088,0,2,1664.2,1337.5,14,9,Android
573,retained,215,173,269,2572,160,17,3085.8,1387.7,22,20,iPhone
575,retained,46,37,355,3127,385,93,3816.7,1898.9,14,7,iPhone
576,retained,16,16,190,623,280,0,2914.2,1829.6,22,19,iPhone
577,retained,185,148,217,2056,35,17,1968.3,1140.2,30,28,Android
578,retained,29,23,49,2487,0,0,9583.9,7817.8,25,24,iPhone
579,retained,42,34,147,3020,26,1,4549.4,2431.9,3,3,Android
580,retained,12,10,338,1285,0,82,5680.2,3153.9,25,19,iPhone
581,retained,52,52,174,1995,377,24,3198.7,2274.5,13,7,iPhone
582,retained,128,106,268,2507,0,38,4509.7,1255.1,29,27,iPhone
583,retained,48,38,100,1797,139,0,1248.4,731.8,16,8,iPhone
584,retained,68,55,124,1077,182,37,2399.0,552.2,22,22,iPhone
585,retained,41,33,164,3044,164,20,3128.5,2013.1,10,6,iPhone
586,retained,5,5,20,1096,0,84,2567.5,1434.1,21,18,iPhone
587,retained,85,71,127,1786,143,16,6864.2,2702.3,5,5,iPhone
588,retained,71,62,174,2590,35,34,9326.5,6614.7,18,15,iPhone
589,retained,36,29,60,2068,12,58,9566.8,4553.7,11,6,Android
590,retained,88,71,169,2358,0,0,9125.7,895.0,15,11,iPhone
591,churned,40,38,83,136,6,129,7020.4,5792.1,9,9,iPhone
593,retained,344,279,563,2124,450,5,3954.1,1491.4,26,24,iPhone
594,retained,73,60,206,3275,32,8,4272.4,2319.9,6,2,Android
595,retained,1,1,10,2091,0,0,5456.8,2618.5,7,7,iPhone
596,retained,13,11,34,2610,0,0,2041.8,698.5,21,13,iPhone
597,retained,53,48,385,2287,0,0,5177.6,1692.5,7,6,iPhone
598,retained,62,50,144,2819,0,19,924.4,657.8,27,23,Android
599,retained,84,69,207,1071,184,155,6209.5,3639.0,6,6,iPhone
600,retained,27,27,221,2213,128,0,1559.1,136.7,8,8,iPhone
601,retained,1,1,99,1119,566,62,4709.8,1040.0,28,27,iPhone
602,churned,200,161,529,289,0,185,5871.8,1296.7,22,20,Android
603,churned,19,15,174,1921,454,144,4469.4,2469.1,20,17,Android
604,retained,74,60,196,1808,28,14,3860.4,2317.6,12,6,iPhone
605,retained,71,57,208,2560,140,88,835.8,181.2,13,13,iPhone
606,churned,41,33,187,2743,84,0,2728.5,1961.8,8,8,iPhone
607,retained,23,22,83,1811,157,137,1302.4,206.3,24,21,iPhone
608,retained,24,24,144,1868,372,55,6337.9,4350.1,21,14,Android
609,retained,5,4,102,1867,271,13,930.6,520.8,14,13,iPhone
610,retained,112,90,176,2176,0,61,1648.4,1272.2,4,4,iPhone
611,retained,105,86,105,599,0,0,2596.5,2144.6,6,1,iPhone
612,retained,3,2,24,3358,0,95,5169.3,1341.1,24,16,iPhone
613,retained,13,12,100,2640,168,20,3884.8,1293.5,25,21,iPhone
614,retained,94,78,100,3084,118,34,1966.0,1277.4,27,24,Android
615,retained,1,1,40,3175,57,60,10527.9,932.9,22,20,iPhone
616,churned,44,44,177,2826,80,4,3631.7,1994.2,4,3,Android
617,retained,43,34,101,2356,77,14,6067.1,1913.9,21,17,Android
618,retained,31,25,37,2759,0,0,3185.8,2574.3,29,22,iPhone
619,retained,64,54,76,1484,23,0,2325.0,578.6,23,14,iPhone
620,retained,140,113,310,1133,116,99,5137.4,1403.6,5,2,iPhone
621,retained,11,10,147,629,0,0,3286.3,1895.8,21,15,iPhone
622,churned,249,200,284,2153,73,19,19214.5,6599.4,8,2,Android
623,retained,16,14,105,1891,12,0,5752.1,842.1,3,2,iPhone
624,retained,17,14,17,595,15,23,502.2,128.4,5,0,iPhone
625,retained,48,39,82,1909,56,0,2148.8,603.7,19,16,Android
626,retained,35,28,97,1586,0,36,2257.0,561.8,29,22,Android
627,churned,354,334,388,1702,102,69,2675.6,1769.2,19,18,iPhone
628,retained,170,140,451,1188,20,0,9072.2,244.0,16,15,Android
629,retained,73,60,256,2294,61,0,6170.1,4448.1,9,9,iPhone
630,churned,8,6,45,2304,19,5,2473.9,1571.9,0,0,iPhone
631,retained,42,35,116,1935,196,0,4588.1,3137.5,5,5,iPhone
632,retained,77,62,130,2512,173,0,3865.3,1862.6,13,7,Android
633,retained,60,49,142,3441,37,56,13440.9,6327.6,15,12,iPhone
634,churned,13,10,44,2790,0,22,2499.9,1653.2,11,11,iPhone
635,retained,109,88,463,469,273,0,8664.9,4267.5,21,12,Android
636,retained,37,31,499,3402,72,123,2614.9,1567.2,23,14,Android
637,churned,180,166,213,1448,232,0,2966.6,1042.1,14,14,Android
638,retained,6,5,52,599,110,153,3607.0,1642.6,21,17,Android
639,retained,50,50,226,2735,528,5,5304.4,2463.9,12,12,iPhone
640,retained,191,169,191,1225,37,0,2227.4,1267.2,8,8,Android
641,retained,44,38,69,723,326,0,383.5,264.3,21,15,Android
642,retained,156,128,254,2050,0,50,3453.2,1792.1,28,21,iPhone
643,retained,52,43,99,786,23,0,6337.9,4412.7,7,7,iPhone
644,retained,213,172,241,2121,402,0,2441.8,1665.5,25,15,iPhone
645,churned,32,29,114,1908,311,8,965.4,415.1,3,1,Android
646,retained,135,119,264,902,45,36,4557.4,3535.7,16,16,Android
647,churned,104,96,265,3479,15,0,2322.1,917.6,21,14,Android
648,retained,53,43,71,3113,26,4,1874.7,948.1,23,14,iPhone
649,retained,51,44,106,523,0,90,5557.4,1716.8,23,23,iPhone
650,retained,286,229,368,92,165,33,4589.6,2051.7,5,4,Android
651,retained,43,34,96,2974,0,4,6033.4,1580.2,9,9,iPhone
652,retained,19,19,174,2421,55,0,2350.0,1552.9,27,18,iPhone
653,retained,56,45,274,1054,0,7,2798.9,1210.2,7,1,iPhone
654,retained,190,156,287,431,171,40,2766.8,1347.4,5,3,Android
655,retained,7,7,33,1896,0,0,5444.2,1206.9,28,19,iPhone
656,retained,90,74,132,871,175,55,2577.9,2071.8,30,25,Android
657,retained,65,52,96,1071,1,78,5654.6,4414.8,30,28,iPhone
659,retained,8,6,518,1194,0,0,1203.6,697.4,26,18,iPhone
660,retained,76,61,138,3163,332,26,2521.7,523.1,1,1,iPhone
661,churned,125,100,148,3264,90,2,1539.6,467.4,5,5,iPhone
662,retained,184,156,199,974,366,0,5959.3,1987.5,8,1,iPhone
663,retained,310,249,413,1736,110,2,698.4,462.6,19,13,iPhone
664,retained,191,161,247,1902,0,0,3049.6,1558.5,28,18,Android
665,retained,54,47,363,1645,25,120,6266.8,4110.4,3,3,iPhone
666,churned,199,163,303,2171,29,0,5337.8,1197.4,7,6,iPhone
667,retained,45,45,110,1449,321,10,4045.8,1923.8,26,23,iPhone
668,churned,104,83,299,274,9,54,2521.5,1212.9,10,5,iPhone
669,retained,131,108,481,2320,11,4,6566.4,4558.5,18,16,iPhone
670,retained,118,95,288,1795,1,194,3722.9,190.4,21,14,iPhone
671,retained,39,32,154,2261,0,70,1483.5,707.2,8,3,iPhone
672,churned,110,89,128,3252,0,107,5710.2,4748.8,7,7,iPhone
673,retained,342,274,420,30,52,0,7540.6,795.6,30,27,iPhone
674,retained,29,24,157,1734,518,62,3749.9,947.4,26,21,Android
675,retained,22,18,91,3431,662,47,4545.2,988.2,31,21,iPhone
676,churned,7,6,121,380,117,61,1174.7,313.9,25,18,Android
678,churned,189,151,217,2004,46,0,2654.7,2123.0,2,2,iPhone
679,retained,75,60,336,3212,34,0,3654.1,785.8,26,20,Android
680,retained,102,89,218,891,324,32,4403.3,1932.1,25,24,iPhone
681,retained,6,6,246,863,485,33,1143.7,401.6,18,12,iPhone
682,churned,36,29,80,2175,346,72,4533.4,2994.8,24,15,Android
683,retained,328,263,404,1507,60,45,3342.8,234.6,16,15,iPhone
684,retained,188,164,200,1483,17,6,4063.1,1718.8,3,3,iPhone
685,retained,189,152,360,2852,155,11,10191.3,1807.3,28,20,iPhone
686,retained,103,83,138,663,142,2,5258.7,2695.3,15,9,iPhone
687,retained,25,25,64,25,0,0,878.8,183.7,25,18,Android
688,retained,202,202,256,471,61,41,6103.6,2827.6,24,14,Android
689,churned,30,30,81,1039,0,0,7679.6,490.2,22,16,iPhone
691,retained,99,87,215,2234,120,0,4305.6,2483.3,25,19,Android
692,retained,65,52,96,3092,163,0,8558.4,3737.2,13,7,Android
693,retained,18,18,442,2535,99,0,4141.9,2476.3,21,17,Android
694,churned,387,309,457,773,312,52,4864.5,1668.7,15,11,iPhone
695,retained,118,95,198,1813,58,0,780.7,647.1,15,14,iPhone
696,retained,69,58,241,3265,57,64,4620.9,3551.5,17,17,iPhone
697,retained,77,69,97,207,189,62,1284.9,982.0,17,16,iPhone
698,retained,148,119,152,1166,0,18,1317.5,871.6,8,4,iPhone
699,retained,256,206,319,3322,59,57,2376.5,820.4,17,17,iPhone
700,retained,91,73,228,3069,112,33,4579.5,765.2,17,10,Android
701,retained,191,153,322,3032,334,0,10745.6,7157.1,21,20,iPhone
702,retained,38,31,59,1376,0,0,4754.9,3905.1,7,3,iPhone
703,retained,84,69,90,1628,32,0,5465.9,1827.3,11,10,iPhone
704,churned,96,80,182,1292,6,45,1932.7,440.7,0,0,iPhone
705,retained,179,143,307,2981,94,0,2010.3,710.6,11,11,Android
706,churned,70,58,149,186,457,0,2258.1,632.3,14,14,iPhone
707,retained,270,216,436,1743,1,0,2897.5,693.1,25,21,Android
708,retained,24,19,52,1239,40,0,5900.0,3676.1,25,17,iPhone
709,retained,131,105,152,1906,489,49,11271.9,3709.6,5,1,iPhone
710,retained,23,20,47,2128,152,0,3416.1,1769.4,27,18,iPhone
711,retained,38,32,137,307,39,0,7563.8,4415.7,5,1,iPhone
713,retained,194,192,258,1575,0,47,5081.6,3633.4,9,9,iPhone
714,churned,40,33,287,340,342,0,3450.7,605.8,20,20,Android
715,retained,66,53,145,2631,669,29,6606.7,2628.8,7,2,iPhone
716,retained,10,10,91,1490,0,0,3253.4,263.5,26,23,iPhone
717,retained,2,2,27,1241,94,9,3778.2,1224.3,24,22,iPhone
719,retained,315,252,345,3028,168,17,3898.0,2294.0,19,16,iPhone
720,retained,143,114,300,3338,0,125,7912.3,6066.4,18,18,iPhone
721,retained,138,110,154,2501,230,24,2625.0,1130.1,1,1,iPhone
722,churned,27,27,393,366,38,55,7339.2,2163.4,1,0,Android
723,churned,124,101,198,2761,485,21,9550.6,6010.7,18,10,iPhone
724,retained,32,26,373,1898,205,9,3269.9,2214.1,7,7,Android
725,churned,135,108,160,1442,27,0,760.4,544.5,20,13,iPhone
726,retained,150,150,271,2006,102,0,1826.7,1502.8,15,11,iPhone
727,retained,87,70,653,2851,0,5,2566.6,1635.8,15,14,iPhone
728,retained,136,109,193,1672,105,42,5364.4,1610.7,27,18,Android
729,retained,28,27,55,1584,10,18,7613.9,4137.3,25,23,iPhone
730,churned,125,104,145,1058,201,54,3442.2,2314.5,2,2,iPhone
731,retained,98,80,123,2706,436,5,3632.8,1992.2,28,21,iPhone
732,retained,23,19,41,2785,14,19,2565.8,134.8,4,1,iPhone
733,retained,32,32,196,1752,115,18,2564.5,1058.0,6,6,Android
734,retained,18,15,27,1135,430,0,1333.8,166.9,31,29,iPhone
735,retained,76,61,122,2276,259,93,2203.9,1156.4,9,9,iPhone
736,retained,78,63,147,3356,232,22,3984.1,2524.3,29,26,iPhone
737,retained,250,207,463,2223,37,0,3394.6,1157.9,13,9,iPhone
738,retained,53,43,215,381,0,0,1013.0,782.7,1,0,iPhone
739,churned,114,92,150,2079,643,0,1931.3,1423.3,6,6,iPhone
740,retained,8,8,176,2856,50,149,6825.7,3449.3,3,3,iPhone
741,churned,7,7,319,1975,42,102,2626.5,1226.9,8,6,iPhone
742,churned,94,76,154,2590,0,97,10057.5,7273.6,3,3,Android
743,retained,18,15,352,1147,289,0,4573.3,1769.4,25,21,iPhone
744,retained,5,4,83,2465,131,0,1673.8,1254.5,5,5,iPhone
745,retained,61,50,151,232,22,0,5677.9,2479.1,14,8,Android
746,retained,33,31,83,1059,0,47,1879.8,1383.8,17,11,Android
748,retained,68,55,384,737,33,79,8743.8,3347.1,7,7,Android
749,retained,164,132,168,816,0,30,1601.7,938.9,18,12,Android
750,churned,0,0,264,2233,175,151,3020.2,1707.6,11,11,Android
751,churned,43,37,168,430,0,6,3595.9,2781.9,31,23,iPhone
752,retained,31,31,86,2990,113,0,4764.7,644.3,13,13,iPhone
754,retained,267,217,318,3487,126,122,8194.7,6592.6,27,20,iPhone
755,retained,164,133,392,3133,46,29,3229.6,2311.1,16,16,Android
756,retained,100,82,171,1438,227,42,8661.6,6874.4,31,28,Android
757,retained,9,9,53,2439,127,0,2160.0,1772.2,12,12,iPhone
758,retained,19,19,232,577,85,8,4839.5,2301.7,4,0,iPhone
759,retained,41,33,109,3415,46,63,2987.2,1570.5,28,20,iPhone
760,retained,8,7,271,773,115,0,11787.6,7000.3,31,26,iPhone
761,retained,103,83,560,1035,3,0,963.1,646.5,19,17,Android
762,retained,3,3,119,1361,0,10,2531.2,1185.7,20,20,iPhone
763,retained,19,18,50,1597,4,0,1999.8,805.1,9,5,iPhone
764,retained,82,74,190,2704,25,0,2443.8,1892.0,15,14,iPhone
765,retained,24,20,25,269,102,3,1586.5,926.6,1,1,iPhone
766,retained,26,25,117,2610,7,0,7659.1,2112.4,17,10,iPhone
767,retained,94,76,95,3286,5,192,2885.8,1086.3,10,5,iPhone
768,retained,103,83,295,1051,72,56,3115.0,1553.9,1,1,Android
769,churned,148,120,379,1117,146,0,4858.0,2318.1,0,0,iPhone
770,churned,18,15,169,618,21,31,7258.6,5516.2,10,4,iPhone
771,retained,20,20,34,1060,44,2,6475.6,1807.4,12,12,iPhone
772,retained,30,30,51,3177,44,5,1941.7,1255.0,2,2,iPhone
774,retained,62,50,166,2821,61,44,3843.4,259.1,26,17,iPhone
775,retained,170,139,234,2866,49,14,4750.6,1465.6,29,19,Android
776,churned,67,54,80,1063,0,0,1087.7,877.6,8,8,iPhone
777,churned,274,219,388,727,261,12,10922.8,6014.3,4,2,Android
778,retained,14,12,137,2683,34,2,2412.4,1099.8,20,17,Android
779,retained,23,19,38,53,498,21,5517.3,3840.9,0,0,iPhone
781,churned,183,149,282,747,48,0,14481.5,6616.8,9,5,Android
782,retained,57,46,200,3077,25,28,4913.3,528.2,8,6,iPhone
783,retained,8,7,40,1909,93,0,3842.2,2511.4,15,15,iPhone
784,churned,5,5,48,2506,195,0,1423.0,830.8,13,7,Android
785,retained,133,110,210,1992,120,8,3070.0,1350.5,27,25,Android
786,retained,125,125,411,1493,28,71,7932.2,2623.6,12,10,iPhone
787,retained,4,4,48,1322,101,0,14361.7,9711.4,6,6,Android
788,retained,101,81,319,2456,0,285,9139.7,1511.5,11,11,iPhone
789,retained,153,123,307,238,77,76,11534.1,2099.7,20,17,iPhone
790,retained,63,51,355,388,108,33,2556.0,633.6,7,1,iPhone
791,retained,50,40,85,3400,51,0,3617.6,389.6,13,10,iPhone
792,churned,285,228,437,2093,7,33,3527.5,1005.2,2,0,iPhone
793,churned,20,19,307,1918,0,73,4910.4,1115.3,5,5,Android
794,retained,39,34,111,37,176,0,5580.7,3097.7,10,9,iPhone
795,retained,37,30,72,1398,29,29,2645.6,414.2,5,5,iPhone
796,retained,130,128,169,2928,42,74,1945.1,1439.5,2,2,Android
797,retained,26,21,53,2799,147,26,2570.2,1424.2,20,14,Android
798,retained,94,75,95,1992,70,32,4704.0,3676.9,22,13,Android
799,retained,43,43,145,659,0,3,2725.2,1754.6,23,14,iPhone
800,churned,52,46,76,2463,436,7,3911.3,1494.3,2,2,Android
801,retained,71,58,124,3196,117,29,7329.9,1666.8,25,16,iPhone
802,retained,92,81,293,514,276,44,7686.1,1207.8,19,13,iPhone
803,retained,49,39,618,78,126,51,4772.5,2837.0,28,20,iPhone
804,retained,419,336,436,1493,137,3,560.9,364.9,21,15,Android
805,churned,33,28,63,2552,56,0,8050.6,3344.8,14,10,iPhone
806,churned,69,56,147,1350,242,46,4672.4,2557.7,5,5,iPhone
807,retained,136,119,188,2607,89,32,1518.0,1010.8,4,4,iPhone
808,retained,65,53,150,1303,0,24,3760.8,2761.4,24,24,iPhone
809,retained,62,51,170,2455,140,187,1526.5,340.1,13,8,iPhone
810,retained,52,42,99,1647,23,0,6870.4,4935.3,2,0,iPhone
811,retained,20,16,107,2122,199,49,3934.5,3052.5,29,19,iPhone
812,retained,24,21,247,289,154,0,3282.1,2571.0,3,3,iPhone
813,retained,1,1,46,369,144,0,4383.8,3608.8,12,9,Android
815,retained,27,24,362,2283,0,0,1008.2,597.2,26,18,Android
816,churned,32,28,349,18,175,260,4260.8,1758.8,13,7,iPhone
817,retained,206,165,278,1966,124,0,1079.3,487.0,26,21,iPhone
818,retained,82,66,89,1120,128,19,2923.4,977.2,24,24,iPhone
819,retained,307,246,414,900,251,0,3932.2,784.2,8,3,iPhone
820,retained,342,274,660,1661,154,96,1715.0,1227.6,16,15,iPhone
821,retained,20,16,559,2769,0,75,10466.2,4201.1,29,24,iPhone
822,retained,83,66,388,3339,0,40,3684.3,2992.7,6,2,iPhone
823,churned,144,116,250,2136,335,17,1519.6,317.4,6,5,iPhone
824,retained,56,45,82,701,80,32,1514.9,690.6,20,15,Android
825,retained,89,71,503,1251,282,35,1490.4,693.8,3,3,iPhone
826,retained,69,56,263,3256,62,0,5987.0,3556.9,29,26,Android
827,retained,82,66,83,3432,0,46,3441.2,1728.6,8,2,iPhone
828,retained,157,126,415,159,172,108,5232.9,3934.5,30,19,iPhone
829,churned,22,22,41,355,217,61,6440.1,789.9,9,9,Android
830,retained,127,103,233,1345,85,6,716.7,305.6,30,25,Android
831,retained,0,0,238,3179,0,0,1996.6,636.5,18,10,Android
832,retained,56,50,140,3050,0,50,3600.6,552.5,12,12,iPhone
834,retained,31,25,56,2736,126,0,3436.1,2628.7,6,6,iPhone
835,retained,35,35,114,559,88,126,1674.8,171.7,4,4,Android
836,churned,106,92,124,944,9,0,2974.7,2324.0,15,12,iPhone
837,retained,6,5,196,1299,13,2,832.8,491.9,29,22,iPhone
838,retained,102,83,257,1925,129,0,1928.7,1170.8,12,12,iPhone
839,retained,29,25,34,2972,55,11,3565.2,2609.5,15,14,iPhone
840,retained,341,279,670,2929,334,0,2285.5,320.6,24,18,Android
841,retained,9,9,93,1663,255,0,2655.7,1847.2,28,20,iPhone
842,retained,517,416,535,1758,14,0,3557.4,599.9,26,21,iPhone
843,retained,7,6,87,450,88,25,10291.2,1358.5,0,0,iPhone
844,retained,1,1,414,3177,368,45,2908.0,1130.4,7,7,iPhone
845,retained,34,29,105,1613,0,0,3861.0,2592.1,23,19,iPhone
846,churned,30,24,164,3269,19,215,4301.9,646.5,25,22,iPhone
847,retained,109,94,268,2851,136,0,3712.0,2209.7,31,23,Android
848,retained,68,56,112,2503,68,12,1129.4,455.7,30,19,Android
849,retained,89,72,141,1292,167,72,1772.1,876.4,29,24,iPhone
850,retained,92,77,386,1197,333,80,3295.1,1390.8,28,24,iPhone
851,retained,16,16,41,361,325,13,3804.0,2560.6,15,15,iPhone
852,churned,21,18,116,2248,127,35,4781.1,1070.2,6,1,Android
853,retained,104,86,155,3489,294,0,820.0,515.4,5,5,iPhone
854,retained,119,95,309,1208,25,86,3341.3,922.6,2,0,iPhone
855,churned,81,65,113,1021,346,0,499.6,296.3,4,3,iPhone
856,retained,26,21,152,1423,0,0,5972.7,2826.4,17,9,iPhone
857,retained,30,24,122,1320,0,0,8957.0,1110.2,2,0,Android
858,retained,1,1,58,2902,73,64,2023.9,1055.0,12,8,Android
859,retained,16,14,72,311,0,55,5670.9,3533.7,9,5,Android
860,churned,42,34,265,697,178,0,6684.6,3127.1,8,4,iPhone
861,retained,35,35,180,1457,45,69,10840.7,7779.8,16,9,Android
862,retained,87,70,127,106,108,19,5573.4,4584.1,1,0,iPhone
863,retained,92,73,248,2562,307,0,4412.3,2238.4,4,4,Android
864,retained,44,36,190,3188,251,15,8884.9,6480.6,18,17,Android
865,retained,34,28,103,1650,80,0,7019.7,2323.9,25,23,iPhone
867,retained,7,6,111,3275,251,45,2655.0,1155.9,6,0,Android
868,retained,38,31,115,3411,38,0,5737.8,2727.9,23,16,iPhone
869,retained,32,27,196,1222,221,97,8236.0,2274.4,16,16,iPhone
870,retained,111,111,116,3011,245,0,1163.5,951.8,24,16,iPhone
871,retained,18,18,338,3096,88,0,2843.1,2048.9,24,22,iPhone
872,retained,57,46,584,1566,710,225,2680.1,1431.6,17,9,iPhone
873,retained,5,4,65,3174,0,104,6515.8,4664.2,5,5,iPhone
875,retained,166,133,291,2950,80,0,4538.9,2595.7,18,12,iPhone
876,retained,60,51,100,2269,187,39,7314.3,1141.8,10,6,iPhone
877,retained,536,430,599,2986,445,13,2174.6,32.2,16,12,iPhone
878,retained,205,167,343,340,10,0,2151.1,699.6,18,18,iPhone
879,churned,116,92,131,2112,110,28,2259.7,865.4,14,14,Android
880,retained,73,64,124,1988,420,3,2408.7,975.1,12,10,iPhone
881,retained,14,13,278,1179,199,38,2154.5,703.0,25,23,iPhone
882,retained,65,55,97,688,130,47,6720.3,2160.7,27,26,iPhone
883,churned,191,155,293,3199,3,0,2663.1,1501.0,15,15,iPhone
884,retained,28,23,224,36,0,0,3454.4,2641.7,20,19,Android
885,retained,119,95,137,1539,56,28,3386.9,2288.0,28,21,iPhone
886,retained,152,122,295,2024,365,27,4010.4,1148.4,20,20,iPhone
887,retained,87,70,784,2687,0,2,2493.1,443.9,23,15,iPhone
888,retained,18,18,120,2053,248,0,1174.2,495.8,22,18,iPhone
889,retained,279,223,341,1738,14,0,1313.2,379.9,26,19,iPhone
890,churned,75,60,111,1309,177,0,1876.8,374.1,1,0,iPhone
891,retained,23,19,370,1430,38,0,5215.0,3558.8,30,19,iPhone
892,retained,107,86,363,440,182,20,3923.3,2579.2,28,24,Android
893,retained,4,4,39,2671,209,0,5958.7,2785.8,28,19,Android
894,retained,53,53,109,1312,333,119,1441.2,1142.8,6,1,Android
895,retained,198,198,213,1062,15,33,3237.2,1441.9,12,6,iPhone
896,retained,142,115,145,27,160,4,5311.3,3207.5,27,22,iPhone
897,retained,93,75,120,656,86,0,3444.7,1707.5,16,10,iPhone
898,churned,76,76,132,2611,125,0,3443.0,767.2,1,0,iPhone
899,retained,40,37,44,3346,182,2,765.2,527.1,5,5,Android
900,retained,306,246,450,851,0,105,1940.1,826.5,30,28,iPhone
901,retained,13,13,94,2412,249,58,5687.6,2656.8,14,9,iPhone
902,retained,132,111,248,2685,222,111,2538.1,618.6,15,15,iPhone
903,retained,44,36,243,1815,3,36,3594.1,1838.6,2,2,Android
904,retained,115,92,174,3232,11,61,5976.3,4113.9,18,13,Android
905,churned,61,57,160,2078,447,41,1295.8,1073.0,24,16,iPhone
906,retained,27,23,238,528,0,26,5279.1,4103.2,17,17,iPhone
907,churned,22,20,44,790,554,12,4151.4,1569.3,3,1,iPhone
908,retained,50,40,104,577,319,0,1781.8,1190.0,15,11,iPhone
909,retained,17,17,76,2476,0,3,1272.2,847.9,25,16,iPhone
910,retained,40,34,160,3042,616,25,4987.5,1157.2,27,21,iPhone
911,churned,63,51,259,1576,181,10,2863.0,2151.0,7,6,iPhone
912,retained,17,14,110,2329,42,0,6245.0,3358.6,6,6,Android
914,retained,281,226,609,366,252,0,8168.1,2786.6,20,19,iPhone
915,retained,141,115,511,88,227,37,4502.1,3179.8,12,12,Android
916,retained,162,132,292,3219,0,218,2032.7,1456.6,16,12,iPhone
917,retained,46,46,58,628,16,15,5925.5,3336.9,25,16,Android
918,retained,34,29,193,1392,0,0,4805.9,2574.9,23,18,iPhone
919,retained,158,127,169,1755,55,0,8699.4,3830.8,1,0,iPhone
920,churned,215,175,356,2928,44,0,1612.4,395.4,23,18,iPhone
921,retained,84,67,136,1191,59,88,4895.8,1011.0,22,20,Android
922,retained,32,26,174,907,0,30,2998.5,2468.9,22,22,Android
923,retained,94,83,150,1606,16,22,6175.5,958.7,31,23,Android
924,retained,32,32,124,2939,0,0,2561.9,1813.5,27,17,iPhone
925,retained,126,101,202,1114,156,0,6231.3,2158.5,22,21,iPhone
926,retained,16,13,87,172,148,9,3578.2,1892.6,29,23,iPhone
927,retained,99,79,258,1838,19,0,2337.9,1199.0,5,5,iPhone
930,retained,103,83,112,435,0,0,6202.6,610.8,17,16,Android
931,churned,115,94,244,685,148,238,3508.9,2708.9,0,0,iPhone
932,churned,253,203,256,1794,68,0,2178.6,556.0,9,4,iPhone
934,churned,265,212,292,567,49,103,2987.1,1657.9,16,13,Android
935,retained,189,152,520,934,0,0,3520.2,812.5,7,7,iPhone
937,churned,39,32,45,315,308,32,7244.4,4309.2,20,20,iPhone
938,retained,80,69,285,750,243,96,4274.3,1641.4,25,21,Android
939,churned,33,27,35,2844,180,24,12002.3,6752.3,1,0,Android
940,churned,60,48,143,1048,14,102,4508.6,2424.8,9,7,Android
941,retained,15,13,293,1549,153,46,2882.8,1976.4,2,2,iPhone
942,retained,148,119,320,2613,197,79,4905.5,397.7,19,17,iPhone
943,retained,71,58,187,1280,364,156,536.8,257.9,26,23,Android
944,retained,268,214,301,1046,0,0,2873.6,678.6,16,13,iPhone
946,retained,192,154,246,2449,3,0,1344.7,668.0,31,25,Android
947,retained,84,68,203,445,56,0,7392.5,422.4,17,16,iPhone
948,retained,8,8,396,496,43,0,4291.2,535.5,23,19,Android
949,churned,268,233,615,2794,0,0,3467.2,2089.6,3,3,iPhone
950,retained,86,69,143,632,111,55,4801.7,739.5,15,15,iPhone
951,retained,22,18,28,172,104,0,3801.6,493.3,24,22,iPhone
952,churned,102,83,109,787,10,0,6950.5,5016.7,18,15,iPhone
953,retained,180,180,407,3332,0,81,6869.2,985.3,4,1,Android
954,retained,85,69,153,2548,270,14,2302.3,1796.9,27,19,iPhone
955,retained,57,45,101,3133,92,0,988.8,597.9,17,17,iPhone
956,retained,122,98,221,548,21,98,1385.3,745.1,20,16,iPhone
957,retained,123,104,258,1103,0,115,1999.3,1607.0,8,8,iPhone
958,churned,29,24,200,359,92,60,2499.7,1955.6,1,0,iPhone
959,churned,11,9,1052,1341,153,72,3191.6,823.7,1,0,Android
960,retained,8,6,106,608,41,88,2433.1,1363.1,25,21,iPhone
961,retained,90,72,135,3190,0,64,11258.5,2663.2,23,19,iPhone
962,retained,3,3,110,857,0,0,2941.3,1670.1,20,19,iPhone
963,retained,189,155,343,995,71,34,5831.1,3793.8,30,24,iPhone
964,retained,58,46,192,1788,35,0,4866.6,2074.5,26,20,iPhone
965,retained,16,15,46,1367,0,62,2997.8,1604.3,21,19,Android
966,retained,62,51,130,474,63,15,3211.6,1693.6,12,5,iPhone
967,retained,18,16,377,580,0,25,1809.6,751.6,26,23,iPhone
968,retained,56,46,235,648,148,28,8852.3,6581.1,15,11,Android
969,retained,212,169,219,3433,498,0,2456.2,1350.5,28,21,Android
970,retained,8,8,254,2055,77,5,12634.3,8902.3,26,24,iPhone
971,retained,128,104,429,1757,0,16,2674.7,2132.3,23,18,Android
972,retained,76,62,109,2459,87,0,4334.6,1477.7,30,28,iPhone
973,retained,188,151,276,2535,7,0,5118.6,1006.0,22,19,iPhone
974,retained,57,50,94,1174,16,28,2586.6,1030.5,29,25,iPhone
975,retained,114,94,221,2016,204,6,3444.9,1597.0,13,11,iPhone
976,retained,189,151,232,491,493,65,8708.3,6222.5,27,27,iPhone
977,retained,416,338,484,2601,500,0,1154.2,419.7,12,8,Android
978,retained,31,26,263,1928,15,10,2934.3,348.2,24,23,iPhone
979,retained,68,59,163,2913,101,15,4259.1,2192.0,17,14,Android
980,retained,129,103,188,141,90,20,3997.4,879.9,25,19,Android
981,retained,62,52,108,1965,55,69,1858.0,607.0,25,25,iPhone
982,retained,42,34,49,1585,0,0,3596.8,2667.5,22,19,iPhone
983,retained,38,38,181,2884,27,0,3415.5,1383.7,15,13,iPhone
984,retained,1,1,9,2889,9,28,1096.5,590.5,15,11,iPhone
985,retained,138,136,230,684,66,0,5490.5,3253.7,28,19,iPhone
986,retained,16,14,167,233,421,0,3305.9,1680.4,11,11,Android
987,retained,121,97,180,2202,26,4,2520.0,1086.7,15,8,iPhone
988,retained,1,1,92,83,5,88,3860.3,2351.9,26,20,Android
989,retained,12,12,32,2317,85,0,2633.8,1134.1,11,11,iPhone
990,retained,89,72,97,1404,513,8,6920.2,1488.1,16,16,Android
991,retained,1,1,357,2961,0,135,7236.9,4530.4,24,23,iPhone
992,retained,18,14,336,1120,83,3,3790.0,1407.8,28,23,iPhone
993,retained,29,26,90,688,76,38,1264.5,793.2,28,24,iPhone
994,retained,50,44,317,1356,0,6,2590.1,1013.2,14,11,Android
995,churned,15,12,220,1637,197,5,5856.8,3569.7,4,2,iPhone
996,retained,177,141,189,3094,38,0,1387.0,716.4,18,17,iPhone
997,churned,10,10,92,3302,486,0,4055.0,3000.1,1,1,iPhone
998,churned,36,36,99,1741,105,119,2033.4,1060.0,23,21,iPhone
999,churned,7,6,379,3206,8,226,2776.9,2238.5,1,1,Android
1000,retained,159,159,278,2049,34,1,4989.5,1687.3,5,3,iPhone
1001,retained,113,97,243,462,33,4,4304.7,849.9,15,14,Android
1002,retained,4,3,60,1561,31,0,7449.6,1288.2,5,5,iPhone
1003,retained,4,4,34,1700,252,0,7383.3,2332.4,18,12,iPhone
1004,retained,109,92,336,2281,55,6,3723.3,2789.1,20,12,iPhone
1005,retained,79,65,162,1816,60,37,2650.9,966.6,10,10,iPhone
1006,retained,13,10,56,2844,1,0,5523.4,4036.6,23,22,iPhone
1007,churned,26,21,220,3048,5,72,6196.9,4264.8,15,15,iPhone
1008,retained,0,0,124,922,3,0,6911.1,2041.1,19,16,iPhone
1009,retained,138,110,142,2305,251,2,2638.3,1196.1,15,8,iPhone
1011,retained,102,102,814,1693,19,9,3309.6,633.0,2,2,iPhone
1012,retained,127,102,512,2041,13,0,5728.8,1304.7,22,15,iPhone
1013,retained,7,7,21,149,181,0,3713.7,698.3,11,10,Android
1014,retained,50,46,64,3370,47,0,4567.3,3071.9,29,25,Android
1015,retained,4,3,275,1720,10,25,3106.8,1631.0,5,2,iPhone
1016,retained,70,57,116,3274,0,0,5940.5,4246.1,8,8,Android
1017,churned,26,22,69,735,76,53,6465.0,2984.7,4,4,Android
1018,retained,45,36,157,2280,44,27,1108.8,722.3,14,14,iPhone
1019,retained,81,73,146,1775,145,0,3937.8,2073.8,16,16,iPhone
1020,retained,24,19,88,2705,28,0,2585.2,1012.7,20,12,iPhone
1021,retained,114,92,128,892,454,0,2407.9,1416.4,20,18,iPhone
1022,retained,43,35,358,1608,299,29,2349.2,349.4,23,17,iPhone
1023,retained,113,91,327,3463,196,74,4172.3,3469.3,8,3,iPhone
1024,retained,39,39,177,1380,87,98,9450.6,4368.7,29,21,Android
1025,retained,27,22,147,2124,205,50,2001.0,1097.7,12,9,iPhone
1026,retained,85,69,88,1427,35,0,1795.6,135.8,4,0,Android
1027,retained,54,45,295,2895,164,0,4101.1,1787.3,18,17,iPhone
1028,churned,41,35,87,871,489,54,3821.1,1355.2,5,5,iPhone
1029,retained,83,83,218,2901,16,15,8929.4,1458.0,7,7,iPhone
1031,retained,254,204,454,3180,548,56,8601.6,984.8,22,14,iPhone
1032,churned,7,7,318,2814,238,0,4800.8,3525.9,2,0,iPhone
1033,retained,56,45,350,2972,301,63,7298.0,5303.8,29,23,iPhone
1034,churned,54,44,137,753,420,0,3385.0,2077.9,3,3,Android
1035,retained,18,17,132,1376,0,0,2401.8,1717.9,4,1,Android
1036,churned,84,72,110,2382,113,121,3131.9,1735.6,2,2,Android
1037,retained,61,49,123,2746,13,43,340.5,162.0,19,14,iPhone
1038,churned,96,78,140,2957,240,43,6476.7,4567.7,1,0,iPhone
1039,retained,33,29,139,957,33,231,5548.4,1083.7,23,20,iPhone
1040,retained,46,37,51,327,0,28,2715.7,1392.9,24,22,iPhone
1041,retained,64,64,104,1236,20,1,1075.3,882.3,25,19,Android
1042,retained,4,4,109,2969,0,0,4202.1,2902.5,6,3,iPhone
1043,retained,68,55,154,1374,307,143,2367.3,1413.3,28,19,iPhone
1044,retained,75,60,173,2801,136,0,2035.3,770.5,29,28,iPhone
1045,retained,3,3,39,3269,32,67,2305.1,1075.0,16,8,Android
1046,churned,57,46,63,1255,170,0,2640.4,1712.9,8,8,Android
1047,retained,25,25,67,2132,312,0,2502.8,1133.2,10,9,Android
1048,churned,29,25,61,2707,35,3,2791.2,1407.2,1,1,iPhone
1049,retained,47,44,162,2812,115,24,6787.0,2769.5,24,19,iPhone
1050,retained,127,101,472,2303,397,15,3476.2,82.0,25,24,iPhone
1051,retained,45,38,55,2042,82,98,2428.0,417.0,27,19,iPhone
1053,churned,19,15,250,2177,0,81,3104.5,507.4,7,1,iPhone
1054,retained,59,47,270,2353,125,0,8585.6,200.6,4,2,Android
1056,retained,4,4,70,556,5,0,1450.6,983.3,21,18,iPhone
1057,retained,31,25,182,2146,163,34,9695.7,2206.6,20,11,iPhone
1058,retained,19,19,150,2719,109,24,1802.9,915.8,20,15,iPhone
1059,retained,54,51,530,1675,136,0,2164.9,1085.0,17,10,iPhone
1061,retained,114,92,608,562,0,7,6176.0,2471.9,17,9,iPhone
1062,retained,117,110,224,1928,0,75,1288.2,690.4,0,0,iPhone
1063,retained,12,12,85,3256,208,6,4430.6,421.4,24,17,iPhone
1064,churned,64,51,150,1439,36,0,7589.4,587.2,10,5,Android
1065,retained,77,62,111,2303,35,29,4654.5,3472.0,14,14,iPhone
1066,retained,59,47,197,1765,0,48,2961.4,671.0,19,13,Android
1067,retained,239,205,242,2240,0,49,870.5,453.0,17,17,iPhone
1068,retained,9,9,110,2526,69,0,4698.4,1528.3,24,23,Android
1069,churned,71,58,87,307,393,58,8570.4,4820.0,11,8,Android
1070,churned,83,71,205,1699,56,29,6165.1,4118.2,15,14,Android
1071,retained,222,178,369,2675,220,0,2745.4,853.7,1,1,Android
1072,retained,20,18,82,2642,0,38,1220.4,581.5,20,14,iPhone
1073,retained,446,357,470,1945,6,16,4364.8,2271.1,11,7,iPhone
1074,retained,29,27,112,1554,5,1,3916.0,1893.4,23,20,iPhone
1075,churned,95,76,444,106,17,0,2126.8,1062.6,23,22,Android
1076,churned,9,9,163,611,193,0,1094.9,746.0,3,3,iPhone
1077,retained,195,157,317,83,0,3,3129.5,2161.2,8,2,iPhone
1078,retained,143,115,202,952,148,27,6043.2,1310.8,10,6,iPhone
1079,retained,127,102,191,2906,0,61,2339.2,1279.8,22,20,iPhone
1080,retained,162,130,237,934,233,20,6184.1,2440.4,5,5,Android
1081,retained,10,8,49,1366,0,54,4734.3,801.1,30,21,iPhone
1082,retained,59,47,209,1666,24,76,2516.1,396.3,19,13,Android
1083,retained,28,22,44,2620,0,10,12442.1,3618.5,20,16,Android
1084,retained,111,95,134,2425,339,3,4365.8,2577.1,12,11,iPhone
1086,retained,186,150,233,2911,104,37,2200.5,1491.9,28,22,iPhone
1087,retained,39,39,51,1068,0,0,4749.8,2710.9,20,13,Android
1088,retained,58,46,151,2354,151,0,6754.2,2598.9,30,23,iPhone
1089,retained,30,25,262,249,104,121,2110.6,880.5,26,16,Android
1090,churned,182,182,390,725,0,5,7260.5,3161.2,3,0,Android
1091,retained,55,55,55,2031,0,59,6861.9,809.3,24,16,iPhone
1092,retained,71,63,86,274,377,39,260.7,91.4,14,14,iPhone
1093,churned,30,25,166,1526,51,0,2326.8,1160.1,1,0,iPhone
1094,churned,122,98,185,829,820,25,2734.4,1230.8,15,9,iPhone
1095,retained,139,112,206,86,64,150,5245.1,3341.6,24,21,iPhone
1096,retained,13,13,238,997,216,45,3194.2,2612.1,28,18,iPhone
1097,retained,86,86,117,3241,407,15,4339.3,2693.7,29,23,iPhone
1098,retained,135,109,443,1435,36,14,2180.1,1011.9,12,12,iPhone
1100,retained,7,7,9,1393,14,51,2497.0,846.4,9,9,iPhone
1101,churned,182,146,204,2608,46,176,2635.5,1296.0,5,1,iPhone
1102,churned,73,73,89,1055,0,140,4624.7,515.2,30,28,iPhone
1103,retained,72,58,521,244,6,0,4736.5,2186.3,18,11,Android
1104,retained,59,49,170,1609,184,7,9046.0,3362.0,31,26,iPhone
1105,retained,69,69,235,1758,27,138,6300.4,1843.0,23,21,iPhone
1106,churned,88,72,276,739,380,0,7194.7,5634.5,7,5,iPhone
1107,churned,38,31,114,532,294,2,5304.5,3443.4,28,20,iPhone
1108,retained,78,64,427,1624,34,79,9456.6,2459.6,13,9,iPhone
1109,retained,83,68,123,1489,0,4,2257.6,719.1,8,5,iPhone
1110,retained,17,14,33,2580,0,54,3766.2,2294.5,17,17,iPhone
1111,retained,150,123,156,470,0,11,3785.8,2437.3,2,2,iPhone
1112,retained,138,115,317,3180,281,0,3765.5,2641.0,10,6,iPhone
1113,retained,328,263,457,2337,34,0,1753.9,1426.7,3,3,iPhone
1114,retained,34,34,71,2989,0,33,1645.3,358.3,5,5,Android
1115,retained,10,10,65,2379,379,104,5710.5,1476.8,1,1,Android
1116,retained,66,66,136,15,44,12,3629.9,1183.1,15,15,Android
1117,churned,12,11,59,1374,5,0,6646.4,3241.2,7,7,iPhone
1118,retained,36,29,215,658,14,0,2500.6,1949.4,21,21,iPhone
1119,retained,77,66,131,2032,123,101,2261.5,421.7,0,0,iPhone
1120,retained,169,136,263,777,0,29,2575.3,1129.1,11,6,Android
1121,retained,39,32,189,2412,259,0,4159.9,658.7,25,20,iPhone
1123,retained,35,28,92,1171,331,0,8709.1,6460.0,12,12,iPhone
1124,retained,160,130,237,1313,30,0,830.9,574.8,23,16,iPhone
1125,retained,107,87,311,1233,79,0,4834.1,3845.9,20,18,iPhone
1126,retained,89,72,149,203,67,90,5719.4,3176.2,27,20,Android
1127,retained,32,26,82,1420,0,22,1797.7,550.3,23,18,iPhone
1128,retained,137,137,184,2504,30,46,4937.8,2792.2,15,15,Android
1129,retained,47,38,104,3457,59,0,4284.0,665.9,19,19,Android
1130,retained,8,8,103,2911,32,85,6451.8,916.7,3,0,iPhone
1131,churned,10,9,132,20,22,0,3721.5,2720.5,3,1,iPhone
1132,churned,143,115,411,697,135,63,3317.5,653.7,18,16,iPhone
1133,retained,156,125,218,1155,61,2,18127.0,9620.1,27,19,iPhone
1134,retained,57,46,675,3180,0,41,2823.8,442.1,7,7,iPhone
1135,retained,61,58,184,3471,2,30,5862.9,3802.0,26,16,Android
1136,retained,57,47,439,883,15,0,2544.4,1929.0,12,7,iPhone
1137,retained,1,1,264,1110,224,37,4221.6,308.6,3,3,iPhone
1139,retained,259,208,468,1122,3,11,3453.5,1233.1,25,15,iPhone
1140,retained,140,140,205,1670,0,88,3277.4,835.8,13,13,Android
1141,retained,58,47,108,704,57,0,1799.8,596.6,29,23,iPhone
1142,retained,46,41,163,446,101,46,4458.3,789.1,28,24,iPhone
1143,retained,146,118,327,2109,226,0,2806.4,1419.5,27,21,Android
1144,retained,24,20,53,2819,689,0,3541.9,2410.5,8,4,iPhone
1145,retained,31,26,184,2427,86,0,8932.7,2837.3,20,20,iPhone
1146,retained,126,101,298,1087,516,20,5085.1,967.9,28,18,iPhone
1147,retained,5,4,51,2657,271,187,2645.8,1918.0,7,3,iPhone
1148,retained,47,38,393,344,30,10,4566.2,2667.4,15,10,iPhone
1149,retained,58,46,165,271,195,36,2336.1,1026.1,14,14,Android
1150,retained,288,241,548,1282,268,156,2227.3,1113.6,29,22,iPhone
1151,retained,238,194,251,3259,24,45,4390.7,1107.3,28,20,iPhone
1152,retained,62,53,222,2010,168,2,5703.7,1982.8,6,2,iPhone
1153,retained,9,7,177,214,0,3,10293.2,7126.4,16,12,iPhone
1154,retained,9,8,55,1240,79,0,3796.8,2721.1,21,20,iPhone
1155,retained,2,2,223,2774,0,56,4471.9,653.4,15,8,iPhone
1156,retained,59,59,183,884,54,26,4283.9,3416.5,15,15,iPhone
1157,retained,140,112,249,2430,40,9,9682.8,1428.1,1,1,Android
1158,churned,19,16,110,1981,0,128,5574.3,3565.2,0,0,iPhone
1159,churned,46,37,266,1696,281,0,2767.6,962.8,16,13,Android
1160,retained,220,177,572,1687,297,0,440.4,201.2,25,15,iPhone
1162,retained,21,18,264,359,122,63,2934.6,1435.0,6,5,iPhone
1163,retained,3,3,21,1695,133,5,3157.7,1574.8,2,2,Android
1164,retained,135,108,269,2483,47,39,1285.4,966.9,31,24,Android
1165,retained,116,93,304,1386,507,0,14596.8,8450.6,26,16,iPhone
1166,retained,40,33,345,143,0,0,728.0,276.6,17,13,iPhone
1167,retained,86,69,110,2913,0,24,2715.3,672.9,23,18,iPhone
1168,retained,30,25,81,553,0,47,3234.4,257.9,3,1,iPhone
1170,retained,61,52,169,2446,47,41,4247.3,3194.6,16,13,iPhone
1171,retained,223,178,316,2359,7,0,2022.0,1211.7,14,10,iPhone
1172,retained,4,3,190,2002,66,34,4963.1,817.6,9,5,Android
1173,retained,20,20,174,287,0,2,3125.2,2581.4,22,22,Android
1174,retained,58,47,67,3105,139,57,11223.9,9193.7,17,14,iPhone
1175,retained,97,83,150,3244,62,0,376.2,173.6,4,0,iPhone
1176,retained,71,60,183,3061,757,8,3107.2,2025.3,30,22,iPhone
1177,retained,339,272,475,3250,374,1,6609.6,1789.1,11,10,iPhone
1178,retained,90,74,307,68,288,0,4066.8,143.6,13,6,iPhone
1179,retained,5,5,26,2098,26,42,4119.2,3221.3,6,0,iPhone
1180,retained,46,38,56,463,0,0,1538.0,1095.6,30,24,iPhone
1181,retained,0,0,9,1780,690,7,4313.8,3426.3,13,13,Android
1182,retained,50,42,97,2552,91,0,937.8,462.7,6,6,Android
1183,retained,231,186,444,1760,0,0,4864.4,2169.7,30,25,Android
1184,retained,154,124,236,2306,0,74,2470.9,1632.1,14,13,iPhone
1185,retained,21,18,50,2008,328,33,3222.2,1118.6,17,12,Android
1186,retained,22,17,117,1696,15,29,3144.8,1009.0,22,19,iPhone
1187,retained,128,103,568,2655,55,66,3831.8,1394.3,23,22,iPhone
1188,retained,52,52,52,2132,58,0,4023.1,2434.8,30,21,iPhone
1189,retained,9,9,307,2361,12,37,1276.8,586.2,17,15,Android
1190,retained,76,76,232,2116,300,0,1363.0,786.1,31,27,iPhone
1191,retained,7,7,118,3196,1,0,2329.5,689.2,4,1,iPhone
1192,retained,18,15,196,2942,0,0,5470.4,3339.3,20,17,iPhone
1193,churned,84,75,188,1319,306,0,7669.1,4664.4,3,3,Android
1194,churned,6,5,108,1196,289,0,2614.6,1692.4,8,8,Android
1195,retained,188,158,257,565,83,197,4821.1,3242.2,27,24,iPhone
1196,retained,96,77,232,2890,578,9,1419.2,575.8,17,17,iPhone
1197,retained,0,0,42,2602,0,0,7144.9,1991.5,30,24,iPhone
1198,churned,36,30,502,2451,285,62,3823.4,2512.8,8,5,Android
1199,retained,176,141,221,2317,78,0,762.0,156.6,22,15,iPhone
1201,retained,92,77,180,1713,0,5,7225.6,5902.1,13,7,Android
1202,retained,107,107,364,1226,0,0,2309.1,1421.5,28,25,iPhone
1203,retained,63,63,95,1522,43,0,3125.1,2159.9,23,20,Android
1204,retained,129,103,153,1505,3,0,3736.5,1120.9,22,13,Android
1205,retained,122,101,216,1853,0,108,1575.6,996.6,8,8,iPhone
1206,retained,17,14,194,1575,281,25,621.6,503.7,4,4,Android
1207,retained,136,109,146,2332,45,48,7336.5,1426.7,27,19,iPhone
1208,retained,37,31,127,2412,0,0,4651.4,2295.6,22,13,iPhone
1209,retained,168,136,379,2506,0,0,1660.3,1036.9,25,22,Android
1210,retained,13,11,131,1027,75,4,7835.2,3133.3,17,9,iPhone
1211,churned,101,81,239,2164,97,0,3129.0,1872.5,14,9,iPhone
1212,retained,115,96,123,2522,18,3,3321.6,1046.8,13,13,Android
1213,churned,36,33,168,2979,55,15,3788.1,2208.1,12,8,Android
1214,retained,40,33,313,210,538,21,4294.4,422.7,28,27,iPhone
1215,churned,60,48,411,313,286,88,2874.7,1428.6,3,3,iPhone
1216,retained,13,10,69,3337,257,0,5244.4,1759.2,11,11,iPhone
1217,retained,27,25,104,2039,0,78,8822.8,4786.3,4,2,iPhone
1218,retained,7,7,128,1638,132,88,6704.8,2576.5,7,7,Android
1219,retained,94,75,101,266,0,0,4007.3,2027.9,25,16,iPhone
1220,retained,40,32,42,1473,14,129,4272.0,2620.3,17,16,iPhone
1221,retained,16,13,263,2842,104,31,1777.5,839.4,5,0,Android
1222,retained,402,322,405,1753,42,43,2562.8,633.6,17,11,iPhone
1223,churned,74,60,85,1501,277,12,2317.0,314.3,11,7,Android
1224,retained,1,1,36,2706,0,8,3994.6,1053.7,25,23,iPhone
1225,retained,24,24,361,985,62,52,1319.0,961.8,5,5,iPhone
1226,retained,13,11,37,506,74,0,1999.5,922.7,4,4,iPhone
1227,churned,201,200,253,1077,116,44,13976.3,6730.9,5,5,iPhone
1228,retained,71,59,133,1162,2,0,2043.2,1331.1,11,5,iPhone
1229,retained,141,116,250,2423,53,0,3382.8,584.8,16,13,Android
1230,retained,145,117,360,686,140,0,4539.3,1672.2,4,0,iPhone
1231,retained,90,74,186,667,11,0,1252.8,543.3,28,21,iPhone
1232,retained,5,4,61,1918,0,19,3105.2,1290.1,2,0,iPhone
1233,retained,31,31,68,701,260,55,2098.1,1416.1,9,9,iPhone
1234,churned,27,22,83,1801,70,39,2742.0,1807.9,5,4,iPhone
1235,retained,59,49,129,1390,110,12,3231.5,1009.4,12,10,iPhone
1236,retained,85,70,455,2240,51,7,3501.4,1849.5,4,4,iPhone
1237,retained,223,179,238,2785,223,20,1494.8,103.3,24,20,iPhone
1238,retained,52,52,384,1406,176,0,4418.1,2027.6,16,11,iPhone
1239,retained,68,59,414,3030,218,0,2499.4,1120.1,24,20,Android
1240,retained,2,2,157,2606,0,0,2722.3,2194.2,28,18,iPhone
1241,retained,28,23,117,926,0,0,2917.8,1461.2,1,1,iPhone
1242,retained,0,0,181,1857,0,0,2218.7,454.0,16,14,iPhone
1243,churned,30,30,30,250,322,0,6268.4,3103.3,3,0,Android
1244,retained,59,47,582,2149,163,0,1544.1,845.3,25,18,iPhone
1245,retained,295,236,605,504,0,113,2707.9,1090.5,30,27,iPhone
1246,retained,23,19,35,3320,298,50,1766.8,105.6,10,6,Android
1247,churned,23,23,387,3370,179,0,649.1,368.4,6,3,Android
1248,retained,19,19,310,2507,68,1,1520.5,999.5,24,16,iPhone
1250,churned,2,2,62,1535,76,0,3534.1,2548.6,14,11,iPhone
1251,retained,166,133,172,120,11,52,10088.6,3083.2,25,24,iPhone
1252,retained,67,54,89,425,0,0,2144.9,521.3,11,6,iPhone
1253,retained,31,25,59,537,15,0,1738.0,1134.5,28,18,iPhone
1254,retained,86,70,145,717,0,0,971.6,570.5,19,15,iPhone
1255,retained,1,1,101,361,87,35,1587.1,416.3,21,16,iPhone
1256,retained,60,51,99,1970,159,41,2713.8,1478.8,27,24,Android
1257,retained,39,39,49,3175,623,0,3079.9,1250.2,0,0,iPhone
1258,retained,41,33,234,778,0,70,994.9,445.8,8,6,iPhone
1259,retained,185,154,207,393,48,5,1207.1,990.0,15,13,Android
1260,churned,134,109,242,723,156,0,1006.3,640.8,21,19,iPhone
1261,retained,31,26,176,864,0,0,4416.2,2988.0,23,22,iPhone
1262,retained,7,6,9,1690,76,12,2769.7,1041.6,20,20,iPhone
1263,churned,15,12,70,913,73,0,6277.9,1672.0,12,10,Android
1264,retained,103,98,132,3405,197,47,8361.6,808.6,9,9,Android
1265,retained,46,37,283,3041,16,0,1689.7,1271.6,9,6,iPhone
1266,retained,38,31,239,1848,0,0,8062.4,5381.5,9,9,Android
1267,retained,23,19,170,2685,112,0,6322.8,855.5,28,25,Android
1268,churned,107,88,226,1412,249,0,4928.9,1676.7,0,0,iPhone
1270,retained,78,62,377,796,2,0,5676.0,2757.6,8,5,iPhone
1272,retained,82,66,128,619,381,0,3136.1,1908.4,16,16,Android
1273,retained,103,84,113,3338,36,0,9707.8,7929.8,9,6,Android
1274,retained,22,19,50,2600,0,23,5929.1,2515.5,26,19,Android
1275,retained,174,142,186,1505,20,0,5251.5,4242.5,18,15,iPhone
1276,retained,8,8,83,1897,0,119,6958.6,5046.5,25,20,iPhone
1277,retained,391,312,479,2799,61,0,2795.9,1897.4,27,24,iPhone
1278,retained,8,7,32,459,58,0,3613.5,2945.0,21,15,iPhone
1279,retained,13,11,99,1400,0,11,3481.0,2450.9,7,7,Android
1280,churned,101,87,181,1707,231,0,13099.9,1500.3,12,10,iPhone
1281,retained,55,45,109,924,9,60,3325.3,1857.0,5,5,iPhone
1282,retained,9,8,59,33,190,216,1275.4,596.3,7,7,iPhone
1283,retained,66,54,131,3469,305,55,2862.9,1182.2,20,18,iPhone
1284,retained,218,175,286,2809,0,43,3508.1,2584.5,15,11,iPhone
1285,retained,5,4,20,2185,26,0,3964.3,1261.5,23,19,Android
1286,churned,109,87,118,2385,91,19,5035.8,1019.9,21,21,Android
1287,retained,112,90,142,2559,99,1,2405.0,1468.1,14,13,iPhone
1289,retained,101,87,199,1565,193,153,7673.0,6240.4,11,7,Android
1290,churned,4,4,7,2646,50,0,11255.4,5116.3,11,11,iPhone
1291,retained,4,4,156,1202,14,227,1602.2,925.2,11,11,Android
1292,retained,14,14,28,3298,191,0,3403.3,1014.3,16,16,iPhone
1293,retained,2,2,341,1379,27,28,2296.6,1386.2,6,6,iPhone
1294,churned,59,47,155,110,162,28,2741.4,2091.3,2,2,iPhone
1295,retained,25,21,35,1205,62,96,1890.7,1433.2,26,23,iPhone
1296,retained,20,17,100,2428,265,0,3894.9,3060.5,11,10,Android
1297,churned,84,72,283,496,327,44,2337.7,1397.3,6,4,iPhone
1298,churned,77,62,149,2581,742,72,4854.0,3050.6,9,9,iPhone
1299,retained,106,86,212,2816,8,51,3639.1,2840.2,19,19,Android
1300,retained,59,49,141,219,461,0,6063.2,1418.7,19,17,iPhone
1301,retained,56,56,100,1044,22,52,7890.7,2371.6,21,21,iPhone
1302,retained,169,136,187,2691,156,0,2824.4,621.6,27,21,iPhone
1303,retained,203,162,410,2395,72,0,4038.9,3272.1,11,10,Android
1304,retained,26,22,102,2838,107,0,1907.9,730.1,20,15,iPhone
1305,retained,15,15,75,1122,109,0,1289.4,297.4,7,7,Android
1306,retained,0,0,154,1705,0,1,3996.8,1210.9,22,15,iPhone
1308,churned,99,84,108,282,0,0,2592.2,2140.4,2,0,iPhone
1309,retained,11,9,16,1037,18,21,3877.0,2675.8,20,20,iPhone
1310,retained,26,21,146,1004,27,28,2508.5,288.7,6,2,iPhone
1311,retained,231,193,261,1867,139,118,2170.6,1533.1,24,22,iPhone
1312,churned,135,112,355,735,691,0,2641.0,2143.2,27,21,Android
1313,retained,206,167,229,111,44,0,1594.7,1322.4,24,14,iPhone
1314,retained,24,19,106,1087,91,3,2097.2,976.5,23,15,iPhone
1315,retained,268,214,383,1295,435,205,2343.0,1134.4,29,22,iPhone
1316,retained,308,252,398,101,30,59,2371.4,1029.6,13,5,iPhone
1317,retained,18,15,54,3353,404,40,16362.9,3462.5,11,7,iPhone
1318,retained,345,276,387,3485,0,18,1961.4,1267.8,30,24,iPhone
1319,retained,43,40,232,3439,0,0,3241.7,1178.3,19,15,iPhone
1320,retained,87,87,178,1278,88,14,1881.2,1032.3,11,4,iPhone
1321,retained,101,83,172,1868,0,2,10852.3,5801.2,16,10,iPhone
1322,retained,3,2,59,972,45,0,485.9,174.0,26,23,Android
1323,retained,2,2,12,733,0,24,4690.0,2003.5,26,20,Android
1324,retained,76,62,203,2632,187,15,10009.9,2862.8,20,13,Android
1325,retained,33,28,193,2247,17,0,8694.2,1372.6,9,4,iPhone
1326,retained,59,49,285,2051,0,0,1282.3,873.5,0,0,iPhone
1327,retained,112,90,155,3084,747,54,4375.0,775.3,8,8,iPhone
1328,retained,103,83,115,2056,59,40,3861.9,1767.5,12,6,Android
1329,retained,145,118,314,3028,413,143,2365.2,861.5,15,13,iPhone
1330,retained,209,169,345,994,162,18,7273.3,5721.9,20,20,iPhone
1331,churned,161,129,243,27,60,32,9324.5,1989.6,15,13,Android
1332,retained,47,38,67,3412,77,0,2095.7,1328.7,7,3,Android
1333,retained,51,41,405,2426,145,0,3621.9,2673.9,27,21,Android
1334,churned,40,33,158,1102,23,9,3156.7,2245.3,5,2,iPhone
1335,retained,275,221,317,2323,0,12,5365.9,3980.4,27,25,iPhone
1336,churned,38,31,194,2509,233,0,4417.4,1409.2,1,1,Android
1337,retained,30,26,408,2762,113,0,2560.6,1912.8,15,14,iPhone
1338,retained,48,39,89,925,2,42,2371.8,1478.0,31,29,iPhone
1340,retained,113,113,169,1301,81,0,2424.2,676.2,1,0,iPhone
1341,retained,126,102,158,299,19,0,2883.3,1330.7,16,14,Android
1342,retained,35,28,53,3362,181,76,9128.5,3379.6,1,1,iPhone
1344,retained,71,71,285,2380,74,0,5135.1,2014.2,27,23,iPhone
1345,retained,29,23,262,327,499,44,2834.3,627.5,29,19,iPhone
1346,retained,80,64,171,2995,13,7,4074.4,953.1,8,8,iPhone
1347,churned,172,138,203,987,23,70,3757.9,1576.9,11,5,Android
1348,retained,84,67,106,3239,240,0,8653.9,4810.6,14,13,iPhone
1350,churned,161,146,211,2037,129,19,2633.2,1495.3,2,2,Android
1351,retained,56,45,77,1426,310,0,3110.6,985.5,13,9,Android
1352,retained,38,36,50,772,44,0,8077.7,2980.6,17,13,iPhone
1353,retained,93,75,379,1442,0,48,11431.1,8552.2,28,20,Android
1354,retained,40,33,368,2825,277,127,1540.3,1027.6,11,10,Android
1355,retained,41,33,50,2068,10,0,3246.4,784.0,27,22,iPhone
1356,retained,52,52,134,2246,162,0,3205.1,1342.2,1,0,Android
1357,retained,3,3,4,1877,7,0,2639.6,599.0,8,5,Android
1358,retained,73,61,146,411,334,1,1381.7,739.2,5,1,iPhone
1359,retained,171,139,197,96,332,0,1489.8,67.2,4,4,iPhone
1360,retained,19,16,334,1092,59,49,2220.6,681.0,4,4,Android
1361,retained,34,31,85,802,72,9,5667.1,2394.5,28,19,iPhone
1362,retained,57,46,277,1083,46,48,1172.3,670.8,1,0,iPhone
1363,retained,28,23,230,445,103,110,1760.3,1436.8,19,15,iPhone
1364,retained,189,152,406,825,36,43,5244.0,1925.0,17,10,iPhone
1365,retained,13,13,116,2458,29,0,3289.5,1852.8,16,10,iPhone
1366,retained,28,23,36,3408,0,76,3145.7,2167.7,1,1,iPhone
1367,churned,33,27,60,2369,470,0,3534.9,1753.9,12,9,Android
1368,retained,9,8,172,1643,0,27,4433.9,3052.0,19,18,Android
1369,retained,13,11,49,1680,439,5,3328.5,1845.4,4,3,iPhone
1370,retained,133,108,148,2078,68,21,4842.4,1786.4,19,16,Android
1371,retained,1,1,18,2706,32,0,3928.1,1800.0,15,9,Android
1372,retained,86,73,160,326,0,43,6978.5,2729.5,13,8,Android
1373,retained,55,46,98,2903,69,34,2774.8,721.8,7,7,Android
1374,churned,205,205,304,1272,37,38,3991.6,2480.4,23,22,iPhone
1375,retained,2,2,13,92,44,0,1816.9,401.1,7,2,Android
1376,retained,59,49,89,1163,329,34,1068.9,540.4,22,21,iPhone
1377,retained,44,37,56,3226,53,54,2417.2,1854.7,13,8,iPhone
1378,retained,54,49,65,2697,159,0,1298.1,507.3,31,23,Android
1379,retained,168,137,212,248,88,0,9795.7,1519.0,2,2,iPhone
1380,retained,15,14,69,113,96,0,4883.2,4055.0,7,7,Android
1381,retained,140,113,278,847,78,0,6936.8,4182.8,15,13,iPhone
1382,retained,99,99,235,72,25,27,8620.4,2964.2,14,10,Android
1383,retained,13,11,102,626,47,68,7599.4,4899.3,15,13,iPhone
1384,retained,175,140,186,2562,131,64,1798.7,1049.4,1,0,iPhone
1385,churned,46,38,72,2101,0,3,5072.5,3896.9,7,2,iPhone
1386,retained,28,23,93,2681,110,37,2177.0,896.3,29,25,iPhone
1387,retained,158,135,401,1904,66,25,1681.7,1231.6,22,18,iPhone
1388,churned,55,50,58,1935,39,26,6463.6,3272.6,7,2,iPhone
1389,churned,20,20,97,1084,262,0,922.4,761.4,21,18,iPhone
1390,retained,50,50,154,2477,5,24,2260.0,1636.0,4,4,Android
1391,churned,72,58,141,710,50,47,1714.5,1194.8,2,2,Android
1392,retained,173,142,335,3064,42,54,5347.4,2399.8,9,8,iPhone
1393,retained,33,27,121,3129,118,51,7902.5,1750.6,14,7,iPhone
1394,retained,345,310,744,1598,272,120,7334.7,5752.5,18,13,iPhone
1395,retained,95,76,101,2816,123,251,1142.4,676.9,8,4,iPhone
1396,retained,36,29,71,1939,44,65,4470.4,1903.8,19,19,Android
1397,retained,24,21,157,803,0,10,8126.0,4492.9,5,3,Android
1398,churned,55,45,101,381,43,15,2422.0,757.4,22,15,Android
1399,retained,113,91,357,3257,93,91,9683.9,2606.4,21,18,Android
1400,churned,428,343,544,1217,37,238,2061.9,1009.4,5,3,iPhone
1401,retained,22,18,78,820,27,40,1895.6,333.6,15,12,iPhone
1402,retained,22,21,22,1255,0,0,3020.6,930.2,22,18,iPhone
1403,retained,138,117,192,3098,234,0,4046.4,1851.2,10,4,Android
1404,retained,119,119,238,2576,36,0,4003.4,1167.8,26,26,iPhone
1405,retained,14,14,178,2877,242,0,2287.2,1490.4,7,7,iPhone
1406,churned,451,361,626,2186,280,2,6888.6,3631.3,16,13,Android
1407,retained,17,16,46,2792,16,0,2191.6,1811.1,3,3,iPhone
1408,retained,42,34,72,2438,26,0,347.7,263.6,10,10,iPhone
1409,churned,32,27,149,2473,188,23,7472.6,3845.9,1,1,Android
1410,retained,123,100,126,1591,398,5,2043.9,344.0,11,10,iPhone
1411,churned,62,52,440,2155,439,1,4119.7,3337.9,4,4,Android
1412,retained,71,59,81,1598,9,0,6610.0,1661.3,28,18,iPhone
1413,retained,22,21,77,96,35,0,2117.2,1398.2,17,15,iPhone
1414,churned,33,28,126,978,0,0,2250.0,992.5,8,8,iPhone
1415,retained,39,39,67,2402,0,8,1086.7,313.6,18,11,iPhone
1416,retained,208,167,324,949,21,12,4928.0,1739.7,20,14,iPhone
1417,retained,2,2,27,89,342,0,7587.5,2384.0,21,19,iPhone
1418,churned,26,21,453,956,53,2,1969.9,708.5,21,21,iPhone
1419,retained,108,88,328,3436,606,105,441.9,223.6,22,18,iPhone
1420,retained,198,177,573,3001,147,41,6659.1,1413.9,8,6,iPhone
1421,retained,214,172,229,3368,131,6,2408.3,963.6,20,11,Android
1422,retained,24,24,119,3016,44,20,5469.1,759.0,19,14,iPhone
1423,retained,99,80,294,1458,0,0,2188.4,191.2,3,3,Android
1424,churned,145,141,400,241,373,41,4338.1,2636.2,9,4,Android
1425,churned,31,25,43,973,0,0,2169.2,1472.8,1,0,iPhone
1426,retained,99,82,206,1488,62,0,7304.8,3872.8,16,16,iPhone
1427,churned,8,6,104,42,159,0,1676.9,484.5,20,18,iPhone
1428,retained,147,120,198,886,170,37,1768.6,828.8,19,18,Android
1429,churned,9,8,114,1078,0,22,2079.8,1409.4,9,7,iPhone
1430,churned,211,175,242,314,179,21,4495.3,1224.0,1,1,iPhone
1431,retained,90,72,183,3251,159,16,1173.3,911.8,19,18,iPhone
1432,retained,8,6,82,1176,0,0,1549.0,353.8,15,13,Android
1433,churned,78,67,154,1355,137,0,11333.8,6337.3,6,0,iPhone
1434,retained,2,1,122,3482,15,201,5308.4,1192.0,21,21,iPhone
1435,churned,283,230,381,1111,0,20,2142.8,530.8,5,4,iPhone
1436,retained,19,16,41,2019,123,0,6928.6,4167.2,2,2,Android
1437,retained,103,89,194,2339,160,31,2996.2,1286.4,28,27,Android
1438,retained,6,5,182,1010,0,0,6741.7,2482.1,9,9,iPhone
1439,retained,68,59,126,2407,27,19,4648.6,1137.7,21,15,iPhone
1440,retained,26,21,74,2484,31,14,5391.8,3614.0,30,21,Android
1441,retained,9,7,14,1171,304,68,1215.6,716.0,27,25,Android
1442,retained,55,45,65,3110,684,0,1382.2,776.8,21,15,iPhone
1443,retained,53,43,314,1814,0,0,6067.1,4016.8,15,14,iPhone
1444,retained,17,14,77,2797,98,53,2283.2,372.8,24,24,iPhone
1445,churned,46,38,53,68,194,76,4320.3,1760.3,11,10,iPhone
1446,retained,99,80,104,285,124,58,4159.3,2152.2,24,15,Android
1447,retained,48,39,179,1091,0,8,2939.2,2149.7,17,15,Android
1448,retained,91,75,227,2758,9,0,8203.8,5029.5,3,3,iPhone
1449,retained,96,80,116,835,88,0,190.0,112.5,23,20,iPhone
1450,retained,42,34,96,3185,245,0,1461.2,910.7,26,22,Android
1451,retained,14,14,33,3296,279,0,1952.0,1258.8,22,18,Android
1452,churned,8,8,32,1223,45,0,3950.0,2910.7,3,3,iPhone
1453,retained,249,199,464,274,244,0,4194.9,3395.4,1,1,iPhone
1454,retained,64,53,745,2129,0,0,1157.2,881.9,0,0,iPhone
1456,retained,310,265,817,355,203,0,5819.9,2451.9,9,3,iPhone
1457,retained,21,18,47,708,328,20,3659.1,1519.4,1,1,iPhone
1458,retained,125,100,173,942,33,0,814.8,597.6,26,22,Android
1459,retained,210,168,455,806,88,0,3936.0,1992.7,15,15,iPhone
1460,churned,72,57,458,1022,36,2,7908.6,3873.6,14,10,iPhone
1461,churned,4,4,6,89,239,52,5828.8,2229.2,3,0,iPhone
1463,retained,37,30,55,1567,279,0,1570.0,547.2,2,2,Android
1464,retained,237,190,296,45,20,40,3999.5,2377.0,8,8,iPhone
1465,retained,65,53,296,3079,0,92,6979.7,5315.7,11,8,Android
1466,churned,223,180,336,1962,118,40,4572.3,1150.6,8,8,Android
1467,retained,42,35,214,3305,0,4,14731.0,5140.7,16,12,Android
1468,retained,38,30,83,2116,33,15,4030.1,926.6,17,11,Android
1469,retained,64,64,168,1494,0,0,1019.9,803.0,27,18,iPhone
1470,retained,209,201,280,3402,116,0,6779.7,1193.3,26,19,iPhone
1471,retained,37,37,261,265,351,27,3267.2,2322.4,26,17,iPhone
1473,churned,53,48,168,2786,567,25,1011.6,222.8,10,9,iPhone
1474,retained,8,8,91,805,469,26,12566.1,3009.7,12,12,Android
1475,retained,91,73,121,2270,99,0,1772.7,660.9,25,16,iPhone
1476,retained,62,50,268,2643,43,0,6283.2,1857.3,27,22,Android
1477,churned,25,23,94,1402,0,15,2989.9,1146.2,10,10,iPhone
1478,retained,4,4,172,2513,0,0,10786.7,4217.5,2,2,Android
1479,churned,36,29,59,653,96,58,1381.5,660.5,5,3,iPhone
1480,retained,52,47,189,2759,20,36,3604.4,1361.8,22,18,iPhone
1481,retained,67,61,141,1347,111,29,4893.5,1415.7,22,22,Android
1482,retained,30,30,273,2962,0,9,4875.5,3270.8,1,0,iPhone
1483,retained,264,226,322,1644,0,82,5679.3,3116.6,30,28,iPhone
1484,retained,33,33,177,1172,326,7,1497.1,804.0,2,0,iPhone
1485,retained,40,32,59,863,0,131,3934.8,1818.0,13,13,Android
1486,retained,26,23,48,1679,0,0,2705.9,1886.7,11,7,iPhone
1487,retained,96,96,145,388,38,0,6355.7,821.2,21,17,Android
1488,retained,134,115,143,1950,220,32,1404.1,864.8,18,11,iPhone
1489,retained,14,14,146,1841,94,0,5236.7,2663.2,5,5,Android
1490,retained,3,3,33,280,167,1,1465.4,746.2,9,4,iPhone
1491,retained,30,27,35,1609,260,0,5548.5,3197.7,25,17,iPhone
1492,churned,28,23,141,3399,182,0,3426.4,294.0,3,0,Android
1493,retained,58,47,429,1866,6,53,4245.0,3223.0,6,6,iPhone
1494,churned,271,219,294,2912,38,0,6270.6,4259.1,14,14,iPhone
1495,retained,175,140,185,1850,4,35,2910.8,977.3,15,11,iPhone
1496,churned,10,9,77,1771,138,0,2198.9,487.8,5,0,Android
1497,retained,61,52,181,1694,11,4,4129.3,2160.2,27,19,iPhone
1498,retained,15,15,147,2372,0,49,940.4,629.0,15,9,Android
1499,retained,221,177,645,1116,175,19,3360.6,1449.8,9,8,iPhone
1500,retained,190,176,231,309,103,53,4429.2,1929.7,27,18,iPhone
1501,retained,91,82,120,691,143,29,4183.5,2499.3,25,15,Android
1502,retained,5,4,179,2580,514,53,4769.9,3652.6,7,3,iPhone
1503,retained,6,5,103,2154,150,66,4062.5,1352.5,28,24,iPhone
1504,retained,267,213,398,1174,295,19,3056.6,2512.8,20,14,iPhone
1505,retained,12,10,68,2459,48,5,4447.0,346.5,11,4,iPhone
1506,retained,57,46,99,2489,15,0,1786.7,1437.6,5,2,iPhone
1507,retained,31,26,55,2209,30,145,1304.0,369.8,11,11,Android
1508,churned,80,71,88,2331,34,0,4011.4,2997.6,2,2,Android
1509,retained,12,10,104,2816,272,0,7816.6,2037.6,24,19,iPhone
1510,retained,0,0,169,3363,0,40,1234.7,606.9,14,13,Android
1511,retained,135,108,145,1720,52,6,3992.1,2577.3,13,9,iPhone
1512,retained,109,88,177,1362,21,56,3666.0,1544.0,29,25,iPhone
1513,churned,123,100,337,761,1170,27,994.5,711.5,12,5,Android
1514,churned,109,88,170,1781,410,0,4322.4,1193.0,8,6,iPhone
1515,retained,11,9,62,2883,141,0,3562.7,1821.0,30,28,iPhone
1516,retained,24,19,53,2361,21,27,2519.8,1120.3,10,6,iPhone
1517,retained,19,19,37,60,234,69,6954.1,1065.3,25,16,iPhone
1518,retained,129,123,414,957,87,22,6121.2,3573.9,30,23,iPhone
1519,retained,110,88,122,2767,425,16,1261.8,606.8,27,22,iPhone
1520,retained,45,45,190,1232,57,0,5933.7,2313.5,8,1,Android
1521,retained,33,29,159,2860,90,11,3087.6,1984.1,28,27,iPhone
1522,churned,101,81,227,170,22,0,6177.0,4236.4,2,2,Android
1523,retained,85,72,119,3108,356,56,2224.5,1156.5,26,22,iPhone
1524,retained,74,60,203,2665,46,0,2716.0,906.2,17,10,Android
1525,retained,39,32,93,1277,171,0,2492.4,1905.6,28,20,Android
1526,retained,59,50,68,2279,0,0,6897.1,1076.0,18,14,iPhone
1528,retained,20,16,113,2063,66,0,2829.9,780.7,23,14,Android
1529,churned,17,14,88,416,165,100,3001.6,430.3,10,9,iPhone
1530,retained,172,138,274,914,8,46,2227.7,1081.1,19,14,iPhone
1531,churned,285,231,473,1465,93,2,5277.1,2283.4,21,13,iPhone
1532,retained,7,7,26,2600,62,0,1190.1,686.5,9,7,iPhone
1533,retained,77,63,93,3469,0,51,1780.8,1465.0,5,3,Android
1534,retained,2,2,95,50,334,38,3678.6,2328.3,14,11,iPhone
1535,retained,169,137,237,758,451,0,6353.2,4425.6,10,5,iPhone
1536,retained,29,28,113,2513,107,3,3284.1,1108.5,6,0,iPhone
1537,retained,50,40,105,881,319,129,2595.4,695.8,6,6,iPhone
1538,churned,32,26,116,1489,116,0,2461.3,807.7,5,5,iPhone
1540,retained,95,91,316,1352,0,3,3287.6,1446.5,10,9,iPhone
1541,retained,63,50,121,2824,12,2,851.2,667.4,3,3,iPhone
1542,retained,66,66,121,1051,0,36,7376.7,2623.4,21,14,iPhone
1543,churned,5,5,140,1945,274,28,6045.4,2946.9,21,18,iPhone
1544,retained,107,86,238,2677,193,26,1094.8,649.1,8,8,iPhone
1545,churned,180,147,284,2362,114,16,5873.0,3139.9,5,5,Android
1546,retained,191,153,260,1318,461,0,3387.6,1738.9,19,11,iPhone
1547,retained,210,169,254,90,160,0,8089.5,5160.7,10,5,iPhone
1548,retained,4,3,153,2751,260,0,2696.5,2006.6,24,24,iPhone
1549,churned,55,47,108,2223,126,6,890.4,541.3,0,0,Android
1550,retained,79,66,169,3273,54,62,2869.5,525.1,12,7,Android
1551,churned,17,14,54,1405,36,0,6601.0,3377.7,0,0,iPhone
1552,retained,8,7,17,3230,0,0,3046.5,2154.6,23,22,iPhone
1553,retained,72,59,77,572,210,41,5101.1,3966.0,18,16,iPhone
1554,retained,28,27,181,2039,159,50,4560.5,1210.9,15,8,iPhone
1555,retained,52,41,140,2647,246,0,3421.1,2093.6,0,0,iPhone
1556,retained,61,52,121,28,12,0,7930.0,6503.0,28,19,iPhone
1557,retained,42,33,78,294,122,0,5499.3,4132.0,22,14,iPhone
1558,retained,61,61,149,2535,155,7,1940.9,771.6,14,12,Android
1560,retained,27,22,145,3232,16,5,1584.6,559.5,8,8,iPhone
1561,retained,86,76,215,2432,185,0,705.1,520.0,21,18,iPhone
1562,retained,78,63,91,3443,97,56,4723.3,990.5,13,9,Android
1563,retained,45,36,157,2509,288,0,6037.4,3675.5,19,12,iPhone
1564,churned,4,4,186,910,261,9,3549.2,2756.2,4,3,iPhone
1565,retained,146,119,148,140,235,22,3192.6,2516.8,14,6,Android
1566,retained,122,102,255,297,0,0,1291.9,1002.3,22,16,Android
1567,retained,133,106,237,2742,254,22,6858.8,3347.3,24,18,iPhone
1568,retained,24,19,321,1373,0,0,5993.7,1701.6,6,6,Android
1569,retained,397,318,402,1137,5,0,3754.5,1382.8,22,16,iPhone
1570,retained,95,77,217,1263,27,0,4249.1,1097.7,14,14,iPhone
1571,retained,10,8,18,2158,542,47,1154.9,946.3,6,1,Android
1572,retained,175,141,177,2661,147,0,4067.0,657.3,16,14,iPhone
1573,churned,89,71,444,1280,68,0,7371.4,1955.5,3,3,iPhone
1574,retained,79,63,202,2126,0,84,9492.5,2956.5,21,16,Android
1575,retained,8,8,12,1078,343,2,4868.4,2230.7,22,16,Android
1576,retained,102,94,298,1253,9,0,3991.9,1340.0,18,14,Android
1577,retained,53,43,214,2334,198,30,5589.4,1685.6,1,1,iPhone
1578,retained,60,48,183,798,20,0,2005.6,867.5,22,20,iPhone
1579,retained,27,27,59,3449,162,43,1024.5,821.4,11,4,iPhone
1581,retained,5,5,12,1084,27,15,3876.1,1386.8,18,10,Android
1582,retained,38,38,48,3359,2,4,2319.3,1512.3,12,10,iPhone
1583,retained,49,49,52,2577,113,0,8021.9,2137.8,7,7,Android
1584,retained,29,24,154,525,0,18,3992.4,2199.2,30,20,iPhone
1585,retained,6,5,110,597,15,0,2973.2,956.1,20,14,iPhone
1586,retained,0,0,389,2667,483,10,1722.5,998.7,14,7,iPhone
1588,retained,143,115,226,413,81,31,2620.0,1703.7,26,20,iPhone
1589,retained,6,5,119,2861,212,0,6130.3,1506.2,20,20,iPhone
1590,retained,83,66,574,2355,28,8,4354.0,1667.2,30,26,iPhone
1591,retained,89,89,142,1555,8,0,4329.5,2099.3,10,6,iPhone
1592,churned,255,204,330,1926,0,0,2910.9,2139.6,16,9,iPhone
1593,retained,24,19,140,319,121,138,1680.7,1221.3,24,19,iPhone
1594,retained,27,22,54,1231,336,48,3368.7,2429.6,9,9,Android
1595,retained,60,48,226,1331,422,0,3222.0,1923.8,11,9,Android
1596,retained,52,44,287,1555,400,45,7128.8,3017.5,18,18,Android
1597,retained,98,97,135,1957,344,0,2103.6,891.0,31,25,iPhone
1598,retained,123,98,385,1071,0,0,8542.3,4607.7,23,22,iPhone
1599,churned,76,65,314,1206,25,81,5213.2,2883.5,3,2,iPhone
1600,retained,34,27,319,1866,0,0,1518.0,1242.3,26,21,Android
1601,retained,12,10,18,854,1,10,2281.3,265.0,11,11,Android
1602,retained,32,26,68,2659,73,28,2174.9,1533.9,25,25,iPhone
1603,retained,119,96,237,2737,87,5,3389.9,2735.9,15,11,Android
1604,retained,46,39,294,430,31,51,1904.7,1451.1,7,4,Android
1605,retained,143,121,319,304,33,0,4767.7,3844.7,14,13,Android
1606,retained,88,72,120,1818,0,0,1593.9,1022.4,26,18,iPhone
1607,retained,71,59,131,1582,142,0,4544.3,2411.4,28,18,iPhone
1608,retained,100,82,198,1026,53,0,1964.9,1390.0,14,12,iPhone
1609,retained,53,53,138,2558,279,0,3613.3,2116.3,18,14,iPhone
1610,retained,189,163,329,3472,22,0,5170.1,3080.6,0,0,iPhone
1611,churned,111,89,243,163,303,16,5659.5,3111.6,1,1,Android
1613,retained,135,108,419,763,40,112,7905.7,5783.6,14,9,iPhone
1614,retained,29,27,207,2607,1,10,2542.7,1334.6,19,14,Android
1615,retained,97,85,101,3037,0,0,1877.0,766.2,1,0,iPhone
1616,retained,110,89,222,2656,371,51,9088.5,6933.0,16,10,Android
1617,retained,5,5,50,3344,283,0,2538.9,723.0,31,28,Android
1618,retained,48,42,178,1306,21,0,6894.2,2487.2,21,17,iPhone
1619,retained,137,110,181,1045,0,54,4389.5,3583.4,22,16,Android
1620,retained,78,62,117,2770,51,49,4099.4,2422.1,20,13,iPhone
1621,retained,56,45,174,1859,106,148,881.5,514.5,6,3,iPhone
1622,retained,151,120,163,110,46,0,1607.5,882.9,24,14,iPhone
1623,retained,49,49,106,154,240,3,10067.6,6826.5,21,16,iPhone
1624,retained,21,17,48,3487,59,18,2526.3,1614.4,21,17,Android
1625,retained,107,86,131,977,0,180,7053.4,5833.6,2,2,iPhone
1626,retained,9,8,173,1704,0,29,4607.3,2961.5,20,17,iPhone
1627,retained,84,84,211,1945,4,41,9469.4,4663.0,6,1,iPhone
1628,retained,35,29,126,393,252,74,4670.8,850.4,20,18,iPhone
1629,retained,13,11,156,2236,564,0,3469.5,238.2,10,6,Android
1630,retained,31,25,48,2429,0,76,6075.4,1315.6,21,14,Android
1631,retained,164,132,214,731,476,131,1868.3,929.6,16,9,Android
1632,retained,88,71,288,3351,0,6,14145.2,3927.4,17,12,iPhone
1633,churned,112,112,164,945,0,0,3923.6,2460.9,5,5,Android
1634,churned,201,161,312,3201,0,82,2259.3,1553.1,17,16,iPhone
1635,churned,39,32,52,366,696,0,2355.9,1176.3,1,1,iPhone
1636,retained,35,28,119,3309,196,0,2660.4,1918.7,19,19,Android
1637,retained,112,91,293,2464,219,36,10842.3,8750.0,28,27,iPhone
1638,retained,90,74,145,2960,151,59,5673.7,3762.1,31,29,iPhone
1639,churned,36,29,51,1630,0,67,1908.9,605.1,24,18,iPhone
1640,churned,151,121,184,1000,395,0,8555.2,2189.4,30,23,iPhone
1641,retained,184,147,235,1703,1,0,2851.0,387.5,27,20,iPhone
1642,retained,19,15,53,1245,13,15,1852.8,1391.2,26,19,iPhone
1643,retained,113,91,148,617,2,2,2420.4,1737.6,24,17,iPhone
1644,retained,85,76,302,1254,0,0,4941.7,520.8,5,5,iPhone
1645,retained,17,13,22,2422,304,38,1907.2,460.6,9,4,Android
1646,retained,4,4,109,428,2,44,2142.9,1723.2,25,20,iPhone
1647,retained,52,41,291,2805,199,0,2951.0,483.8,11,11,iPhone
1648,retained,42,35,245,2228,54,0,2172.0,209.1,14,14,iPhone
1649,retained,15,15,57,2777,142,131,3066.6,2315.5,11,7,Android
1650,churned,30,26,143,620,78,85,2059.6,1172.4,2,2,iPhone
1651,retained,29,23,82,1593,236,0,4033.2,3023.5,24,21,iPhone
1652,churned,184,148,295,2466,408,0,977.6,358.3,16,16,iPhone
1653,churned,279,223,413,2658,112,4,3268.0,1526.8,4,4,iPhone
1654,retained,90,72,106,2749,0,0,1851.1,1398.8,8,5,Android
1655,retained,135,135,255,776,455,55,2253.3,1562.3,14,11,Android
1657,retained,143,115,362,2051,78,0,2356.5,1846.2,20,13,iPhone
1658,retained,48,38,115,558,108,26,1921.9,1251.6,12,9,Android
1659,retained,68,60,164,3259,17,0,5372.2,2165.3,3,3,iPhone
1660,retained,41,33,98,2742,139,23,3835.0,2585.3,27,20,iPhone
1661,retained,125,101,266,1192,0,26,2086.4,798.4,1,1,Android
1662,retained,251,201,459,2417,3,14,10104.8,3660.8,30,21,iPhone
1663,retained,89,72,230,1607,165,5,3610.3,2546.4,16,13,iPhone
1664,retained,25,20,110,1542,107,6,2668.1,1848.4,15,10,Android
1665,retained,84,67,114,2443,24,0,3209.6,2422.7,27,19,Android
1666,retained,119,96,185,1338,91,0,12069.2,4111.6,23,15,Android
1667,retained,22,22,93,3230,357,0,3116.6,2482.6,21,19,Android
1669,retained,42,35,147,3191,18,0,5278.7,3253.9,1,1,Android
1670,retained,43,37,415,1961,630,87,6489.1,3048.3,27,22,iPhone
1671,retained,7,6,39,170,123,0,5847.9,1930.3,7,7,iPhone
1672,churned,108,87,194,511,747,26,543.4,172.7,11,7,iPhone
1673,retained,209,169,242,2036,432,2,3982.2,1815.1,5,1,Android
1674,churned,158,127,283,3146,213,0,5434.8,1236.1,1,1,Android
1675,churned,127,106,133,1227,0,0,2905.3,1013.7,5,5,Android
1676,retained,69,58,132,1139,16,0,2964.7,2233.3,3,3,iPhone
1677,retained,11,9,80,924,0,0,881.2,632.4,17,14,iPhone
1678,retained,207,168,224,1993,45,44,4872.3,2173.9,22,17,iPhone
1679,churned,10,10,167,389,507,32,3801.1,1974.4,2,1,Android
1680,churned,68,68,87,3365,39,12,2850.9,2162.6,1,1,iPhone
1681,retained,104,84,138,1079,75,61,3016.7,1509.2,19,15,iPhone
1682,retained,77,70,110,3223,76,0,957.5,735.4,13,7,iPhone
1683,retained,42,42,93,3183,11,61,1094.9,821.4,18,12,iPhone
1684,churned,3,3,211,1233,290,74,5254.0,3278.7,18,12,iPhone
1685,retained,97,78,237,2053,149,30,2636.1,1946.2,27,24,Android
1686,retained,14,13,45,3045,67,0,2966.3,1352.4,0,0,Android
1687,retained,141,114,197,3339,156,0,10860.3,8241.7,11,11,iPhone
1688,churned,213,171,243,2184,0,95,1297.9,551.4,15,13,iPhone
1689,churned,1,1,99,927,102,16,4178.5,2624.0,0,0,iPhone
1690,retained,97,79,255,160,135,49,1824.8,1236.5,3,3,iPhone
1691,retained,21,21,131,352,160,25,2620.7,1459.4,12,8,iPhone
1692,retained,2,2,40,2631,0,22,3468.1,1122.8,6,6,Android
1693,retained,36,32,37,1379,498,41,3604.6,994.5,28,26,Android
1694,churned,10,10,77,1893,1,0,5444.9,3692.1,2,2,iPhone
1695,retained,39,32,51,2268,0,0,4063.7,415.8,9,9,Android
1696,retained,108,108,151,2205,78,59,4570.9,1635.0,23,23,Android
1697,retained,15,15,155,1806,5,82,5143.3,1799.0,8,8,iPhone
1698,churned,158,137,182,2126,144,30,2488.2,1493.8,12,12,Android
1699,retained,32,26,52,1173,65,135,2930.7,1656.9,9,4,iPhone
1700,retained,32,27,136,1253,0,0,8221.7,6818.5,14,14,iPhone
1701,churned,4,3,169,2477,323,156,4132.9,2792.0,24,15,iPhone
1702,retained,71,57,155,3338,17,0,619.3,299.5,15,14,iPhone
1703,retained,78,63,105,1625,193,116,4721.2,3488.3,26,25,iPhone
1704,retained,112,92,257,844,100,0,1126.1,354.6,17,15,iPhone
1705,retained,12,11,80,24,0,0,2553.1,1355.5,24,15,iPhone
1706,retained,54,43,200,3381,280,16,1263.2,910.9,26,20,Android
1707,retained,2,2,63,191,216,0,2825.9,2284.7,20,19,iPhone
1708,retained,7,7,51,1107,73,186,4013.1,349.8,18,18,iPhone
1709,churned,28,28,225,1670,43,16,1072.1,647.1,24,15,iPhone
1710,churned,61,52,214,462,286,82,3427.7,2351.1,9,9,iPhone
1711,retained,41,41,103,2265,0,0,3022.4,2345.8,1,1,iPhone
1712,churned,29,27,100,2624,0,90,1471.8,1017.0,3,3,Android
1714,churned,147,117,349,2413,0,5,5509.0,4199.4,7,5,iPhone
1715,retained,34,27,81,1933,0,133,5760.3,1703.6,19,12,iPhone
1716,retained,9,9,115,2099,172,0,1966.2,1447.2,9,4,iPhone
1717,churned,19,19,39,611,23,0,10162.9,3168.8,17,12,iPhone
1718,churned,65,56,70,266,144,0,4549.5,3177.2,6,0,Android
1719,retained,243,195,435,385,26,0,3416.4,2000.8,17,11,iPhone
1720,retained,56,45,157,326,415,0,4945.2,2462.7,22,18,iPhone
1721,retained,36,29,136,2099,0,0,2381.2,1029.5,10,10,Android
1723,retained,10,10,333,2712,37,14,1625.7,425.9,4,2,iPhone
1724,retained,25,20,74,2331,727,46,3608.1,1300.7,9,9,iPhone
1725,retained,22,18,86,1867,110,0,8033.1,4882.9,14,14,iPhone
1727,retained,102,82,119,29,86,38,2403.0,857.8,27,17,Android
1728,retained,49,49,346,3089,48,0,1038.2,84.0,2,0,iPhone
1729,retained,5,5,156,951,52,85,1806.9,1311.0,26,19,iPhone
1730,retained,142,142,571,2203,141,43,5050.0,3386.2,28,23,Android
1731,retained,54,45,430,2813,239,0,3570.9,2863.4,11,6,iPhone
1732,retained,67,55,243,2367,0,50,1894.3,1059.5,18,15,iPhone
1733,retained,116,96,161,1775,13,0,1150.0,719.2,23,20,Android
1734,churned,78,66,664,779,24,0,2098.6,1180.4,9,7,iPhone
1735,retained,129,103,329,275,88,68,7448.9,2098.2,1,1,Android
1736,retained,11,11,36,390,32,123,5970.3,4251.1,9,7,iPhone
1737,churned,45,45,201,730,92,0,8020.4,4439.5,27,20,Android
1739,retained,240,193,249,1112,82,36,5759.9,2075.9,29,26,iPhone
1740,retained,69,69,146,708,174,0,9702.2,4434.8,12,11,iPhone
1741,retained,22,18,313,1343,151,0,3744.2,366.7,10,6,iPhone
1742,churned,127,109,137,3031,10,0,2735.5,1817.6,15,12,iPhone
1743,retained,35,35,53,2761,302,22,4442.1,1973.4,16,11,iPhone
1744,retained,257,205,278,2734,150,0,863.8,671.1,24,20,iPhone
1745,retained,61,61,99,2587,76,0,2071.6,266.7,29,23,iPhone
1746,churned,7,6,97,556,32,35,2563.9,377.8,30,24,iPhone
1747,retained,16,16,137,2297,0,0,3745.9,1728.3,9,3,Android
1748,retained,102,92,136,1316,248,41,634.8,277.0,7,7,iPhone
1749,retained,59,59,344,1967,128,0,1790.7,1096.9,18,11,iPhone
1750,churned,50,43,197,2357,0,0,2703.9,1565.7,1,0,iPhone
1751,retained,47,38,136,728,276,42,5584.7,3030.1,8,2,Android
1752,retained,236,194,264,808,102,32,3762.3,3063.2,11,11,iPhone
1753,retained,11,9,56,3383,29,0,3946.6,953.8,24,20,Android
1754,churned,182,146,261,1879,634,6,4918.1,1610.5,15,8,iPhone
1755,churned,85,68,249,92,0,20,4569.5,184.1,16,15,iPhone
1756,retained,114,93,277,1262,6,0,2249.6,1231.0,16,15,iPhone
1757,retained,94,75,307,3226,0,19,4879.4,1962.7,7,3,iPhone
1758,retained,74,60,207,2804,139,101,5841.8,359.2,2,0,Android
1759,retained,247,238,365,434,126,7,4800.3,727.5,19,13,iPhone
1760,retained,250,205,321,1332,0,20,2701.5,920.8,13,6,iPhone
1761,retained,33,27,44,2251,709,61,2562.2,1071.5,21,16,iPhone
1762,retained,1,1,140,173,0,0,3981.9,2753.1,10,7,Android
1763,retained,13,13,252,3148,215,97,6227.2,1562.2,21,21,iPhone
1764,retained,74,60,110,1034,156,6,4591.9,2391.2,24,24,Android
1765,retained,78,64,227,850,149,56,3021.9,949.6,30,22,Android
1766,retained,207,167,571,3440,0,2,1270.6,666.7,5,5,iPhone
1767,retained,25,20,61,439,177,14,5908.1,2444.0,23,21,Android
1768,retained,86,71,91,1514,0,0,2412.8,1500.5,14,6,iPhone
1769,retained,59,47,119,1614,98,0,2344.0,116.8,14,9,iPhone
1770,retained,118,96,268,2386,319,0,4334.0,3608.7,26,25,Android
1771,retained,15,12,27,2328,100,0,1320.0,274.9,24,24,iPhone
1772,retained,23,19,160,1947,243,3,3028.5,997.5,10,8,Android
1773,retained,39,35,209,1435,23,41,2986.6,555.1,25,25,Android
1774,retained,18,14,73,3342,224,88,5704.3,271.1,27,20,iPhone
1775,retained,101,83,109,1525,0,33,3213.9,2598.8,16,14,Android
1776,retained,44,36,90,1878,415,25,6340.5,3988.8,21,18,Android
1777,retained,45,36,65,2403,336,0,3388.1,2100.9,18,18,iPhone
1778,retained,44,35,71,3248,0,0,3134.7,2049.3,20,20,iPhone
1780,retained,90,90,108,1297,473,26,1601.7,347.3,9,9,iPhone
1781,retained,19,17,90,3217,152,0,1575.5,688.9,31,26,iPhone
1782,churned,16,13,117,2173,225,90,1887.2,999.2,8,5,iPhone
1783,retained,54,43,203,2284,24,109,10532.2,4447.8,14,10,iPhone
1784,retained,29,23,42,2129,367,0,8678.2,3098.4,14,13,iPhone
1785,retained,26,26,378,2640,105,3,919.7,625.3,11,6,iPhone
1786,churned,93,80,109,1814,120,89,1681.4,644.2,2,2,iPhone
1787,retained,38,33,56,1746,75,0,3197.7,1573.2,4,2,iPhone
1788,retained,182,147,440,1139,143,1,1941.0,1062.9,0,0,iPhone
1790,retained,421,407,549,1403,0,42,3498.7,2249.0,9,9,iPhone
1791,churned,4,4,11,1476,108,43,2245.9,1753.5,16,10,iPhone
1792,retained,184,150,359,446,130,2,6896.0,1594.7,19,18,iPhone
1793,retained,19,19,30,2601,35,41,3062.8,264.9,24,23,iPhone
1794,retained,58,47,107,163,0,0,2950.4,1414.5,29,24,iPhone
1795,retained,218,174,744,454,0,49,683.3,544.4,13,6,iPhone
1796,retained,59,47,61,867,98,0,4379.6,2634.4,6,2,iPhone
1797,retained,3,3,236,207,37,72,2306.8,1552.5,26,21,iPhone
1798,churned,11,9,66,1539,193,103,4461.0,873.9,17,17,iPhone
1799,retained,60,60,70,1397,0,145,2989.5,2169.0,13,13,iPhone
1800,retained,61,49,76,2115,0,0,2574.4,1959.7,30,19,Android
1801,churned,43,37,257,3013,0,10,1234.5,626.3,8,4,iPhone
1802,retained,12,10,170,1661,50,48,3813.1,2425.8,27,25,iPhone
1803,retained,9,9,26,3341,0,0,2279.2,1696.6,30,24,Android
1804,retained,53,53,140,160,167,84,3381.0,1096.7,17,13,iPhone
1805,churned,24,19,32,712,234,35,6529.2,3952.4,9,3,iPhone
1806,retained,0,0,37,3098,236,0,5570.7,944.0,6,0,Android
1807,retained,42,40,49,1265,38,0,3654.5,961.1,28,18,Android
1808,retained,36,29,69,1567,99,69,6427.1,733.5,17,15,iPhone
1809,churned,40,32,43,3152,77,37,4398.3,1656.9,1,1,iPhone
1810,churned,2,2,132,856,196,0,3688.8,2840.2,7,4,iPhone
1811,retained,185,152,242,2625,171,23,2707.4,1098.5,3,3,iPhone
1812,retained,154,124,397,2577,342,177,10750.1,1618.7,29,20,iPhone
1813,retained,24,23,179,1220,589,35,3293.3,2426.1,19,18,Android
1814,retained,319,258,434,3427,120,52,5181.0,1261.2,5,3,iPhone
1815,retained,92,92,178,663,195,70,9762.4,7089.4,8,7,iPhone
1816,retained,42,33,144,1634,61,0,5517.2,4075.1,29,26,iPhone
1817,retained,1,1,184,2653,577,0,1503.5,1189.6,31,30,iPhone
1818,retained,123,99,206,3297,624,0,11375.6,8611.4,29,28,iPhone
1819,churned,94,78,697,2852,131,41,7154.3,5823.0,2,1,Android
1820,retained,67,67,244,444,145,28,2414.1,1953.2,13,6,iPhone
1821,retained,86,69,333,1910,0,24,5738.3,662.6,9,6,iPhone
1822,retained,37,34,136,3224,170,7,904.0,233.4,5,3,iPhone
1823,retained,173,158,227,2372,172,68,10330.4,2609.7,10,5,Android
1824,retained,27,23,115,1651,121,0,1023.6,623.3,26,18,Android
1825,retained,143,115,255,3467,121,22,907.6,164.9,11,11,iPhone
1826,churned,12,10,116,1146,181,0,4607.5,3761.6,3,3,Android
1827,retained,9,9,123,3258,0,90,6935.2,4058.2,20,17,Android
1828,retained,91,75,110,98,0,70,7567.5,1825.3,11,8,iPhone
1829,retained,119,96,125,2469,0,0,2665.3,1920.4,28,27,Android
1830,retained,79,63,137,2775,361,29,2235.7,1518.6,29,21,iPhone
1831,retained,157,126,203,2503,106,72,2863.8,2222.7,13,7,iPhone
1832,retained,9,8,151,1619,122,21,1750.9,1291.8,19,12,iPhone
1833,retained,185,149,238,3117,163,59,7434.5,2823.2,21,17,Android
1834,retained,12,10,367,2986,281,26,878.6,422.8,1,1,iPhone
1835,retained,35,28,63,143,73,0,5393.0,1507.4,19,19,iPhone
1836,retained,108,87,233,1303,172,0,1579.5,819.8,11,10,iPhone
1837,retained,49,40,60,1220,31,0,8434.1,3807.0,25,21,iPhone
1840,retained,15,13,323,2073,6,0,4859.2,890.8,14,13,iPhone
1841,retained,42,42,319,2958,120,40,2028.9,1023.3,10,10,iPhone
1842,churned,73,62,176,2744,0,131,5844.4,1769.8,1,1,iPhone
1843,retained,64,51,274,3351,48,30,1770.8,1117.5,22,21,Android
1844,churned,175,142,325,2376,46,58,5691.1,2190.2,12,9,iPhone
1845,retained,22,17,63,755,38,75,2205.7,853.6,18,13,iPhone
1846,retained,126,101,276,1767,62,17,5008.6,2090.7,22,22,Android
1847,churned,21,17,151,1604,112,54,3028.2,2464.1,1,0,iPhone
1848,retained,61,50,92,1665,0,72,2721.9,1316.1,24,22,iPhone
1849,retained,16,13,68,1067,297,0,3453.3,2077.6,18,15,iPhone
1850,retained,65,53,65,2330,343,11,60.4,48.1,22,20,iPhone
1851,retained,51,43,84,78,290,5,3543.5,1113.6,17,17,Android
1852,churned,29,26,124,2933,39,113,13322.1,3249.0,1,1,iPhone
1853,retained,80,64,130,1487,5,31,3225.0,1476.2,29,23,iPhone
1854,retained,4,4,8,1206,161,0,11345.9,664.0,15,11,iPhone
1855,retained,18,15,182,1206,104,0,5027.9,3711.1,24,17,iPhone
1856,retained,7,6,48,767,48,15,1850.6,1100.5,17,13,iPhone
1857,retained,13,11,115,80,31,0,7160.8,4220.1,30,27,iPhone
1858,retained,4,4,18,980,231,7,10988.3,3797.4,15,10,iPhone
1859,retained,10,10,43,1729,55,0,2774.6,1004.4,11,11,iPhone
1861,retained,69,56,196,3287,144,100,1932.0,486.9,7,7,Android
1862,churned,163,131,176,1305,47,56,4176.2,3269.5,7,7,iPhone
1863,retained,443,356,456,2765,533,0,3262.9,2449.0,23,18,Android
1864,retained,38,30,74,1284,328,0,2057.4,1161.5,17,17,iPhone
1865,retained,3,3,16,972,78,110,2386.4,791.5,1,0,iPhone
1866,retained,11,8,130,1670,31,0,5690.3,2591.4,7,6,Android
1867,retained,14,11,106,1630,220,53,5926.5,2306.7,12,12,iPhone
1868,retained,23,19,148,1917,53,121,1109.9,495.7,5,1,iPhone
1869,retained,168,140,180,2654,392,76,1555.8,420.9,13,8,iPhone
1870,retained,87,83,176,3157,102,0,2603.6,766.2,24,16,iPhone
1871,retained,248,215,535,1272,180,0,3443.4,850.3,16,13,iPhone
1872,retained,71,58,105,3160,170,0,1781.8,861.7,1,1,iPhone
1873,retained,463,371,673,1215,0,0,3462.0,1966.5,13,7,Android
1874,retained,79,63,253,2713,90,0,4279.1,2269.4,2,0,iPhone
1875,retained,54,43,61,900,261,0,7213.0,1422.3,2,0,Android
1876,churned,16,13,89,1381,180,2,5200.2,4260.1,4,3,iPhone
1877,retained,9,7,134,3335,0,83,9987.9,1518.1,11,10,Android
1878,churned,36,30,120,3121,55,52,2120.0,711.5,5,2,iPhone
1879,retained,53,44,124,560,335,5,2113.6,1304.6,25,20,Android
1880,retained,6,6,24,1128,0,0,1675.1,616.3,17,12,Android
1881,retained,176,140,286,2485,0,13,6271.2,1783.8,16,10,iPhone
1882,retained,58,52,249,2739,54,75,6133.2,1597.9,17,9,iPhone
1883,retained,64,51,129,354,500,0,7367.4,3728.2,7,5,iPhone
1884,retained,21,19,64,944,29,0,3764.1,2887.9,3,3,iPhone
1885,retained,46,37,257,2265,0,21,3382.0,1284.9,17,11,iPhone
1886,retained,134,107,193,3238,25,5,8667.5,6240.8,17,17,iPhone
1888,retained,16,13,29,2000,0,73,3773.8,2920.5,26,25,iPhone
1889,retained,59,52,129,2307,36,0,5532.1,425.0,12,11,iPhone
1890,retained,135,134,404,3143,258,56,835.3,573.2,11,6,Android
1891,churned,95,76,259,1073,616,9,2786.4,1335.2,3,0,iPhone
1892,retained,76,61,138,3039,64,0,2009.6,109.5,17,15,iPhone
1893,churned,80,65,174,1721,24,17,2665.9,1557.4,13,6,iPhone
1894,retained,115,115,189,2391,100,0,1929.9,1583.9,20,18,iPhone
1895,retained,607,492,930,2646,153,39,1931.4,876.0,28,18,iPhone
1896,retained,82,66,96,1440,28,5,753.2,563.7,21,18,iPhone
1897,churned,4,4,81,849,164,4,2088.9,854.5,16,15,Android
1898,churned,50,50,73,3247,240,0,4327.5,3200.5,10,6,iPhone
1899,retained,57,57,176,3402,15,0,5023.7,1656.1,13,8,iPhone
1900,retained,13,11,179,2582,0,26,3439.2,1725.3,26,19,iPhone
1901,retained,2,1,168,428,211,12,2147.5,533.0,17,17,Android
1902,churned,0,0,29,1170,0,75,2371.4,733.8,8,8,Android
1903,retained,15,15,36,1954,53,0,514.4,282.4,29,24,Android
1906,retained,82,67,116,2783,182,0,3238.8,2527.1,3,2,iPhone
1907,churned,123,98,128,1404,22,63,4922.1,1855.9,1,1,iPhone
1908,retained,69,56,120,813,88,0,4147.8,2528.2,15,12,iPhone
1909,retained,248,205,461,3448,924,0,3964.9,2358.1,17,10,iPhone
1910,retained,46,37,95,383,111,11,2657.2,947.2,9,9,Android
1911,retained,47,38,168,639,131,0,1990.9,727.3,10,4,iPhone
1912,retained,88,73,312,1177,208,43,1517.4,740.5,31,22,iPhone
1913,retained,94,86,584,1288,243,75,2713.2,2186.6,16,15,Android
1914,retained,47,38,48,1399,0,68,1891.8,536.1,16,13,iPhone
1915,retained,111,89,138,1133,382,0,3854.9,1767.8,15,11,iPhone
1916,churned,151,121,206,61,54,41,3147.9,991.1,8,4,iPhone
1917,retained,98,79,129,79,77,0,5073.6,4181.0,16,14,iPhone
1918,churned,40,32,89,3246,160,394,1524.3,595.3,18,10,iPhone
1919,retained,51,41,254,501,451,0,10416.0,1868.8,22,15,iPhone
1920,retained,14,11,21,1627,16,0,8405.4,2490.4,22,16,Android
1921,retained,10,10,42,2431,31,29,7112.8,3134.4,1,1,Android
1923,retained,36,30,67,1499,142,53,1155.4,455.0,0,0,Android
1924,retained,27,22,56,335,77,4,1356.9,635.8,21,17,iPhone
1926,retained,73,60,89,3305,165,45,2241.7,973.4,14,10,iPhone
1928,retained,13,10,327,3015,283,0,6818.6,5360.4,25,23,iPhone
1929,churned,33,28,43,495,99,85,5938.6,3248.7,5,5,iPhone
1930,retained,39,32,51,764,554,0,2709.9,1029.0,5,5,iPhone
1931,retained,181,145,272,621,0,52,7168.6,5072.3,24,18,iPhone
1932,retained,49,40,71,1330,330,6,2278.1,1192.1,28,25,Android
1933,retained,97,91,149,2317,37,78,2482.6,930.9,6,6,Android
1934,retained,74,60,167,219,0,69,5013.6,3792.2,28,26,iPhone
1935,retained,29,24,202,2655,202,0,5074.1,1065.8,21,21,iPhone
1937,churned,26,22,368,841,0,0,4006.8,3003.2,18,18,Android
1938,retained,104,89,218,1307,52,0,5348.8,3210.8,27,18,iPhone
1939,churned,179,166,424,885,0,98,559.3,306.5,24,21,iPhone
1940,retained,52,42,68,3265,0,0,1943.9,533.5,26,24,iPhone
1941,retained,69,56,77,2112,0,10,3903.2,2880.7,24,17,iPhone
1942,churned,8,8,141,3168,121,18,3579.9,2563.5,19,10,iPhone
1943,retained,52,46,246,1411,8,0,880.8,693.3,29,26,iPhone
1944,retained,13,11,89,2536,0,0,2272.8,1669.9,7,3,iPhone
1945,churned,310,248,363,3408,52,2,1210.8,320.4,9,3,iPhone
1946,retained,10,9,91,763,169,0,1442.7,1061.4,20,16,iPhone
1947,retained,50,40,105,414,327,0,6310.4,2236.2,20,17,Android
1948,retained,79,64,174,447,304,183,3367.2,1165.4,28,19,iPhone
1949,retained,106,85,170,386,100,33,1790.1,1433.8,23,23,iPhone
1950,retained,61,51,304,1938,20,6,1940.0,1002.5,14,7,iPhone
1951,churned,87,71,128,449,93,69,6856.4,1257.7,27,24,Android
1952,retained,54,43,77,2247,176,30,3658.2,1860.5,10,6,Android
1953,retained,23,23,36,2010,47,24,2312.2,1461.1,29,22,Android
1954,retained,76,61,393,1821,369,0,2269.0,582.2,21,18,iPhone
1955,retained,68,54,132,242,72,0,2678.4,2226.5,15,14,iPhone
1956,retained,24,19,44,53,71,0,8130.3,5076.8,14,13,Android
1957,retained,49,40,83,2742,144,30,1119.5,612.3,21,18,iPhone
1958,retained,83,69,257,950,7,0,1377.2,71.1,1,1,iPhone
1959,retained,72,58,228,3009,168,33,2938.5,2317.4,18,11,Android
1960,churned,100,81,163,171,174,0,3468.6,1948.3,10,10,iPhone
1961,retained,25,21,234,2237,92,0,13981.3,11230.9,16,14,Android
1962,churned,22,22,211,207,494,0,2910.4,2094.1,4,0,iPhone
1963,retained,53,43,96,1816,140,0,1723.6,1408.9,9,9,iPhone
1964,churned,43,34,123,3194,0,0,5675.0,1531.6,21,19,iPhone
1965,retained,323,323,349,3057,33,0,2900.9,1518.6,27,20,iPhone
1966,churned,171,137,453,545,66,5,2562.2,714.3,4,3,iPhone
1967,churned,68,55,301,1638,77,116,4884.0,492.8,13,11,Android
1968,retained,156,133,248,2908,164,74,4538.5,1128.1,8,4,iPhone
1969,retained,179,144,321,358,62,46,2640.0,1854.3,8,4,iPhone
1970,retained,27,22,63,2571,47,91,5220.4,2296.3,8,8,iPhone
1971,retained,88,71,158,3279,229,0,2110.6,75.3,21,21,iPhone
1972,retained,263,210,560,1437,69,0,6909.2,4583.1,9,9,iPhone
1973,churned,45,37,121,1895,0,11,8140.7,6009.7,0,0,iPhone
1974,churned,138,112,278,176,0,10,4343.5,1971.0,15,15,iPhone
1975,retained,133,109,290,2688,234,0,3594.4,2942.0,27,22,Android
1977,retained,66,53,219,1226,647,7,4844.0,3311.7,19,12,iPhone
1978,retained,262,210,303,1088,20,0,5268.9,2312.0,6,1,iPhone
1979,retained,90,72,166,2452,30,11,8100.8,836.9,14,11,iPhone
1980,retained,8,8,10,2828,0,0,1998.2,1429.8,26,23,Android
1981,retained,46,37,91,1572,154,28,1923.1,966.3,13,12,Android
1982,churned,20,16,418,1557,159,0,3931.4,2970.6,8,7,iPhone
1983,retained,408,327,524,2940,240,7,3705.0,1140.3,13,12,iPhone
1985,retained,63,51,262,1878,123,0,2588.3,228.2,11,11,iPhone
1986,retained,53,50,281,313,0,4,5308.9,1384.3,23,16,iPhone
1987,retained,61,49,222,2630,45,84,4374.4,2087.3,22,17,Android
1988,retained,109,92,178,674,274,61,1248.1,408.0,9,8,iPhone
1989,retained,5,5,41,2858,226,7,2086.8,623.2,11,6,iPhone
1990,retained,154,123,311,2924,26,0,2260.2,195.1,26,24,Android
1991,retained,12,12,15,1516,223,62,1122.3,537.4,22,16,Android
1992,retained,114,91,238,1541,27,0,2023.7,1117.1,27,18,iPhone
1993,churned,64,52,86,3370,0,139,4119.9,2264.7,4,4,iPhone
1995,retained,11,11,55,375,11,0,1401.3,268.2,25,25,iPhone
1997,retained,91,75,105,2552,69,10,2467.5,575.8,2,2,Android
1998,retained,135,108,165,3478,122,6,1877.2,1517.8,14,14,iPhone
1999,retained,7,7,94,3199,157,118,886.3,553.7,12,9,iPhone
2000,retained,27,22,40,454,29,0,2780.1,861.9,21,15,iPhone
2001,retained,10,8,252,3228,0,98,2713.1,1618.6,22,22,iPhone
2002,churned,22,19,87,1945,133,0,1198.7,935.3,8,3,iPhone
2003,retained,12,10,115,2956,0,27,1072.5,764.1,18,10,iPhone
2004,retained,221,203,251,1183,81,3,1600.0,640.6,29,20,Android
2005,retained,30,30,67,1492,17,0,2060.8,830.5,17,13,iPhone
2007,retained,24,20,50,2251,2,0,3450.7,2666.8,17,10,iPhone
2008,retained,62,50,114,2519,13,0,544.4,316.3,14,8,iPhone
2009,retained,47,39,172,430,0,71,9647.4,2592.3,1,1,iPhone
2010,retained,92,74,206,811,0,2,3155.9,2124.9,1,0,Android
2011,retained,185,149,199,1561,255,79,6854.1,1378.5,29,20,iPhone
2012,retained,73,63,185,3074,45,43,6594.3,2282.0,6,4,iPhone
2013,retained,7,7,189,175,0,33,3368.7,897.6,30,21,Android
2014,retained,301,242,502,2895,69,12,1226.9,95.4,1,0,iPhone
2015,retained,91,73,146,2805,55,32,8031.0,1734.0,0,0,Android
2016,retained,218,175,412,2824,135,243,5526.6,3894.2,27,17,iPhone
2017,retained,9,7,104,1060,31,15,1077.7,879.7,25,16,Android
2018,retained,20,16,63,2120,0,0,1565.6,504.0,19,19,iPhone
2019,churned,132,105,224,2320,86,33,2989.3,1513.3,7,6,iPhone
2021,retained,61,52,118,3262,8,25,7397.5,1365.5,26,24,Android
2022,churned,132,132,178,2572,48,81,1593.6,1279.0,6,3,iPhone
2023,retained,34,27,112,1044,1158,95,4117.8,1393.5,18,12,iPhone
2024,retained,40,33,87,1482,5,0,3559.6,2088.1,16,14,Android
2025,churned,27,22,39,1974,248,0,1661.0,387.9,1,1,iPhone
2026,retained,103,82,110,2014,166,21,13022.9,10796.5,30,20,iPhone
2027,retained,24,20,287,2888,138,63,1583.1,742.4,3,2,iPhone
2028,retained,5,5,42,73,264,0,578.5,306.5,12,9,iPhone
2029,retained,48,42,185,1950,76,0,1146.1,782.5,23,22,iPhone
2031,retained,93,76,99,2986,70,77,3907.6,2511.6,21,17,Android
2033,churned,216,175,421,906,0,13,4213.6,1790.3,8,8,iPhone
2034,retained,4,4,215,1045,18,53,2401.3,564.3,16,13,iPhone
2035,retained,27,22,30,3188,66,0,9280.3,7320.0,11,5,iPhone
2036,churned,110,89,328,3341,132,35,11886.3,6467.2,21,14,iPhone
2037,retained,49,49,162,3037,197,46,1993.2,395.3,16,13,iPhone
2038,churned,91,77,122,1238,86,197,7389.9,4947.4,1,0,Android
2039,retained,53,42,87,1147,68,14,7650.3,546.1,25,17,iPhone
2040,retained,54,54,155,2863,0,0,1702.0,1088.8,2,2,iPhone
2041,retained,30,24,45,2586,72,76,8301.2,3852.3,25,18,iPhone
2042,retained,35,28,54,1927,188,0,5533.3,3896.6,25,25,iPhone
2043,retained,8,7,127,2236,42,0,6845.7,4642.5,1,1,Android
2044,retained,63,50,68,930,0,0,3040.8,813.1,2,0,iPhone
2045,retained,2,2,200,991,70,36,3970.5,1114.0,23,14,Android
2046,retained,18,15,102,1072,0,14,1433.8,687.8,9,9,iPhone
2047,retained,89,72,166,1068,53,5,3220.4,1193.8,30,28,iPhone
2048,churned,187,153,195,2406,356,63,481.1,179.1,1,0,Android
2049,retained,65,52,147,1307,22,20,5519.7,1146.4,23,23,iPhone
2050,retained,1,1,86,2664,439,8,1089.7,470.6,15,10,iPhone
2051,retained,295,249,308,1669,56,15,2568.2,1203.1,29,22,Android
2052,retained,70,59,168,1486,0,10,3803.1,1185.5,1,0,iPhone
2053,retained,192,155,287,2443,0,145,6063.5,3714.0,6,6,iPhone
2054,retained,255,204,326,2742,190,0,6550.8,4371.5,15,10,iPhone
2055,churned,64,53,178,528,265,14,6624.9,2903.6,9,5,Android
2056,retained,0,0,5,1198,174,26,1129.6,912.8,10,9,iPhone
2057,retained,73,73,75,2677,90,7,3491.0,1770.7,17,10,iPhone
2058,retained,48,40,281,2371,415,30,1335.5,756.5,14,9,Android
2059,retained,171,137,192,1236,309,87,10141.6,6949.9,10,8,Android
2060,churned,40,33,273,2098,0,396,7564.3,3402.0,6,6,iPhone
2061,retained,2,2,60,921,90,0,2052.1,933.2,26,25,iPhone
2062,retained,68,61,87,2500,701,26,4186.7,1861.3,7,6,iPhone
2063,retained,7,6,200,1580,140,163,6706.1,1668.5,20,13,iPhone
2064,retained,96,78,272,2499,84,29,3550.8,569.4,11,11,iPhone
2065,retained,55,47,61,2614,0,0,10739.4,8016.2,10,8,iPhone
2066,retained,52,43,186,275,0,3,3639.0,1535.3,28,18,iPhone
2067,retained,7,7,15,2258,166,3,5668.7,464.6,23,20,iPhone
2068,retained,49,39,55,3418,213,0,2358.2,804.3,19,13,iPhone
2069,retained,64,51,124,2159,128,0,5592.3,4311.8,22,13,Android
2070,retained,12,10,108,2016,79,22,4184.6,1458.0,27,23,Android
2071,retained,44,35,122,2554,297,0,1228.4,650.2,9,5,iPhone
2072,churned,111,97,153,2843,18,69,5394.8,3750.0,6,1,iPhone
2073,retained,11,10,229,219,307,42,1771.3,1189.4,25,19,iPhone
2074,retained,17,16,121,3380,77,0,7828.5,3619.6,20,11,Android
2075,retained,190,153,207,461,11,0,14384.3,7044.4,12,10,Android
2076,churned,60,50,94,584,415,0,5933.6,3921.2,6,6,Android
2077,retained,2,2,160,3069,0,81,1607.3,207.5,19,10,iPhone
2078,retained,238,195,410,3479,138,31,3597.6,2155.4,17,15,iPhone
2079,retained,75,62,87,1168,545,16,6180.8,958.5,6,6,iPhone
2080,retained,53,53,259,3300,111,0,3528.2,1174.6,6,0,Android
2081,retained,38,37,97,1407,0,23,1418.0,898.5,21,14,iPhone
2082,retained,128,103,182,1105,191,20,5008.7,289.0,12,10,iPhone
2083,retained,57,57,129,894,446,0,2813.5,1364.0,1,1,iPhone
2084,retained,62,50,374,2083,0,14,4722.8,1219.9,6,1,Android
2085,retained,45,37,218,196,0,11,6031.0,4218.1,19,11,Android
2086,retained,63,52,66,2727,13,9,1904.6,744.9,28,25,iPhone
2087,retained,84,67,177,362,23,0,6616.6,2559.4,10,10,iPhone
2088,retained,91,74,167,1493,160,8,6757.1,3125.2,24,23,Android
2090,retained,226,184,333,446,164,125,1527.8,921.3,27,20,iPhone
2091,churned,146,122,396,873,125,1,1119.7,506.2,10,9,iPhone
2092,retained,22,18,177,2958,60,0,4012.4,660.8,22,20,iPhone
2093,retained,25,20,170,289,73,0,3331.8,1763.0,11,11,iPhone
2094,retained,25,21,119,2576,43,0,2265.5,1743.3,2,2,Android
2095,retained,39,36,47,1726,3,62,1648.8,1280.1,12,11,Android
2096,retained,32,26,418,2962,0,0,1669.2,1180.2,5,3,iPhone
2097,retained,211,176,337,2432,113,137,3642.8,1824.6,17,17,iPhone
2098,retained,15,15,21,3279,732,0,898.3,175.5,7,3,iPhone
2099,retained,84,67,466,1446,0,3,1114.9,600.7,11,5,iPhone
2100,churned,369,295,1216,986,6,0,4105.5,1155.1,17,10,iPhone
2101,retained,51,44,106,2099,2,12,6398.6,2652.8,17,16,iPhone
2102,retained,145,117,166,1040,34,32,1998.0,1280.2,29,20,Android
2103,retained,6,6,224,1071,301,0,5920.4,4625.6,13,13,Android
2104,retained,132,105,281,3181,0,0,5923.3,379.5,23,16,Android
2105,churned,34,28,259,511,174,0,1421.3,391.0,6,3,iPhone
2106,retained,130,104,257,3107,704,0,12311.8,3674.7,14,11,iPhone
2107,retained,78,64,83,2349,69,0,8572.0,5253.2,28,25,Android
2108,retained,65,53,123,3133,147,7,2365.2,1080.5,23,17,Android
2109,retained,100,80,152,2884,86,0,1506.8,516.7,15,10,Android
2110,retained,8,8,62,154,13,65,5252.8,3250.4,10,6,iPhone
2111,retained,88,72,185,3086,102,22,8739.8,1849.2,6,1,iPhone
2112,retained,92,74,325,1875,93,71,3473.6,1347.6,3,3,iPhone
2113,retained,101,83,146,3238,230,2,3249.2,635.2,24,22,iPhone
2114,churned,173,141,259,436,207,0,6573.2,1323.6,13,13,Android
2115,retained,50,50,147,1613,0,0,6017.7,2981.3,2,2,iPhone
2116,retained,74,60,89,2830,1,0,7893.1,1426.8,23,19,iPhone
2117,retained,82,68,215,3290,152,0,3558.9,1684.2,1,1,Android
2118,retained,68,55,397,2145,53,17,2538.6,1558.4,25,22,iPhone
2119,retained,561,449,613,1627,192,29,3972.9,2565.5,21,21,iPhone
2121,churned,17,17,22,1327,0,204,2577.3,1121.8,14,13,Android
2122,retained,3,3,128,3326,0,0,4658.6,3001.9,27,24,iPhone
2123,churned,99,81,225,1090,69,0,3643.7,769.1,14,12,Android
2124,retained,230,185,734,2893,367,23,2089.2,560.2,30,23,Android
2125,retained,1,1,72,611,298,8,2645.1,2007.6,14,11,iPhone
2126,retained,178,167,192,592,0,0,5024.1,3264.8,22,15,Android
2127,retained,152,122,353,2790,5,15,3428.9,1307.5,12,9,iPhone
2128,churned,31,31,71,115,33,23,1422.4,831.8,2,2,Android
2129,churned,61,60,168,358,87,0,4965.7,3185.5,7,3,iPhone
2130,churned,109,88,191,1164,220,0,8817.6,5061.0,21,17,iPhone
2131,retained,43,36,80,82,29,0,1713.0,809.1,7,7,iPhone
2132,retained,39,32,143,348,65,66,3213.8,2206.9,21,12,iPhone
2133,retained,18,14,516,969,15,0,3719.0,1908.0,22,14,iPhone
2134,retained,18,15,106,3078,0,58,4989.0,1431.1,15,15,iPhone
2135,retained,16,16,125,1775,421,4,2573.2,1111.1,29,20,iPhone
2136,retained,23,21,319,2909,44,126,2156.1,124.8,27,24,iPhone
2137,retained,29,26,99,323,0,6,9435.9,1690.8,15,9,iPhone
2138,churned,146,121,235,13,35,0,1441.5,716.1,13,10,iPhone
2139,retained,143,115,205,725,134,153,353.8,284.5,26,22,Android
2140,retained,24,22,120,2952,72,0,3479.0,1701.1,2,2,Android
2141,churned,82,66,120,793,23,0,5581.1,2036.2,5,1,Android
2142,churned,22,22,153,520,15,103,5586.0,3257.2,0,0,iPhone
2143,retained,39,32,156,380,130,24,7234.8,1606.6,30,25,Android
2144,retained,129,104,174,2509,26,16,9926.6,344.8,10,7,iPhone
2145,retained,164,164,283,1699,30,60,3943.0,1233.7,20,17,iPhone
2146,retained,173,139,176,2376,104,36,740.2,543.9,12,12,iPhone
2147,retained,20,17,192,1260,0,0,1520.4,404.8,2,2,Android
2148,retained,174,140,547,1044,34,7,4026.1,975.2,26,26,iPhone
2149,retained,46,37,72,909,111,0,5068.9,3556.4,25,16,Android
2150,retained,33,33,263,1529,127,0,8699.3,327.9,3,3,iPhone
2151,retained,13,11,165,2717,0,0,3092.2,2504.3,19,19,Android
2152,retained,75,64,204,3258,56,0,2036.5,1686.1,27,22,iPhone
2153,retained,99,99,226,3255,0,0,3820.7,1030.6,0,0,iPhone
2154,retained,42,34,210,1739,240,34,2638.2,1941.6,23,16,iPhone
2155,retained,145,116,217,455,0,0,3503.0,774.3,3,2,iPhone
2156,retained,28,23,41,3102,5,62,3499.6,2570.8,21,19,iPhone
2157,retained,32,32,35,586,219,15,1322.4,1076.4,6,6,iPhone
2158,churned,205,164,263,535,0,22,1303.2,1031.4,24,16,Android
2159,retained,61,49,119,3029,33,134,2756.1,1159.6,24,19,iPhone
2161,churned,218,181,234,885,182,30,1191.8,549.1,3,0,Android
2162,retained,106,86,202,3350,38,12,10713.6,2579.3,30,26,iPhone
2163,churned,116,94,537,1322,172,52,3693.1,2030.3,3,3,iPhone
2164,retained,85,76,175,2478,138,0,5828.4,1066.9,13,7,iPhone
2165,retained,91,74,322,1676,46,0,3929.2,214.5,13,13,Android
2166,retained,88,70,151,1041,18,6,3252.0,1872.0,30,22,Android
2167,retained,37,30,101,2717,478,4,7293.3,1196.5,5,5,iPhone
2168,retained,47,38,115,3447,383,91,1374.2,1121.1,9,4,Android
2169,retained,210,194,306,2464,467,0,3799.8,2448.5,24,17,iPhone
2170,retained,62,53,70,2666,0,33,6197.5,1983.7,20,16,Android
2171,retained,188,151,194,1268,85,0,2920.0,303.5,2,2,iPhone
2172,retained,16,14,37,901,172,0,3621.1,2252.0,11,6,Android
2173,retained,27,27,71,3302,113,16,2604.4,2080.3,29,21,Android
2174,retained,77,62,93,551,128,0,6062.1,4597.4,25,24,Android
2175,churned,94,75,141,40,28,17,8827.4,6453.7,11,6,iPhone
2176,retained,35,33,94,2518,63,0,7522.2,3639.8,12,12,iPhone
2177,retained,302,242,412,430,362,0,9752.4,1046.2,29,21,iPhone
2178,retained,51,42,135,2977,75,0,2660.5,1185.2,21,15,Android
2179,retained,130,104,166,3288,3,63,2438.9,1072.5,20,19,Android
2180,retained,34,28,185,1843,0,0,1258.4,243.8,29,26,Android
2181,retained,5,5,6,3338,514,30,6830.2,2009.4,9,9,iPhone
2182,retained,78,63,171,1656,24,19,3774.2,525.5,23,16,iPhone
2183,retained,188,188,274,2009,40,158,2389.6,1665.5,11,11,iPhone
2184,retained,6,5,79,1517,105,0,5354.6,2906.4,14,14,iPhone
2185,retained,17,17,401,3392,23,29,3928.7,1669.5,10,9,iPhone
2186,retained,13,12,96,3416,19,10,3392.8,2413.1,21,18,Android
2187,retained,38,31,175,1147,0,91,4208.1,1909.6,17,17,iPhone
2188,retained,11,11,51,397,148,48,740.3,496.5,18,15,iPhone
2189,retained,31,26,217,1692,60,55,7509.4,1052.9,12,8,iPhone
2190,retained,71,58,189,1605,72,128,1583.7,686.9,12,7,iPhone
2191,retained,267,216,270,2411,55,91,9362.4,3405.3,25,20,iPhone
2192,churned,38,38,68,799,355,18,829.8,647.1,2,0,iPhone
2193,retained,75,65,204,2245,0,0,5119.6,3844.0,29,19,iPhone
2194,retained,20,16,215,2036,0,0,8901.0,1579.7,19,12,iPhone
2195,retained,31,30,67,826,18,0,2306.3,1476.0,15,15,iPhone
2196,retained,18,18,185,1876,11,2,3873.4,979.7,22,18,Android
2197,retained,36,34,83,1214,93,42,819.6,534.9,27,18,iPhone
2198,retained,2,2,126,3290,56,0,3685.1,803.2,25,18,Android
2200,retained,19,15,83,3372,110,0,776.9,215.2,5,5,iPhone
2201,churned,74,64,75,526,46,0,8903.5,2336.8,7,7,iPhone
2202,retained,107,107,151,167,76,8,1193.2,92.8,19,18,Android
2203,churned,28,28,55,3324,511,0,11200.7,8026.5,4,2,iPhone
2204,retained,5,5,102,324,59,1,6501.8,3938.4,0,0,iPhone
2205,retained,26,21,100,2411,73,21,3132.7,1724.4,27,23,iPhone
2206,retained,79,64,82,1249,251,60,1797.9,615.0,1,0,iPhone
2207,retained,388,311,404,332,49,0,5964.4,2547.5,12,12,iPhone
2208,retained,321,257,393,2965,42,67,7922.0,6182.5,19,15,iPhone
2209,churned,59,50,95,22,0,13,1958.2,101.5,6,5,iPhone
2210,retained,0,0,104,287,0,0,3982.0,2286.2,20,14,Android
2211,retained,4,4,57,2671,143,50,7223.4,5301.2,20,17,iPhone
2212,retained,45,40,76,1359,0,0,1701.4,666.5,29,27,iPhone
2213,retained,59,48,81,2254,379,0,549.5,428.9,22,16,Android
2214,retained,5,4,21,1293,165,0,3152.2,2102.7,25,15,iPhone
2215,retained,7,6,74,1119,67,28,5204.2,4305.6,0,0,iPhone
2217,retained,46,39,105,1982,29,0,5525.5,4546.1,4,2,iPhone
2218,retained,15,13,649,2535,414,0,820.5,314.1,11,7,Android
2219,retained,3,3,16,1620,140,127,3252.3,553.2,30,23,iPhone
2220,retained,30,24,103,1906,311,62,6849.5,1894.7,19,12,Android
2221,churned,246,197,278,3338,0,0,4795.0,1769.2,2,2,iPhone
2222,retained,117,94,121,2409,42,52,9092.5,7271.5,26,23,iPhone
2223,churned,259,208,284,652,58,0,1676.5,711.3,11,11,Android
2224,retained,55,45,159,787,78,32,2584.7,2026.9,13,8,Android
2225,churned,74,63,223,1842,601,103,1767.6,828.7,9,7,Android
2226,retained,3,3,107,2175,2,0,2630.8,2098.2,20,19,iPhone
2227,retained,106,91,123,3477,1043,0,2692.3,1336.5,27,17,iPhone
2228,retained,41,35,202,2291,27,0,3152.2,2055.6,16,10,Android
2229,retained,127,102,170,2345,0,0,4884.7,1507.4,1,0,iPhone
2230,churned,94,78,343,3269,0,0,4964.4,1788.9,4,0,Android
2231,retained,53,51,85,2630,329,0,1706.4,1215.2,29,28,Android
2232,retained,20,20,90,2316,121,29,1881.2,1444.2,16,15,iPhone
2233,retained,128,110,186,1628,0,0,2739.6,1059.7,18,16,iPhone
2234,churned,143,121,212,1984,0,0,6827.1,5357.0,4,3,iPhone
2235,retained,1,1,227,405,51,31,10164.2,6072.9,30,21,iPhone
2236,retained,43,38,81,2691,9,0,7541.4,2934.1,18,16,iPhone
2237,retained,77,63,82,1504,53,0,3177.1,1821.9,3,3,Android
2238,retained,38,31,93,648,36,0,3594.3,2902.8,8,2,iPhone
2239,retained,60,48,86,2508,35,0,5288.0,3608.6,28,26,Android
2240,retained,64,53,133,3062,0,0,1025.3,601.0,14,9,iPhone
2241,retained,104,84,337,424,102,0,3551.0,1780.8,8,8,iPhone
2242,retained,114,93,317,1592,153,49,6074.8,634.7,12,7,Android
2243,retained,76,69,117,639,8,20,4821.9,492.2,8,8,iPhone
2244,retained,47,40,73,285,723,0,2649.4,1568.7,21,18,iPhone
2245,churned,343,275,545,2898,157,20,2591.8,1417.4,15,10,iPhone
2246,retained,68,55,87,247,0,0,1088.6,562.4,22,19,iPhone
2247,retained,83,69,298,176,21,0,4772.4,2093.4,7,5,iPhone
2248,churned,52,43,75,1187,5,17,1887.0,647.8,30,19,iPhone
2249,retained,101,83,122,1891,225,56,4234.3,805.7,28,21,iPhone
2250,retained,76,61,190,1354,21,0,1545.7,591.8,2,2,Android
2251,retained,39,31,104,2018,10,0,2647.0,462.5,21,16,Android
2252,churned,261,211,363,1224,345,0,3647.2,1684.8,20,13,iPhone
2253,retained,241,193,305,1230,0,0,5254.6,3433.0,18,13,iPhone
2254,retained,182,145,238,1735,100,0,11341.6,5636.0,0,0,Android
2255,retained,26,22,57,2121,121,12,3573.5,2051.8,3,2,iPhone
2256,retained,42,38,412,970,41,137,4375.5,2451.9,21,21,iPhone
2257,retained,193,172,236,2939,0,81,8445.5,6153.4,28,27,iPhone
2258,retained,25,20,288,173,100,27,2426.4,1360.8,23,17,Android
2259,retained,71,58,76,211,0,0,1676.8,1118.5,14,14,iPhone
2260,retained,54,54,102,323,39,10,5954.1,1869.5,7,4,iPhone
2261,retained,94,81,485,2142,53,9,2679.4,795.4,27,20,iPhone
2262,retained,32,25,100,1703,0,23,903.8,606.9,11,11,iPhone
2263,retained,12,10,54,3312,171,0,8437.0,2276.2,9,9,Android
2264,retained,60,48,95,307,406,139,2011.0,1572.9,28,22,iPhone
2265,retained,152,123,319,139,87,23,6748.7,4618.8,17,11,Android
2266,retained,29,23,76,385,222,37,2635.0,1297.6,12,11,Android
2267,retained,83,66,102,275,81,31,5448.3,779.2,29,24,iPhone
2268,retained,66,54,451,2139,128,48,6245.6,595.3,23,14,iPhone
2269,retained,16,16,46,1808,40,39,4039.9,1860.8,23,20,Android
2271,churned,8,8,95,2051,0,0,6161.2,4393.9,3,0,Android
2272,retained,25,21,170,2483,0,25,3618.3,1981.5,26,23,Android
2273,churned,13,13,187,2315,0,0,7783.5,4970.3,7,4,iPhone
2274,retained,104,87,129,217,56,210,2998.0,191.4,21,15,iPhone
2275,retained,25,20,120,2216,38,28,3117.5,1073.4,5,5,Android
2277,retained,59,50,126,1379,437,0,6066.0,4026.0,1,1,iPhone
2278,retained,5,4,23,1175,75,0,2239.8,1714.1,18,16,iPhone
2279,retained,68,54,155,58,64,0,6103.6,658.7,4,0,iPhone
2280,churned,70,56,103,1136,265,11,4919.4,1448.6,27,19,iPhone
2281,retained,66,54,130,2023,327,51,1977.1,224.0,27,23,iPhone
2282,retained,38,35,133,2842,125,0,10907.2,3981.4,7,5,iPhone
2283,retained,56,48,67,543,357,0,2608.0,1329.2,8,8,iPhone
2284,retained,27,24,34,2991,36,112,1063.9,868.9,29,20,iPhone
2285,retained,182,155,569,2565,91,68,5653.0,2245.4,13,9,iPhone
2286,retained,75,63,87,2896,63,88,1304.3,845.6,13,11,Android
2287,retained,13,11,208,2286,79,0,410.8,283.5,26,26,iPhone
2288,retained,73,59,142,3093,221,10,3739.6,2762.5,24,14,iPhone
2289,retained,101,81,297,401,29,28,7666.6,6252.1,31,24,Android
2290,retained,20,20,20,1979,201,0,5248.5,3372.1,18,14,iPhone
2292,retained,13,10,146,1234,0,93,7216.2,3294.7,31,21,Android
2293,retained,509,407,771,1813,0,9,1889.4,965.8,5,0,iPhone
2294,churned,37,32,207,689,106,99,4632.5,2628.9,1,1,iPhone
2295,retained,2,2,181,2795,0,50,2195.8,378.6,5,4,iPhone
2296,retained,20,18,25,2352,0,2,6925.4,3096.0,1,1,iPhone
2298,retained,96,77,220,1475,0,0,2037.2,1360.3,25,24,iPhone
2299,churned,31,31,53,9,0,40,3653.6,1960.6,2,2,Android
2300,retained,9,7,362,10,68,35,6872.2,2698.5,10,10,iPhone
2301,retained,6,6,60,1892,198,81,5850.7,2420.6,16,12,iPhone
2303,churned,58,48,134,42,359,0,2878.6,1835.1,12,9,iPhone
2304,retained,60,49,396,370,351,0,2620.9,677.6,27,18,iPhone
2305,retained,411,330,514,215,19,0,2178.7,1504.6,22,20,iPhone
2306,retained,39,32,87,30,130,76,6527.6,2128.4,19,18,Android
2307,retained,9,8,107,1598,46,0,3567.1,2166.6,22,18,iPhone
2308,retained,49,46,63,3028,31,0,1406.1,484.5,3,0,iPhone
2309,retained,90,72,197,588,612,0,1890.2,202.0,15,8,Android
2310,retained,16,13,65,20,121,0,5569.5,1406.5,20,20,iPhone
2311,retained,4,4,39,766,93,29,6850.5,4377.1,20,17,iPhone
2312,retained,59,51,321,3199,101,0,4503.0,1055.2,26,19,iPhone
2313,churned,67,54,83,2633,43,60,1120.1,928.3,3,0,iPhone
2314,retained,96,91,281,1242,79,105,7235.5,4653.6,14,14,iPhone
2315,retained,68,58,422,807,69,0,2425.4,1686.2,30,27,iPhone
2316,retained,21,19,51,1323,11,0,2903.8,2233.5,5,5,iPhone
2317,retained,38,31,110,1337,271,166,3416.2,2612.9,29,27,Android
2318,retained,75,64,87,2095,0,0,4862.5,1670.2,26,20,Android
2319,retained,25,21,117,1809,24,30,1170.4,295.5,31,30,iPhone
2320,retained,150,120,169,2057,122,0,968.4,293.7,24,18,iPhone
2321,retained,1,1,146,193,87,0,5643.9,4479.0,14,9,Android
2323,churned,96,77,242,2076,186,33,1289.8,580.9,29,26,Android
2324,churned,79,79,459,965,168,2,8049.8,5201.0,14,7,iPhone
2325,retained,1,1,25,784,27,0,264.7,127.5,29,24,iPhone
2327,churned,150,122,211,661,162,33,1888.3,838.3,21,13,iPhone
2328,retained,50,50,177,2886,0,36,2758.8,305.2,20,13,Android
2329,retained,52,44,155,1899,193,0,4058.8,3211.5,20,20,Android
2330,retained,16,16,30,175,0,11,7104.2,2641.3,3,1,iPhone
2332,retained,74,60,209,385,6,0,4159.7,242.8,23,15,iPhone
2333,retained,47,47,107,114,0,140,1781.7,1216.0,30,27,Android
2334,retained,19,16,74,3131,175,0,3917.6,2567.9,14,6,Android
2335,retained,21,17,104,678,335,0,5347.9,1154.5,14,13,iPhone
2336,retained,46,41,199,1946,27,0,1592.5,995.3,30,21,iPhone
2337,retained,30,30,59,1956,207,0,6409.1,3566.8,12,12,iPhone
2338,retained,6,5,55,1336,66,0,9227.5,6733.5,15,10,Android
2340,retained,24,19,88,2727,222,96,2439.1,1981.1,23,20,Android
2341,churned,183,147,419,2502,168,0,1245.8,652.9,5,1,iPhone
2342,retained,15,15,127,514,45,208,4434.8,2890.7,30,29,iPhone
2343,retained,70,56,235,1315,257,0,3282.1,1279.8,25,16,Android
2344,retained,26,21,54,1642,47,137,3059.8,2028.4,15,7,iPhone
2345,retained,8,8,115,2016,282,51,2339.4,767.3,26,23,iPhone
2347,retained,85,69,176,1495,159,151,9470.6,2951.5,23,17,Android
2348,retained,167,134,257,1313,52,98,1598.0,1097.8,13,12,iPhone
2349,churned,13,12,25,1102,80,56,1322.4,913.0,5,2,iPhone
2350,retained,163,130,274,842,0,47,2645.7,1803.4,8,8,Android
2351,retained,60,60,83,630,229,0,8181.1,1521.1,6,6,Android
2352,retained,4,4,98,1988,137,28,2737.0,1446.6,14,11,iPhone
2353,retained,55,53,174,1816,37,0,6059.1,4749.2,29,21,iPhone
2354,retained,29,24,36,2466,76,0,2207.2,397.5,12,7,Android
2355,retained,57,46,393,1671,0,47,2874.1,887.6,8,8,Android
2356,retained,24,19,68,2275,283,9,3173.2,2141.8,18,18,iPhone
2357,churned,27,22,333,236,209,3,3333.9,1167.5,3,3,Android
2358,retained,41,41,227,442,13,0,5952.6,4241.1,0,0,Android
2359,retained,6,6,82,3311,0,81,3766.2,2477.1,11,11,iPhone
2360,churned,1,1,75,207,225,22,5414.4,2861.7,2,0,Android
2361,retained,8,6,219,3217,73,17,1559.5,1224.7,17,11,iPhone
2362,retained,22,18,92,816,53,0,9958.5,2440.3,30,20,Android
2363,retained,12,10,16,468,90,13,1830.4,617.2,30,26,iPhone
2364,retained,46,44,167,2008,0,115,2945.6,1069.2,25,16,iPhone
2365,churned,65,53,174,1102,353,0,2362.9,1574.9,22,14,Android
2366,retained,109,88,133,2409,0,7,949.1,752.1,29,21,iPhone
2367,churned,28,28,67,679,16,33,4637.7,418.0,2,0,iPhone
2368,retained,145,117,210,3138,51,120,3426.4,2438.9,3,1,iPhone
2369,retained,124,103,282,2898,65,264,6648.0,675.4,9,9,iPhone
2370,churned,9,7,449,304,62,0,6197.9,994.7,17,17,iPhone
2371,retained,4,4,156,2827,0,0,4353.3,2755.9,30,27,Android
2372,retained,104,83,440,1401,260,83,7152.7,5700.2,27,21,iPhone
2373,retained,171,138,241,820,272,181,2228.7,1069.0,28,18,iPhone
2374,retained,41,41,111,422,0,6,6812.1,5275.6,23,20,iPhone
2375,retained,78,62,133,732,4,125,7315.7,2581.0,6,3,Android
2376,retained,18,16,218,1330,0,87,3677.8,830.2,1,0,Android
2377,churned,75,61,81,1674,165,3,3191.7,887.9,22,22,iPhone
2378,churned,112,95,256,597,95,10,6432.0,658.3,11,11,iPhone
2380,retained,52,49,108,2098,67,0,2123.2,313.3,28,23,iPhone
2381,retained,10,10,178,2138,147,0,9147.0,3159.6,2,2,Android
2382,retained,40,32,224,2842,19,0,4473.9,2217.4,11,7,iPhone
2383,retained,6,5,390,1739,144,0,15458.1,6508.3,28,19,iPhone
2384,churned,58,46,284,2877,70,44,3156.2,1660.0,29,19,Android
2385,retained,2,2,50,1471,9,0,5586.6,1225.5,2,0,Android
2386,retained,45,40,157,2861,29,54,1166.3,303.2,26,16,iPhone
2387,retained,16,16,256,1974,349,5,5504.8,4374.2,9,6,Android
2388,churned,75,60,228,1900,50,38,2894.4,2065.6,8,6,Android
2390,churned,69,56,379,1556,316,0,2435.3,268.0,5,3,iPhone
2391,retained,78,62,118,732,0,49,3567.0,2222.8,14,14,Android
2392,retained,110,88,147,161,91,10,3895.5,2400.9,25,16,iPhone
2393,churned,120,96,243,236,4,73,5240.4,2622.4,26,17,iPhone
2394,retained,8,8,127,231,0,275,1242.4,898.6,20,14,iPhone
2396,retained,133,109,161,2841,0,0,4934.6,3581.6,8,8,Android
2397,retained,40,34,217,1242,84,20,11207.0,2662.2,29,24,iPhone
2398,retained,68,57,187,668,386,0,6465.5,3468.9,9,5,iPhone
2399,retained,8,6,39,571,162,76,4366.8,608.5,16,16,iPhone
2400,churned,172,139,244,1397,97,0,5194.1,3688.8,12,12,Android
2401,retained,25,25,126,3480,58,102,3701.0,1990.4,10,10,Android
2402,retained,3,2,59,67,80,45,2872.3,646.7,23,15,Android
2403,retained,19,15,605,2926,0,30,2615.6,1614.0,14,12,iPhone
2404,retained,66,54,70,2827,36,73,2107.8,633.6,12,6,iPhone
2405,retained,43,39,528,1619,0,48,3458.7,854.9,27,20,iPhone
2406,retained,92,83,237,2937,253,8,1171.8,842.1,6,1,iPhone
2408,retained,133,107,448,2514,14,31,2001.8,732.0,10,10,Android
2409,churned,62,62,71,3102,4,2,2271.2,1619.0,4,4,Android
2410,retained,35,29,42,1678,65,0,7019.9,685.2,9,8,iPhone
2411,retained,30,30,116,2003,14,50,7980.3,2219.9,23,21,Android
2412,retained,47,39,232,2723,0,82,2095.2,303.1,11,11,iPhone
2413,retained,83,67,251,1602,161,0,5561.4,1141.2,20,16,iPhone
2414,churned,18,15,110,3367,21,6,8005.6,6163.4,6,6,iPhone
2415,churned,12,10,89,2210,219,7,2723.0,1607.3,24,24,iPhone
2416,retained,131,107,137,1951,136,0,6899.9,1659.0,16,16,iPhone
2417,retained,30,24,155,2871,0,100,2074.5,187.2,28,17,iPhone
2418,retained,88,76,170,2136,0,41,3503.6,693.8,24,18,iPhone
2419,churned,22,18,104,659,71,96,5543.2,3294.9,2,0,iPhone
2421,churned,26,22,53,3487,0,0,3594.6,1564.4,1,1,iPhone
2422,retained,68,55,212,164,229,0,5441.1,4363.3,25,19,iPhone
2423,retained,70,56,201,3113,0,57,4417.0,2548.3,26,20,Android
2424,retained,17,17,38,2365,27,0,1854.2,313.0,26,25,Android
2425,retained,58,47,67,2647,55,12,11259.5,3973.5,19,19,Android
2426,churned,95,80,242,1627,90,18,2073.4,1036.4,5,5,iPhone
2427,retained,54,45,116,1766,135,35,12398.4,245.3,1,0,iPhone
2428,retained,16,13,58,530,42,0,7186.2,400.6,8,8,iPhone
2429,retained,37,37,170,35,173,1,5702.5,1329.8,11,4,iPhone
2430,churned,58,48,188,934,103,0,2282.4,325.1,11,11,iPhone
2431,retained,207,166,249,1703,153,0,1857.8,1479.6,19,12,iPhone
2432,retained,189,162,224,1679,11,36,3282.8,1537.2,15,9,Android
2433,retained,34,30,215,2278,118,0,12662.2,3925.2,30,22,iPhone
2434,retained,31,27,94,2976,244,46,741.4,292.7,28,26,iPhone
2435,retained,65,52,329,1665,214,1,1724.2,826.0,25,21,iPhone
2436,retained,155,124,177,359,562,188,983.2,574.7,12,12,Android
2437,retained,2,2,210,2022,28,11,5276.0,3424.7,18,12,iPhone
2438,retained,41,34,51,1395,63,0,444.9,329.7,13,9,Android
2439,retained,55,44,146,2352,541,28,1763.7,481.2,9,2,Android
2440,churned,75,64,263,2066,0,0,917.0,638.0,6,6,iPhone
2441,retained,27,27,165,1494,40,0,2816.8,2277.7,14,7,iPhone
2442,retained,204,166,264,3144,163,35,956.1,420.0,29,19,iPhone
2443,retained,88,73,322,3208,64,0,3651.4,1938.9,16,9,iPhone
2444,retained,43,43,77,3208,0,25,4068.1,1477.8,16,10,Android
2445,retained,323,259,375,2793,43,35,4949.6,747.6,1,1,Android
2446,retained,124,104,203,2386,0,2,2900.6,1851.6,10,10,Android
2447,retained,20,17,239,688,99,0,3129.0,2326.0,2,2,iPhone
2448,retained,6,6,49,212,25,56,2652.2,1834.2,6,6,iPhone
2449,retained,138,111,199,1764,404,28,2218.0,1706.6,28,19,iPhone
2450,retained,110,88,267,2335,44,0,4787.2,3236.2,9,9,Android
2451,retained,29,29,58,3077,152,77,2796.7,1615.1,25,24,Android
2452,retained,67,54,339,1905,205,0,8395.9,333.8,24,16,iPhone
2453,churned,39,39,100,1105,384,0,1357.5,1028.5,18,16,Android
2454,retained,104,84,162,77,313,0,1127.9,438.8,1,0,iPhone
2455,retained,146,120,188,2274,87,0,979.6,698.4,26,20,Android
2456,retained,35,32,54,3440,64,11,3209.1,2008.3,22,20,iPhone
2457,retained,84,84,98,3323,0,60,5455.5,3819.1,25,16,iPhone
2458,retained,80,64,358,1242,160,0,2181.0,1778.4,23,14,iPhone
2459,retained,91,84,160,1899,101,21,2840.8,824.5,17,17,Android
2460,churned,161,129,277,3421,34,34,4892.4,2505.3,10,10,Android
2461,retained,35,35,154,415,57,0,1925.9,1344.7,30,19,Android
2462,retained,42,34,646,3405,44,0,1974.2,1092.1,24,21,Android
2463,retained,74,62,114,515,133,0,4379.2,836.7,14,10,iPhone
2464,retained,71,57,124,326,0,43,3494.1,1884.1,15,15,iPhone
2465,retained,4,3,38,1339,170,65,4072.2,1635.4,10,10,iPhone
2466,retained,123,100,142,1213,0,81,2180.9,1225.8,12,8,Android
2467,retained,51,41,153,2597,112,0,3672.1,1510.0,31,26,iPhone
2468,retained,114,92,244,2258,23,0,4849.6,693.7,20,20,iPhone
2469,retained,8,8,23,564,0,201,5787.0,3084.1,23,18,iPhone
2470,churned,99,82,390,2915,99,67,4496.5,2859.4,4,1,iPhone
2471,retained,195,161,275,2291,33,0,2580.7,1649.9,4,0,iPhone
2472,retained,29,23,82,2556,78,20,8755.0,3529.3,8,2,iPhone
2473,retained,32,31,68,316,8,1,2233.2,1665.4,10,3,iPhone
2475,retained,73,59,128,2543,0,235,8546.9,1132.8,15,9,iPhone
2476,retained,75,61,533,2888,0,0,1892.6,1448.2,8,2,iPhone
2477,retained,13,10,42,1015,0,26,3430.4,1549.4,8,8,iPhone
2478,retained,42,42,275,136,0,31,651.7,505.5,24,17,iPhone
2479,retained,88,88,103,472,111,63,4894.9,1587.6,12,9,Android
2480,retained,23,23,264,723,283,231,863.6,459.8,30,21,iPhone
2481,retained,184,163,236,3486,1236,22,6831.3,326.9,15,15,Android
2482,retained,81,65,500,315,0,207,6279.3,2798.6,22,20,Android
2483,retained,116,94,157,3334,0,9,4157.3,922.2,2,0,iPhone
2484,retained,95,80,158,2509,0,80,5877.8,625.6,1,0,iPhone
2485,retained,5,4,5,1984,2,0,3308.2,2344.1,9,7,iPhone
2486,retained,61,61,77,2620,0,0,5698.2,2753.3,15,9,iPhone
2487,retained,68,55,148,1291,57,141,4039.1,1326.3,16,12,iPhone
2489,churned,86,70,198,1195,142,13,5709.3,2176.9,0,0,iPhone
2490,churned,19,18,84,1082,44,0,2625.0,823.6,7,6,Android
2492,retained,103,83,243,2383,123,6,4749.4,2057.4,7,7,iPhone
2493,retained,45,37,48,1363,100,0,10422.7,1550.6,11,8,iPhone
2494,retained,157,126,282,781,95,2,4190.0,1140.1,25,19,iPhone
2495,retained,16,16,145,55,101,138,5972.5,1191.3,11,11,Android
2496,retained,74,61,128,2929,0,61,3518.2,1875.1,27,24,iPhone
2497,retained,70,65,94,1307,12,4,3489.9,1921.2,30,25,iPhone
2498,retained,18,15,95,1890,331,0,3289.6,1276.4,27,19,iPhone
2499,retained,21,18,149,2679,1,10,4846.2,3781.3,16,14,iPhone
2500,retained,20,17,31,50,81,0,2467.4,1785.8,8,6,iPhone
2501,retained,58,47,143,1734,0,0,4638.4,2848.8,27,22,Android
2502,retained,68,55,107,1076,3,0,3926.5,2730.8,28,26,iPhone
2503,retained,39,34,58,2833,0,160,4084.9,1885.4,18,12,Android
2504,retained,72,67,169,713,87,24,4806.9,1870.2,25,19,Android
2505,retained,147,142,217,1660,247,16,2664.8,1530.7,31,20,iPhone
2506,retained,30,24,391,3230,66,0,4216.3,3390.4,20,13,Android
2507,retained,51,42,75,1789,204,37,5946.4,1111.0,15,12,iPhone
2508,retained,131,105,150,683,398,0,3352.0,1654.0,16,14,iPhone
2509,retained,187,150,279,1093,60,0,4260.8,3226.7,30,20,Android
2511,retained,160,128,214,3052,0,0,8793.4,4494.4,3,3,iPhone
2512,churned,51,42,102,395,45,81,1115.1,892.1,7,4,iPhone
2514,retained,189,152,545,2903,85,0,6676.0,662.0,26,18,iPhone
2516,retained,69,55,240,1901,0,68,9049.0,6570.4,28,23,iPhone
2517,retained,60,48,165,53,787,0,952.0,338.1,16,11,iPhone
2518,retained,23,23,223,1573,407,2,9161.3,7457.6,20,12,iPhone
2519,retained,150,120,162,675,0,125,3125.1,2427.2,3,1,iPhone
2520,retained,135,109,143,411,123,79,2193.2,1580.9,19,17,iPhone
2521,retained,69,56,172,195,373,0,11292.5,5094.9,24,19,iPhone
2522,retained,110,95,428,35,169,0,3689.8,720.6,20,15,iPhone
2523,retained,17,16,27,1269,67,69,1184.1,577.1,23,22,iPhone
2524,retained,96,80,179,45,406,5,2613.6,1167.0,14,8,Android
2525,retained,15,13,416,1138,26,0,6099.3,2787.9,4,2,Android
2526,churned,15,14,42,2753,24,55,2426.0,1601.7,6,2,iPhone
2527,retained,85,72,130,3059,0,0,5622.7,3205.3,22,22,iPhone
2528,retained,79,64,123,41,176,0,7771.1,4033.2,22,17,Android
2529,retained,259,207,415,3382,116,115,916.8,686.0,20,15,iPhone
2530,retained,140,112,150,2877,129,83,5658.4,3414.6,29,19,iPhone
2531,retained,15,14,35,3377,136,83,4470.1,1156.5,16,16,iPhone
2532,retained,139,111,173,1096,81,0,2548.0,2015.2,30,27,Android
2533,retained,126,107,181,257,80,6,1788.7,1069.3,6,5,Android
2534,retained,171,138,538,2821,420,0,1567.7,463.3,20,15,iPhone
2535,retained,33,26,62,2776,0,19,4460.5,1649.9,19,15,iPhone
2536,retained,32,25,276,194,214,0,3706.3,3007.1,1,1,Android
2537,retained,1,1,126,1631,95,0,5207.8,3623.2,6,6,iPhone
2538,retained,14,14,110,1925,51,0,3696.5,2647.5,11,6,iPhone
2539,churned,42,38,64,467,119,16,3907.0,2977.7,14,10,iPhone
2540,retained,45,37,76,841,84,1,8555.2,2798.4,18,16,iPhone
2541,retained,43,39,175,931,150,15,1643.7,821.9,11,8,iPhone
2542,retained,100,100,104,3361,0,0,2099.3,812.5,18,12,iPhone
2544,retained,44,38,176,3186,0,3,3055.4,1420.6,21,17,iPhone
2545,churned,16,16,118,1397,0,83,5414.6,4173.1,3,3,Android
2546,retained,99,80,388,198,145,0,3573.2,2839.2,24,14,iPhone
2547,retained,16,16,63,1042,86,0,2949.9,345.4,19,13,iPhone
2548,retained,4,4,87,2566,150,11,5469.8,1297.0,6,6,iPhone
2549,retained,20,16,122,2021,234,15,4686.5,1438.9,4,4,Android
2550,retained,9,9,134,2174,15,32,10554.2,2109.1,29,27,iPhone
2551,retained,5,4,148,1876,29,69,5398.7,2424.7,27,21,iPhone
2552,retained,89,73,136,1585,156,0,4334.9,2050.0,21,16,iPhone
2553,retained,53,43,304,1289,324,0,635.3,264.0,18,13,iPhone
2554,retained,48,43,111,93,315,31,2898.9,717.5,19,12,Android
2556,churned,41,34,103,191,137,42,7418.2,3673.0,7,7,iPhone
2557,retained,42,34,68,2343,107,0,1931.6,1097.4,7,7,iPhone
2558,retained,30,25,86,3269,0,2,1045.6,473.8,31,24,iPhone
2559,retained,47,38,120,401,31,0,4090.9,1446.8,15,12,iPhone
2560,retained,24,21,115,1255,58,22,3794.0,1657.0,28,18,iPhone
2561,retained,68,58,69,1969,78,42,1475.7,816.8,0,0,iPhone
2562,retained,181,145,227,880,391,0,2566.1,139.2,18,17,iPhone
2563,retained,118,95,297,3331,186,76,1155.1,719.5,11,5,Android
2564,retained,73,60,171,825,0,0,2413.9,1133.4,17,15,iPhone
2565,churned,65,54,88,36,824,4,2720.2,1646.8,21,15,iPhone
2566,churned,76,61,231,1228,71,0,10212.6,5800.7,6,6,iPhone
2567,retained,34,33,54,2180,22,0,2545.6,1377.0,16,9,iPhone
2568,retained,43,35,140,3421,133,0,2523.2,915.4,19,14,iPhone
2569,retained,9,8,73,2556,153,0,3220.9,2142.4,4,3,iPhone
2570,retained,6,5,253,2782,350,127,6167.5,2444.1,25,19,Android
2571,retained,25,24,118,2892,348,111,6275.6,1017.8,19,17,Android
2572,retained,101,81,110,652,1,0,4230.3,1196.2,23,16,iPhone
2573,retained,354,283,478,1280,0,21,9918.1,2758.1,14,14,iPhone
2575,retained,58,46,128,2364,0,0,3762.9,2527.4,7,7,iPhone
2576,retained,32,28,66,755,12,6,2217.1,1658.0,13,12,Android
2577,churned,114,92,167,2639,0,3,4730.5,3718.9,12,10,iPhone
2579,retained,111,95,389,3235,98,5,4420.8,2681.2,0,0,iPhone
2580,churned,12,10,44,221,99,9,1807.4,738.8,11,11,Android
2581,retained,71,61,181,608,0,6,3321.2,1625.1,11,7,iPhone
2582,retained,55,51,240,1597,175,0,4811.5,2920.4,26,23,iPhone
2583,churned,338,271,362,508,128,48,12691.4,1296.5,5,1,iPhone
2584,retained,316,255,322,1458,217,6,8396.9,1059.3,7,7,iPhone
2585,retained,7,6,35,2594,14,138,1444.7,607.6,8,4,Android
2586,retained,33,27,39,1936,0,0,7179.6,4652.0,7,7,Android
2587,retained,71,58,155,1072,0,59,3134.3,1773.8,25,22,Android
2588,retained,12,12,29,1499,40,52,3549.3,1725.9,17,17,Android
2589,retained,116,96,363,2988,7,108,566.2,400.6,12,12,Android
2590,retained,13,11,53,1900,11,73,4396.9,2596.8,7,7,iPhone
2591,retained,45,36,80,79,0,14,1912.0,821.9,17,15,iPhone
2592,retained,70,57,74,3313,52,0,6324.3,662.2,10,9,iPhone
2593,churned,57,53,164,3077,338,60,3943.2,2573.3,0,0,Android
2594,retained,37,29,91,1803,0,22,3018.9,292.0,21,21,iPhone
2595,retained,45,38,531,1114,0,86,3148.6,749.8,24,19,Android
2596,churned,96,77,279,2781,4,10,3693.3,831.9,20,15,iPhone
2597,retained,33,31,207,320,217,94,6285.6,1683.0,12,12,iPhone
2598,retained,22,22,146,1711,0,0,5463.1,3058.6,24,22,Android
2599,retained,8,8,48,2439,12,43,2000.7,703.2,21,18,Android
2600,retained,14,11,144,1855,15,0,1417.0,586.2,29,20,iPhone
2601,retained,160,128,199,2187,252,0,2583.5,1190.1,20,15,iPhone
2602,churned,237,216,259,216,4,0,5043.3,3630.1,6,5,Android
2603,retained,111,89,151,2291,25,51,5290.1,2267.5,10,8,Android
2604,retained,61,49,62,2685,146,0,3622.9,2489.2,24,24,Android
2605,retained,11,11,73,2753,73,3,1590.7,782.1,24,22,Android
2606,churned,165,133,218,550,0,0,5392.9,1721.8,1,1,iPhone
2607,churned,202,163,285,286,140,0,9305.4,5078.3,7,3,iPhone
2608,retained,7,6,25,952,97,0,7816.1,4309.4,18,18,Android
2609,retained,116,95,230,1662,64,0,3686.4,1222.1,18,13,Android
2610,retained,35,28,168,1282,87,6,579.6,289.4,17,14,Android
2611,retained,107,85,128,1731,0,12,2040.0,832.3,16,10,iPhone
2612,churned,9,9,164,1375,439,0,2195.6,1206.9,1,1,iPhone
2613,retained,237,190,245,545,32,137,1759.4,386.7,30,23,Android
2614,retained,23,19,69,2171,31,81,1247.2,304.9,27,21,iPhone
2616,retained,125,103,167,3117,27,57,7307.9,804.9,18,18,iPhone
2617,retained,75,60,113,2742,224,0,2465.0,556.8,14,7,Android
2618,retained,13,12,68,1896,96,14,7467.2,1734.9,17,12,iPhone
2619,retained,40,32,250,2965,172,0,11627.5,7935.2,1,0,iPhone
2620,retained,17,14,113,1322,282,19,5434.0,1016.8,23,17,iPhone
2621,churned,51,41,208,1372,568,1,5624.5,1507.3,17,15,iPhone
2623,churned,55,44,69,902,631,3,3127.6,1763.6,13,6,iPhone
2624,churned,47,38,136,3201,0,122,2657.0,1188.6,4,4,iPhone
2625,retained,429,345,467,2552,65,1,1472.5,803.1,22,21,iPhone
2626,retained,6,5,102,1022,0,0,6246.6,4480.7,31,24,iPhone
2627,retained,21,17,312,2526,44,31,6751.3,3196.5,31,29,Android
2628,retained,115,93,229,1805,2,0,2753.4,527.0,8,8,Android
2629,retained,2,2,152,2745,91,0,5711.4,3203.3,1,1,iPhone
2630,retained,59,48,119,2132,155,74,3495.7,1480.2,13,8,iPhone
2631,churned,19,19,102,180,90,22,2295.6,574.2,5,2,iPhone
2632,retained,17,17,290,1063,37,0,7604.6,4479.0,28,24,iPhone
2633,retained,65,53,107,2004,256,0,281.2,225.3,15,11,iPhone
2634,churned,37,30,77,862,0,75,5701.6,1760.1,1,0,Android
2635,retained,39,32,184,895,701,0,1675.7,1352.3,27,24,iPhone
2636,retained,81,65,114,3199,217,3,1568.7,929.1,8,5,iPhone
2638,retained,61,50,206,1535,0,18,1891.1,672.6,20,20,iPhone
2639,retained,3,2,224,1985,148,158,4733.5,2467.3,17,10,iPhone
2640,retained,64,51,276,1031,0,20,6032.7,2580.9,8,8,Android
2641,churned,48,41,105,3096,92,152,1125.0,320.1,2,0,iPhone
2642,retained,20,20,57,3188,17,69,2780.3,1185.8,22,21,iPhone
2643,retained,16,14,68,619,0,138,4517.3,2544.0,13,6,iPhone
2644,retained,44,44,239,1771,270,0,6747.4,3731.7,12,12,iPhone
2645,retained,1,1,64,454,0,71,2915.5,795.3,9,3,iPhone
2646,retained,28,28,96,1927,0,64,1668.4,1319.1,6,5,iPhone
2647,retained,37,35,61,2620,0,0,3865.7,1841.2,13,11,iPhone
2648,churned,140,117,169,1478,0,127,3066.5,1940.1,19,15,Android
2649,retained,192,154,756,1064,232,0,2451.2,826.1,16,13,Android
2650,retained,6,5,34,589,178,111,1649.0,1057.2,13,13,iPhone
2651,retained,14,11,26,2580,117,0,2550.1,1579.9,15,12,iPhone
2652,retained,127,108,414,917,27,7,3293.7,1777.8,8,8,Android
2653,retained,0,0,142,3234,134,42,628.9,54.8,23,21,iPhone
2654,retained,122,98,232,3204,0,17,994.1,621.8,30,27,Android
2656,retained,129,104,232,2747,404,0,1773.8,909.7,30,20,iPhone
2657,retained,14,12,50,2876,0,7,9077.5,5245.5,0,0,iPhone
2658,retained,63,50,211,3103,87,11,4575.4,2916.5,9,9,iPhone
2659,retained,2,2,153,400,498,101,706.5,537.7,29,22,iPhone
2660,retained,98,81,118,740,85,27,12049.1,7245.1,27,25,iPhone
2661,retained,9,9,83,519,168,0,5720.0,2230.8,17,11,iPhone
2662,retained,81,67,151,3122,111,21,1948.3,1099.2,4,4,iPhone
2663,retained,138,111,423,2616,0,4,3702.1,2305.8,10,9,Android
2664,retained,61,53,114,89,237,0,4116.3,2233.7,21,21,iPhone
2665,retained,37,37,57,1807,273,14,1393.9,842.9,1,1,Android
2666,retained,62,50,155,3484,83,34,3598.3,2792.8,28,22,Android
2668,retained,33,27,144,1464,12,0,6783.4,3356.4,8,2,Android
2669,retained,55,45,166,668,0,60,4996.6,2131.4,14,8,Android
2670,retained,343,277,360,2943,284,59,2084.3,905.4,18,18,iPhone
2671,retained,47,41,86,384,197,0,4240.5,3003.1,13,8,Android
2672,churned,323,260,344,101,202,0,9040.2,5152.0,14,8,Android
2673,retained,21,17,136,108,197,21,3335.6,296.3,29,21,iPhone
2674,retained,39,31,78,2609,829,56,2633.1,554.3,9,6,Android
2675,churned,54,44,136,2951,105,50,5240.1,3825.1,22,22,Android
2676,retained,27,22,80,2347,126,56,2352.6,1723.3,15,14,iPhone
2677,retained,26,23,171,2154,278,185,5556.3,1314.7,21,21,Android
2678,retained,89,73,547,583,10,33,1716.5,1378.1,10,5,iPhone
2679,retained,253,203,283,3042,22,79,538.0,167.4,6,6,iPhone
2680,retained,2,2,227,1611,22,0,1662.1,438.3,28,22,Android
2681,retained,24,24,248,464,105,28,3457.7,1824.3,10,3,iPhone
2682,retained,70,59,122,2597,323,0,7656.7,1639.0,18,13,iPhone
2684,retained,21,17,35,2344,55,50,1996.6,287.6,31,22,iPhone
2685,churned,26,23,114,459,261,0,2272.2,940.9,7,6,iPhone
2686,retained,111,89,827,2853,446,7,10703.4,4845.5,5,0,Android
2687,retained,9,8,76,692,62,0,2373.0,1648.1,16,14,iPhone
2688,retained,133,107,720,3418,23,0,3780.8,1355.1,1,1,iPhone
2690,retained,37,37,131,3494,27,0,2273.0,1798.6,21,19,iPhone
2691,retained,27,22,107,1559,0,167,4599.6,779.7,13,11,Android
2692,churned,102,82,263,744,0,0,390.7,214.3,1,1,Android
2693,retained,100,85,139,3379,6,0,694.0,366.4,5,0,iPhone
2694,churned,164,132,174,2033,314,24,1134.5,601.2,0,0,Android
2695,retained,58,48,75,3078,0,0,6415.7,4812.8,8,2,iPhone
2696,churned,8,8,9,3033,240,0,3944.2,1155.3,16,10,iPhone
2697,retained,39,32,53,2091,392,34,887.5,581.9,12,8,Android
2698,churned,30,24,52,66,102,9,4331.2,1009.5,8,4,Android
2699,retained,31,26,39,893,1,25,10545.2,440.7,22,20,iPhone
2700,retained,3,3,27,2109,344,0,4663.1,1630.1,26,20,iPhone
2702,retained,72,62,153,3397,226,32,1948.3,624.9,20,15,iPhone
2703,retained,66,55,514,148,157,53,3626.5,1381.8,29,22,Android
2704,retained,14,11,28,2356,47,28,1700.2,629.6,22,22,Android
2706,retained,19,15,218,610,21,0,4165.2,1903.1,24,19,iPhone
2707,retained,92,74,485,3139,255,4,4169.0,2053.1,7,7,iPhone
2708,retained,67,56,73,1120,72,85,5047.3,4112.9,26,16,Android
2709,retained,2,2,39,1657,0,20,6579.0,4912.0,29,23,Android
2710,retained,204,163,292,790,80,0,6422.4,4033.7,29,21,iPhone
2711,retained,144,115,233,3069,241,0,995.9,734.1,19,13,Android
2712,retained,67,54,138,739,143,0,1636.6,1315.0,21,18,iPhone
2713,retained,26,26,54,2913,0,0,7742.1,3367.5,4,4,iPhone
2715,retained,166,136,176,1100,104,0,5403.1,2904.3,9,8,iPhone
2716,retained,65,52,293,3092,24,0,4397.9,522.3,9,6,iPhone
2717,retained,16,13,90,37,1,3,4589.3,3215.3,15,11,Android
2718,retained,199,161,224,3269,1,0,6325.3,5218.5,2,2,Android
2719,retained,326,293,451,2785,415,214,1934.9,1218.2,23,16,iPhone
2721,retained,216,181,221,3115,47,0,5914.7,4726.7,18,12,iPhone
2722,retained,4,3,19,1983,15,11,1745.2,1408.5,17,13,Android
2723,retained,59,48,203,1338,106,0,5474.2,3425.7,23,14,Android
2724,churned,14,11,132,2848,79,51,3793.7,2690.8,7,5,iPhone
2725,retained,4,3,43,306,6,0,4327.5,2136.3,22,17,iPhone
2726,retained,100,91,880,1398,321,55,2068.2,1112.1,24,17,iPhone
2727,retained,39,39,264,3134,0,0,1603.4,814.0,30,20,Android
2728,retained,23,20,178,3420,282,0,4235.3,757.0,20,11,iPhone
2729,churned,4,4,75,1348,11,38,4355.6,2225.6,19,17,iPhone
2730,churned,154,139,210,2102,268,0,4767.9,1632.1,23,22,Android
2731,retained,251,201,349,1838,293,53,2007.1,1146.6,18,12,Android
2732,retained,63,53,64,3338,137,50,926.3,368.7,3,0,iPhone
2733,retained,79,63,104,2686,0,0,1631.1,1062.0,8,7,Android
2734,retained,61,49,339,75,34,0,993.9,811.8,24,23,Android
2735,retained,1,1,39,2739,126,0,2157.8,1304.9,26,24,Android
2736,retained,153,126,164,1039,151,0,3532.0,955.3,23,17,Android
2737,retained,79,63,106,2422,200,0,1000.5,609.5,7,3,iPhone
2738,retained,19,15,87,537,48,0,7941.8,1994.5,21,19,iPhone
2739,retained,243,194,452,2154,0,20,2431.2,1234.8,13,12,Android
2740,churned,109,91,161,1608,71,11,1453.2,852.8,2,2,iPhone
2741,churned,2,1,85,1293,659,0,5211.7,2632.1,6,6,Android
2742,retained,10,10,139,3325,227,19,5626.8,3756.4,14,14,Android
2743,retained,21,17,126,2747,164,28,411.8,161.1,4,4,Android
2744,retained,119,95,205,2884,0,0,7199.9,4123.0,30,20,Android
2745,retained,215,172,499,420,29,44,2957.0,1797.1,30,28,iPhone
2746,retained,27,23,381,1209,155,0,10245.6,2386.7,30,23,iPhone
2747,retained,12,11,351,1030,93,10,6668.3,5111.9,4,4,iPhone
2748,retained,3,3,10,2846,131,0,3857.3,640.6,1,1,Android
2749,retained,24,19,72,332,117,0,10151.5,1880.8,6,5,Android
2750,retained,21,19,230,1054,0,45,1465.3,1034.2,9,4,iPhone
2751,retained,66,54,533,2773,132,28,3130.8,736.2,18,10,Android
2752,retained,84,68,569,3200,1,0,5020.2,716.3,11,6,Android
2753,churned,17,15,224,1617,330,2,1257.9,452.8,12,8,iPhone
2754,retained,72,58,582,2558,0,3,1348.5,924.9,0,0,iPhone
2755,retained,77,65,195,2753,159,0,5173.0,3973.4,16,13,Android
2756,retained,8,8,107,2277,121,85,1153.4,397.5,30,29,Android
2757,churned,65,63,412,2223,211,64,2864.8,641.4,5,5,iPhone
2758,retained,98,78,111,525,79,60,4391.0,3204.3,13,9,iPhone
2759,retained,5,4,112,1286,0,5,3694.6,2767.9,16,16,Android
2760,retained,5,5,134,2308,0,0,3967.2,916.8,9,8,Android
2761,retained,32,28,94,759,178,67,2645.4,1059.2,21,16,iPhone
2762,retained,24,20,64,988,0,24,1795.7,538.4,0,0,Android
2763,churned,10,9,124,3260,0,58,9782.5,2085.3,3,2,iPhone
2764,retained,2,2,183,423,582,5,7925.4,6329.2,16,9,iPhone
2765,retained,23,21,114,518,0,0,2311.4,1221.0,28,18,iPhone
2766,churned,12,12,93,81,44,0,4548.2,1195.6,6,2,Android
2767,churned,116,108,285,99,77,0,1010.7,784.1,28,21,Android
2768,churned,49,40,132,974,449,64,2144.0,1202.2,13,7,Android
2769,retained,49,39,107,1206,440,82,3323.1,1813.6,22,17,iPhone
2770,churned,20,20,67,2685,139,0,2306.2,787.5,8,6,iPhone
2771,retained,10,10,90,1130,35,100,4596.9,1194.8,12,10,iPhone
2772,retained,1,1,90,1895,0,62,2622.9,1814.6,2,2,iPhone
2773,retained,39,32,127,2966,256,115,1746.1,750.4,29,28,iPhone
2774,retained,128,103,391,726,375,0,755.3,496.7,3,1,iPhone
2775,retained,18,15,204,3187,97,15,6351.0,2512.4,19,18,iPhone
2776,retained,10,9,36,872,0,33,3168.7,474.0,7,4,iPhone
2777,churned,95,76,137,2233,179,0,2408.4,720.6,10,9,Android
2778,retained,24,23,28,3257,0,39,2511.2,925.8,24,18,Android
2779,churned,32,26,59,1625,152,92,5372.3,2036.7,4,4,iPhone
2780,retained,222,178,258,3491,67,0,4424.3,3272.6,0,0,iPhone
2781,churned,44,37,131,1255,461,0,3590.3,1530.8,19,11,iPhone
2782,retained,181,151,183,2245,717,0,2474.5,1703.1,21,20,iPhone
2783,retained,67,55,116,851,36,30,6427.2,831.4,31,30,Android
2784,retained,255,204,701,2818,0,15,10599.8,3843.2,14,14,Android
2785,retained,31,25,76,1709,197,10,3783.6,1119.5,21,12,iPhone
2786,retained,229,184,330,2667,68,60,3448.0,2703.6,0,0,Android
2787,retained,87,71,365,52,611,28,7350.3,6106.5,6,6,iPhone
2788,retained,36,31,302,30,327,0,2626.8,1046.3,21,16,iPhone
2789,retained,210,169,240,1055,168,34,1914.9,635.9,30,21,iPhone
2791,churned,30,24,520,433,78,34,3956.8,2903.2,3,2,iPhone
2792,retained,127,127,263,3455,95,47,3044.9,1639.1,12,8,iPhone
2793,retained,55,50,156,1945,0,11,1634.3,317.7,22,22,Android
2794,retained,80,65,126,1088,356,72,2196.8,1183.3,8,8,iPhone
2795,retained,18,17,126,1612,0,0,11673.4,8596.3,30,20,Android
2796,retained,27,27,58,841,61,8,2847.8,648.2,23,15,iPhone
2797,retained,177,148,309,89,210,6,3142.6,2372.2,4,0,iPhone
2798,retained,43,36,152,87,163,25,1554.7,756.4,20,13,iPhone
2799,retained,4,3,89,2382,0,112,2823.4,1582.7,18,16,Android
2800,retained,142,114,391,935,60,0,2270.4,1240.5,14,14,Android
2801,retained,59,47,149,2004,0,84,3718.8,911.3,21,20,iPhone
2802,retained,70,58,107,689,252,22,8386.8,1590.3,31,26,iPhone
2803,retained,25,20,259,981,415,0,6714.5,900.6,26,20,iPhone
2804,churned,7,7,61,2230,447,75,5164.2,4053.2,3,2,Android
2805,retained,179,148,331,102,0,28,5883.2,1452.1,11,11,Android
2806,retained,225,180,332,2601,95,9,3238.5,945.9,24,21,iPhone
2807,retained,172,138,174,3098,72,155,6569.6,2422.0,30,22,Android
2808,retained,100,81,146,633,0,0,4127.4,765.5,20,20,iPhone
2809,churned,10,9,13,805,233,156,6256.3,4576.7,2,2,iPhone
2810,retained,14,12,215,2532,150,154,6168.5,2906.9,26,17,Android
2811,retained,35,31,347,3276,125,61,2484.7,470.6,15,13,Android
2812,retained,128,103,239,2913,129,115,1432.1,303.7,30,29,Android
2813,retained,122,98,177,1229,8,0,5666.5,670.6,29,25,iPhone
2814,retained,183,147,206,940,0,101,4057.0,2310.4,17,17,iPhone
2815,retained,53,51,69,2951,114,50,4749.3,2363.3,26,16,Android
2816,churned,75,61,486,2082,162,0,7152.7,1211.9,8,4,Android
2817,churned,26,21,113,823,36,8,6459.9,3865.9,14,8,iPhone
2818,retained,18,16,129,3422,11,28,5087.3,1028.4,19,11,Android
2819,retained,4,3,10,2559,213,2,1667.8,1016.1,0,0,Android
2820,churned,79,64,81,75,0,0,3599.6,1920.3,9,4,iPhone
2821,churned,62,51,108,1955,438,58,5479.8,3193.0,11,11,iPhone
2822,retained,48,40,176,1313,251,67,4587.1,2563.5,11,8,iPhone
2823,retained,63,63,158,604,193,33,6679.0,2860.5,1,1,Android
2824,retained,94,76,128,3422,0,0,1234.2,254.1,30,26,iPhone
2825,retained,113,105,255,2078,0,0,1779.3,1455.8,16,11,iPhone
2826,churned,85,68,101,851,143,0,1869.9,1050.4,12,8,iPhone
2827,retained,110,89,165,96,10,124,2187.6,1289.1,12,10,iPhone
2828,retained,20,16,95,3277,19,0,2067.8,520.2,20,15,iPhone
2829,retained,101,81,213,1239,78,0,8603.6,2794.5,29,22,Android
2830,retained,27,25,106,3083,364,0,3469.5,2501.9,16,8,Android
2831,retained,228,188,361,340,34,19,3873.5,1660.5,7,2,iPhone
2832,retained,32,31,139,3378,106,0,6158.8,3929.6,0,0,iPhone
2833,retained,112,89,171,1578,314,8,6818.2,5649.3,20,20,iPhone
2834,churned,37,34,66,3332,143,0,3972.2,324.3,27,21,Android
2835,retained,105,84,174,2342,0,43,406.1,127.8,9,9,iPhone
2836,retained,63,52,383,2216,0,22,3695.7,2927.5,7,7,iPhone
2837,retained,4,4,341,2188,0,108,2342.5,530.7,30,22,iPhone
2838,retained,6,6,34,257,275,172,1663.8,1095.2,25,17,iPhone
2839,retained,46,38,107,3485,24,74,2283.5,346.5,28,21,Android
2840,retained,43,36,103,2046,0,75,4986.2,2146.2,16,16,Android
2841,retained,1,1,22,1016,0,39,2808.9,1327.8,27,24,Android
2842,retained,101,81,165,1853,47,9,1180.4,551.9,19,11,iPhone
2843,retained,101,81,178,2392,156,7,6044.9,3649.7,16,10,Android
2844,retained,117,98,224,1120,75,0,1848.6,974.0,16,11,iPhone
2845,churned,537,432,758,223,355,4,6173.3,4015.8,18,10,iPhone
2848,retained,45,36,95,2311,6,37,1709.3,896.4,9,3,iPhone
2849,retained,21,17,185,3226,309,4,12734.2,5162.1,7,6,Android
2850,retained,47,45,499,537,288,1,4355.2,3171.7,22,14,iPhone
2851,retained,13,13,111,1223,317,48,3909.4,1935.6,18,14,Android
2852,churned,36,30,88,1695,6,26,3009.4,1152.8,2,0,iPhone
2853,retained,112,91,133,3269,121,10,1868.3,708.0,27,22,iPhone
2854,churned,150,127,306,2930,371,0,4274.5,1247.7,24,16,Android
2855,retained,230,185,311,2301,279,28,5106.2,1240.8,5,5,iPhone
2856,retained,0,0,225,1194,206,0,2603.2,1109.9,10,3,iPhone
2857,retained,47,39,230,1318,87,110,919.8,410.2,17,17,iPhone
2858,retained,154,133,155,1522,0,70,2604.9,630.6,27,18,iPhone
2859,retained,93,75,106,3043,126,76,3104.8,1118.7,24,23,iPhone
2860,retained,53,43,172,324,52,0,1269.9,760.2,8,5,iPhone
2861,retained,94,86,227,1664,169,0,6882.7,2851.8,15,11,Android
2862,churned,3,3,91,2707,30,44,4008.5,3083.5,21,12,iPhone
2863,retained,4,4,48,3066,142,11,2734.3,1478.4,6,4,iPhone
2864,retained,111,92,226,1323,405,0,3748.3,2098.4,11,10,iPhone
2865,retained,85,85,362,3001,249,3,5630.5,1958.0,0,0,Android
2866,retained,85,68,188,2057,439,0,4855.1,3820.7,17,17,iPhone
2867,retained,82,66,316,56,0,0,5952.3,924.3,5,0,Android
2868,retained,10,10,106,1024,0,0,9124.7,6015.3,22,19,Android
2869,retained,81,66,85,416,444,0,7761.7,2292.5,20,19,iPhone
2870,churned,34,28,48,1451,0,100,4466.9,3603.5,27,23,iPhone
2871,retained,175,140,251,906,56,54,5608.3,3249.4,20,16,iPhone
2872,retained,211,169,294,1902,131,0,329.6,220.8,15,14,Android
2873,retained,44,41,66,3229,106,66,1559.9,62.9,9,8,iPhone
2874,retained,64,52,239,77,101,67,1906.0,1188.3,20,12,iPhone
2875,retained,10,8,35,436,157,48,6624.6,929.7,25,22,iPhone
2876,retained,131,105,402,2663,189,23,951.6,658.6,18,17,iPhone
2877,retained,82,67,190,411,84,0,2255.4,981.0,26,23,iPhone
2878,retained,211,177,279,3390,151,126,2163.5,1220.2,30,23,iPhone
2879,retained,51,41,171,1740,91,204,2053.4,1661.7,28,26,Android
2880,retained,3,3,7,2832,135,37,2055.9,836.2,5,1,iPhone
2881,retained,96,80,163,9,0,132,5411.2,573.4,1,0,Android
2882,retained,277,222,293,1835,81,61,2825.9,1328.2,24,20,iPhone
2883,retained,17,14,103,1457,0,0,1647.0,502.8,15,11,iPhone
2884,retained,2,2,3,1518,35,8,6489.5,1362.7,18,13,Android
2885,retained,105,84,230,1673,0,179,2161.8,1704.4,23,23,iPhone
2886,retained,185,173,305,1822,160,10,2118.7,1491.1,10,10,Android
2888,retained,229,186,331,1486,10,0,2991.7,2391.2,26,24,iPhone
2889,retained,124,99,190,347,821,0,1292.0,692.3,14,14,Android
2890,retained,204,163,242,2364,235,75,1813.2,1338.5,8,3,iPhone
2891,retained,170,143,431,1119,92,0,6209.1,995.8,2,0,iPhone
2892,churned,19,19,31,1191,56,0,1573.8,906.3,19,14,iPhone
2893,retained,15,12,135,1855,73,55,8347.9,2601.7,13,6,iPhone
2894,churned,41,36,105,2452,2,0,5500.2,1825.7,25,20,iPhone
2895,retained,284,230,315,2695,106,0,6206.6,4912.9,12,5,Android
2896,retained,102,102,244,1094,420,108,5704.2,2021.0,11,4,Android
2897,retained,27,27,50,1566,182,0,3485.7,2222.0,22,18,iPhone
2898,retained,44,44,145,3117,367,0,9537.5,1856.8,25,17,iPhone
2899,retained,201,183,207,1117,60,0,4943.0,2078.5,20,15,iPhone
2900,retained,38,31,81,1617,0,0,3226.1,1553.9,21,19,Android
2901,retained,51,42,154,762,12,30,1324.3,1035.6,12,5,iPhone
2902,retained,28,23,101,200,0,31,12545.5,5220.9,11,8,Android
2903,retained,88,71,158,2955,173,1,5669.3,2546.3,30,23,iPhone
2904,retained,185,164,394,1930,29,0,633.7,64.7,25,23,iPhone
2905,retained,57,45,328,972,107,0,2578.6,1642.6,20,16,Android
2906,retained,51,41,252,3246,0,8,3434.9,1247.0,0,0,iPhone
2907,churned,142,115,142,254,220,0,5736.8,905.0,26,24,iPhone
2908,retained,84,68,468,1706,0,6,4261.3,3234.3,4,1,iPhone
2909,retained,38,35,55,1119,84,0,3621.8,2585.1,29,23,iPhone
2911,churned,35,29,138,1374,95,0,3396.4,1894.0,2,2,Android
2912,retained,140,140,387,2369,227,5,8188.8,2734.0,16,11,Android
2913,retained,98,98,240,2704,191,72,5048.0,3993.3,7,3,iPhone
2914,retained,12,10,50,1208,103,4,1023.9,734.3,10,6,Android
2915,retained,242,194,258,1370,0,27,6031.3,366.1,22,16,iPhone
2916,retained,63,54,142,3378,414,0,733.4,179.1,27,25,Android
2917,churned,18,15,154,2632,140,0,5978.0,4365.9,2,0,iPhone
2918,retained,59,52,122,2592,370,193,5839.9,4820.1,9,9,iPhone
2919,retained,41,38,69,595,104,0,2300.3,1575.0,20,16,iPhone
2920,retained,6,6,10,1539,229,0,5283.2,895.6,23,18,iPhone
2921,churned,141,141,215,680,218,53,6416.2,1377.9,27,26,iPhone
2922,retained,22,18,94,3336,59,33,2865.9,451.0,29,23,Android
2923,retained,10,10,43,1830,25,0,2336.8,1664.9,20,18,iPhone
2924,retained,76,62,177,859,40,0,2892.7,1564.1,4,4,Android
2925,retained,12,10,525,51,20,73,3560.1,2679.3,27,24,iPhone
2927,retained,47,38,544,3068,131,25,2140.9,525.2,29,18,iPhone
2929,retained,61,61,359,1414,27,0,1700.5,755.5,17,13,Android
2930,retained,60,60,67,125,55,13,3294.3,770.4,26,23,iPhone
2931,churned,482,401,575,3123,368,82,7749.1,1631.5,5,5,iPhone
2932,retained,49,40,228,1211,122,0,4047.7,1906.6,2,2,iPhone
2933,churned,24,19,66,52,56,132,1838.0,668.6,11,11,Android
2934,retained,9,9,37,2756,0,74,11852.9,2299.8,13,9,iPhone
2936,retained,115,115,121,2113,51,0,2361.2,1437.2,21,18,iPhone
2937,retained,122,115,123,3035,11,20,3747.3,430.8,10,10,iPhone
2938,retained,7,7,80,3036,72,64,5813.0,2973.0,12,10,iPhone
2939,retained,74,64,99,917,199,63,1302.2,635.0,6,1,Android
2940,retained,22,18,55,3348,436,36,5954.9,4098.6,22,13,iPhone
2941,retained,17,17,60,2616,259,46,7953.2,2756.9,12,10,Android
2942,retained,106,85,145,2030,32,0,1601.8,627.1,21,18,iPhone
2943,churned,29,24,169,2618,0,0,1778.4,1404.3,24,18,iPhone
2944,retained,139,113,178,2783,73,25,3623.1,2101.7,15,15,iPhone
2945,retained,49,39,193,2488,257,45,2818.7,837.2,25,16,Android
2946,retained,30,26,68,2743,171,96,4873.7,2078.1,18,18,Android
2947,churned,45,45,72,573,126,89,2225.6,1682.8,2,2,Android
2948,retained,157,125,282,1574,107,15,3034.1,2115.5,27,18,iPhone
2949,retained,50,41,445,2568,77,0,5027.4,4136.5,28,25,iPhone
2950,retained,66,56,256,3494,53,72,847.8,387.5,6,6,iPhone
2951,retained,4,4,7,1798,162,32,3904.0,1200.2,23,17,iPhone
2952,retained,125,103,257,1603,147,63,3386.2,2369.7,9,3,Android
2953,retained,25,22,46,1715,44,6,2748.2,1454.7,20,14,iPhone
2954,retained,58,47,84,1540,12,52,4285.1,3343.9,29,27,iPhone
2955,retained,21,17,83,75,21,15,20108.4,15851.7,21,17,iPhone
2956,retained,143,121,253,187,0,0,1187.6,677.6,30,27,Android
2957,retained,23,21,66,2914,77,11,6953.5,4377.2,4,4,iPhone
2958,retained,260,223,276,1958,86,0,3930.4,2744.6,14,10,Android
2959,retained,79,64,165,3054,65,0,5486.5,1496.5,23,19,Android
2960,retained,91,73,186,578,0,13,1234.1,991.3,20,17,Android
2961,retained,32,26,155,1567,158,0,1655.8,1228.7,27,24,iPhone
2962,churned,68,54,359,551,90,0,2156.1,1222.9,6,6,iPhone
2963,retained,116,93,138,2923,47,83,7511.5,1650.6,12,8,iPhone
2964,retained,18,15,80,1235,81,6,3510.8,1316.8,5,2,iPhone
2965,churned,91,73,125,650,0,0,2763.0,1443.2,13,9,Android
2966,retained,123,99,364,2161,185,108,6216.8,4118.9,6,5,iPhone
2967,retained,129,119,199,3233,82,58,4000.2,2739.9,20,19,iPhone
2968,retained,19,16,188,1501,3,0,2060.4,1512.6,16,15,iPhone
2969,retained,22,19,208,1877,250,175,2416.0,636.3,21,15,iPhone
2970,retained,87,72,110,2603,5,0,1175.0,689.5,4,3,Android
2971,retained,105,84,146,1441,0,29,1610.9,1263.1,6,6,iPhone
2972,retained,141,113,175,3432,74,127,2764.6,2103.0,8,8,iPhone
2973,retained,10,8,64,1951,22,13,3652.4,2955.7,10,7,Android
2974,retained,61,48,84,3290,5,16,4215.3,1808.1,5,5,iPhone
2975,retained,94,80,161,3139,0,0,1934.7,920.3,27,21,iPhone
2976,retained,30,30,272,2285,143,66,1741.4,944.7,18,13,Android
2977,retained,10,8,151,1654,23,5,5143.0,1769.7,20,19,iPhone
2978,churned,232,189,265,294,28,69,6289.8,2287.4,11,10,iPhone
2979,retained,26,26,46,1157,0,24,10733.5,3524.2,10,9,Android
2980,retained,54,44,198,1130,1,9,5509.5,2611.9,11,11,Android
2981,retained,49,41,96,1222,37,0,4036.9,1106.4,28,20,Android
2983,retained,145,116,157,3128,0,81,1742.9,684.1,22,22,iPhone
2984,retained,131,106,193,2447,155,0,2787.6,730.3,10,3,iPhone
2985,retained,1,1,132,2867,0,21,1477.3,793.4,24,21,iPhone
2986,retained,47,40,117,2037,82,7,5896.3,1102.7,24,15,iPhone
2987,retained,34,30,241,3144,0,78,4458.8,2319.3,27,19,iPhone
2988,retained,203,162,259,2480,9,0,1648.4,1125.2,4,4,iPhone
2989,retained,103,83,217,2837,148,0,3844.3,1902.0,9,9,iPhone
2990,retained,6,5,227,2420,64,0,4887.2,2647.6,14,14,Android
2991,retained,27,23,44,2225,0,18,2240.8,782.9,4,4,iPhone
2992,retained,21,17,25,3150,218,0,2518.9,196.7,21,20,iPhone
2993,retained,125,100,182,3257,48,0,1390.0,667.5,15,11,iPhone
2994,retained,26,25,148,1252,266,0,997.0,722.2,27,25,Android
2995,retained,74,61,157,2240,4,0,2951.2,2355.3,17,17,Android
2996,retained,2,2,47,570,197,101,3483.5,2860.0,16,10,iPhone
2997,retained,85,70,174,1280,0,69,8937.8,5936.7,5,1,iPhone
2998,retained,50,41,216,1986,8,93,718.2,218.2,10,10,iPhone
2999,retained,24,24,120,3163,45,0,2484.3,1109.4,9,9,iPhone
3000,retained,54,43,68,663,334,0,3556.1,1509.1,18,18,Android
3001,churned,4,4,189,366,31,8,3966.0,1920.7,28,18,Android
3002,churned,102,88,297,1658,0,77,1380.4,194.4,11,4,Android
3003,retained,38,32,132,3439,31,2,1966.8,495.7,6,4,iPhone
3004,retained,63,51,135,304,177,37,2393.6,1070.7,10,5,iPhone
3005,churned,44,35,169,671,0,14,3043.1,1999.5,11,11,iPhone
3006,churned,3,3,26,664,398,23,422.6,173.8,2,0,iPhone
3007,retained,13,13,86,2920,259,20,1824.5,952.8,18,12,Android
3008,retained,20,20,359,3460,476,0,4706.5,3470.2,13,6,iPhone
3009,retained,71,57,318,2757,27,56,3926.9,1752.2,29,23,Android
3010,retained,103,92,122,2827,0,0,5669.5,2404.4,10,8,Android
3011,churned,215,174,321,1125,36,0,4302.9,2220.0,15,9,iPhone
3012,retained,14,12,73,801,0,26,7632.8,3949.8,29,21,Android
3013,retained,112,90,140,2434,99,0,3725.9,2822.2,11,11,Android
3014,retained,28,24,408,1247,80,0,1455.7,542.7,24,24,Android
3015,retained,87,70,139,1199,0,0,3678.6,962.4,15,10,iPhone
3016,retained,69,58,167,3172,200,101,1765.0,1279.1,8,8,iPhone
3017,retained,15,12,160,1686,0,6,2681.4,2016.6,9,4,iPhone
3018,retained,118,95,123,2888,0,9,8531.5,3038.3,15,15,iPhone
3019,retained,166,134,170,2542,340,36,5802.1,2829.1,7,4,iPhone
3020,churned,15,14,92,86,110,0,3676.4,2573.9,4,0,iPhone
3021,retained,319,257,437,514,211,66,3867.5,3110.0,14,10,iPhone
3022,retained,71,57,127,3015,0,53,5157.7,1719.7,17,15,iPhone
3023,retained,86,71,88,1930,0,80,8792.0,2062.7,12,8,Android
3024,churned,30,25,37,3436,157,69,3589.4,1680.3,16,9,iPhone
3025,retained,213,172,422,2603,33,123,4255.1,2173.3,27,21,iPhone
3026,retained,29,26,47,589,36,0,818.9,670.6,11,11,iPhone
3027,retained,15,15,29,2447,28,11,4439.1,1820.4,26,25,Android
3028,retained,132,106,237,1054,0,0,3107.2,262.6,31,26,Android
3029,retained,21,18,79,1072,189,65,1502.1,390.5,14,7,iPhone
3030,retained,37,30,230,2322,0,1,5116.7,1664.6,16,13,Android
3031,retained,116,116,119,2907,65,9,1362.9,946.7,12,5,iPhone
3032,retained,62,53,204,106,80,127,2908.5,402.0,20,17,Android
3033,retained,57,47,129,1212,19,0,13533.3,9466.6,22,14,iPhone
3034,retained,76,64,188,1501,192,0,4122.1,482.5,22,17,iPhone
3035,retained,155,125,256,3434,0,0,5007.2,2021.6,17,16,iPhone
3036,churned,110,88,116,760,0,54,3134.8,764.8,6,5,Android
3037,retained,71,59,113,1744,246,24,5450.4,4477.5,22,14,iPhone
3038,retained,22,18,32,2042,317,32,4104.5,3084.0,2,2,iPhone
3039,churned,62,51,197,2421,70,0,2331.8,1453.4,3,0,iPhone
3040,retained,44,44,99,768,8,28,2927.2,1679.0,7,6,Android
3041,retained,58,46,239,479,175,0,4591.5,1891.0,22,15,iPhone
3042,retained,78,64,81,1941,292,83,4756.2,1864.8,21,21,iPhone
3043,retained,47,38,50,651,376,0,3831.5,1971.9,25,20,iPhone
3044,retained,79,64,88,1043,8,48,3713.7,985.0,15,9,Android
3045,retained,10,10,113,3305,223,108,3973.4,1679.3,8,2,iPhone
3046,churned,28,26,30,411,283,0,7222.0,5073.1,28,24,Android
3047,retained,86,71,210,1259,298,0,5796.7,3694.2,2,2,iPhone
3048,churned,83,82,87,2537,38,22,4892.5,1605.7,15,11,iPhone
3049,retained,34,28,63,3445,0,14,2883.6,1803.9,10,10,Android
3050,retained,75,62,78,3223,0,0,7450.9,2290.2,24,18,iPhone
3051,retained,20,17,98,3175,136,0,1554.5,352.0,4,2,Android
3052,retained,11,11,129,1042,0,19,1348.1,755.3,12,9,iPhone
3053,retained,5,4,46,1340,0,0,2036.1,744.1,15,15,Android
3054,retained,35,29,42,2445,65,16,5118.6,486.8,30,26,Android
3055,retained,326,269,489,192,67,0,2525.0,796.6,29,25,iPhone
3056,retained,151,122,235,869,238,0,10945.6,4184.5,28,22,iPhone
3057,churned,522,435,659,355,0,120,5562.2,2167.5,4,2,iPhone
3058,retained,7,7,59,2614,38,27,1030.0,465.4,19,19,iPhone
3059,retained,23,19,314,825,0,0,1756.5,527.0,28,18,Android
3060,retained,67,54,195,3426,127,5,9565.9,2192.0,18,17,iPhone
3061,retained,126,101,324,1643,1013,13,3752.7,2517.9,11,10,Android
3062,retained,108,87,114,2158,530,0,1737.1,713.2,21,16,iPhone
3063,retained,97,79,104,3387,0,0,9962.9,2024.0,21,12,iPhone
3064,retained,11,10,197,50,357,4,964.6,713.9,29,25,iPhone
3065,retained,15,13,38,558,5,8,3310.0,1864.9,22,14,iPhone
3066,retained,20,19,197,2202,7,34,4984.3,1427.1,19,19,Android
3067,retained,28,22,56,883,388,62,3585.8,773.7,14,11,Android
3068,retained,31,26,328,905,69,53,810.4,556.9,1,1,Android
3069,retained,45,42,312,2869,19,0,2317.9,1369.9,13,9,iPhone
3070,retained,120,98,262,2057,225,54,3765.6,3088.5,23,19,Android
3071,retained,89,72,252,2308,46,0,10657.2,2539.9,24,15,Android
3072,retained,31,30,145,841,151,28,3632.7,1345.9,13,7,iPhone
3073,retained,21,18,186,2448,354,0,2254.9,352.7,27,22,iPhone
3074,retained,89,89,93,519,182,0,4884.7,2128.5,8,3,iPhone
3075,retained,279,224,474,391,90,8,7445.8,5290.6,21,19,iPhone
3076,churned,60,60,91,55,42,0,10775.6,3884.2,10,10,iPhone
3077,retained,8,6,316,2485,0,9,2205.4,1479.4,15,13,iPhone
3078,retained,67,53,215,517,0,0,2294.3,1636.7,3,3,iPhone
3079,retained,7,7,521,2449,70,37,4367.0,1781.1,9,9,Android
3080,retained,62,50,88,1857,0,17,3600.1,2419.4,4,4,iPhone
3081,retained,26,21,155,817,273,0,437.4,306.8,21,19,Android
3082,retained,183,178,206,2051,71,0,1232.9,873.5,29,21,iPhone
3083,churned,62,50,148,1200,213,4,5554.8,1525.2,1,0,Android
3084,retained,140,112,183,2606,0,8,6330.4,4470.7,29,19,Android
3085,retained,80,64,143,443,0,0,5634.5,2609.3,9,9,iPhone
3086,churned,132,106,359,2631,80,69,862.2,244.1,0,0,iPhone
3087,churned,9,9,101,208,0,0,9781.4,6152.0,3,2,iPhone
3088,churned,91,78,91,2855,110,96,2355.1,1900.5,21,17,iPhone
3089,churned,307,246,357,3262,594,0,10764.0,4032.2,18,12,Android
3090,churned,33,29,89,895,21,144,1414.1,309.5,11,9,iPhone
3091,retained,80,64,205,3373,39,56,6238.6,1246.5,24,22,Android
3092,retained,66,66,186,596,0,0,8849.1,7111.2,19,11,iPhone
3093,retained,38,32,64,173,0,0,5817.5,2940.8,22,16,iPhone
3094,retained,134,109,139,1792,148,59,1726.8,1047.8,26,19,Android
3095,retained,142,116,291,2182,102,0,5260.5,2837.9,20,20,Android
3096,retained,21,21,79,2725,92,0,4795.2,878.1,11,11,iPhone
3097,retained,16,16,270,2026,42,58,4367.3,1713.6,28,18,Android
3098,retained,36,31,466,3497,57,12,3726.9,2390.7,7,1,iPhone
3099,retained,17,14,99,1837,128,0,3273.9,2706.2,3,3,Android
3100,retained,30,25,52,1980,92,1,2728.2,2082.4,5,0,iPhone
3101,retained,49,49,68,471,0,0,4710.9,567.0,30,20,Android
3102,churned,9,9,259,1834,0,32,2059.2,732.9,11,8,Android
3103,retained,32,25,102,239,425,50,2804.6,647.6,9,9,iPhone
3104,retained,263,225,263,2670,0,60,2241.5,1779.8,10,8,iPhone
3105,churned,61,54,96,2053,28,25,1888.5,33.9,1,1,iPhone
3106,retained,272,217,295,1099,319,23,4070.2,870.9,5,1,iPhone
3107,retained,30,24,82,1123,27,0,1411.8,903.5,18,18,iPhone
3108,retained,11,10,15,996,241,32,6968.1,4140.2,30,24,iPhone
3109,retained,17,17,37,1931,156,7,1594.7,760.4,9,9,iPhone
3110,retained,176,141,256,382,198,0,2506.9,1465.6,18,15,iPhone
3111,retained,22,20,188,2163,337,0,4717.4,2665.4,11,5,iPhone
3112,retained,60,60,72,2446,0,3,6310.2,1083.9,2,2,iPhone
3113,churned,182,145,314,1008,391,25,2376.9,1974.8,1,1,iPhone
3114,retained,30,25,33,2708,371,45,231.5,139.5,5,5,Android
3115,churned,48,40,71,1769,23,88,2571.2,1669.2,6,4,iPhone
3116,retained,90,72,123,1946,271,3,3353.9,881.2,3,3,Android
3118,retained,164,132,239,2824,26,66,1860.5,705.7,9,8,iPhone
3119,retained,89,71,520,200,0,4,2478.2,761.7,14,10,iPhone
3122,churned,8,8,59,869,119,0,7541.0,4248.5,6,6,Android
3123,retained,48,38,177,271,93,68,13550.2,10972.8,3,0,iPhone
3124,retained,19,15,47,733,124,0,2229.8,1131.1,13,7,Android
3125,retained,79,64,139,653,1,29,4689.5,1144.5,7,7,iPhone
3126,retained,17,17,53,2067,300,15,5153.9,302.0,10,9,Android
3127,retained,162,148,262,3422,99,0,4234.7,2831.6,17,9,Android
3128,retained,174,142,370,1864,13,0,4628.2,2279.4,7,2,iPhone
3129,retained,4,4,173,1115,0,0,1504.3,598.0,29,25,Android
3130,retained,127,103,179,1526,74,0,1186.5,830.1,13,10,Android
3131,retained,62,59,151,2943,48,0,2123.9,1407.1,13,6,iPhone
3132,retained,97,97,103,187,0,52,3514.5,2461.9,0,0,iPhone
3133,retained,26,21,156,1036,282,2,4722.0,561.3,13,10,Android
3134,retained,219,183,415,795,28,11,2330.8,1439.8,3,0,Android
3135,retained,78,62,259,1590,236,9,7044.1,5174.1,19,18,iPhone
3136,retained,57,57,170,2563,32,0,2460.6,784.2,30,20,Android
3137,retained,211,174,333,2056,0,67,2341.0,408.7,18,11,iPhone
3138,retained,4,4,115,2388,236,58,5032.0,2772.8,28,20,Android
3139,retained,22,18,45,3401,237,0,7076.8,2512.8,10,6,iPhone
3140,retained,8,7,29,3441,137,0,2207.9,1811.3,14,14,Android
3141,retained,57,46,176,3115,156,0,5998.3,2550.1,9,5,Android
3142,retained,164,131,318,770,0,0,4791.1,2596.5,21,15,iPhone
3143,churned,95,86,118,1266,537,0,2210.3,1303.2,6,6,iPhone
3144,retained,46,46,78,1689,2,167,771.3,445.2,21,21,iPhone
3145,retained,8,8,41,1647,12,0,1201.0,257.3,24,15,Android
3146,retained,126,114,235,1987,361,0,6730.6,257.3,30,27,iPhone
3147,churned,109,89,148,1572,0,0,4406.3,2537.5,20,17,iPhone
3148,retained,73,58,76,570,0,92,1942.8,216.5,8,2,Android
3149,retained,4,4,179,2928,1,0,929.4,219.0,7,1,iPhone
3150,retained,170,139,247,3300,0,140,3236.3,2475.9,17,14,iPhone
3151,retained,13,12,218,193,270,63,2636.4,1627.7,1,1,Android
3152,retained,31,31,67,3498,0,0,4586.8,1503.9,12,8,Android
3153,churned,15,15,292,3073,0,0,3180.0,625.1,25,22,Android
3154,retained,168,134,193,3058,0,37,2188.6,170.7,23,15,iPhone
3155,retained,56,46,254,902,128,0,7098.0,5547.5,17,16,iPhone
3156,retained,34,28,177,3089,0,0,3924.8,1504.6,22,22,Android
3157,retained,23,21,109,185,120,61,1975.6,204.3,25,16,iPhone
3158,churned,40,33,55,2922,340,26,3486.7,2020.1,7,3,Android
3159,churned,21,17,66,312,0,16,2407.1,957.3,0,0,iPhone
3160,churned,59,49,125,886,311,78,3873.3,1300.8,8,8,Android
3161,retained,49,42,137,2581,24,0,7022.2,5358.4,14,12,iPhone
3162,churned,79,65,174,289,643,91,2525.3,2066.5,6,1,Android
3163,retained,23,23,51,1048,47,25,3087.5,436.2,16,14,Android
3164,retained,40,32,86,2724,64,0,7104.7,3300.7,10,5,iPhone
3165,retained,118,113,141,3246,27,0,4482.2,929.4,2,2,iPhone
3166,retained,329,263,505,357,101,0,919.7,396.7,13,7,iPhone
3167,retained,16,13,47,1142,0,0,5032.3,1798.5,9,8,Android
3168,retained,68,59,590,642,203,299,6402.9,2213.5,6,6,iPhone
3169,retained,16,13,290,2341,4,110,6153.7,1028.4,8,5,iPhone
3170,retained,9,8,27,1585,195,4,4633.2,3685.3,21,18,iPhone
3171,retained,41,33,90,2562,173,16,6229.8,3097.9,27,19,iPhone
3172,retained,22,18,40,1920,69,0,5907.0,2542.7,10,9,Android
3175,retained,425,342,441,2928,20,32,2889.8,2359.6,22,18,iPhone
3176,retained,20,16,73,2430,0,97,3081.3,1145.5,29,22,iPhone
3177,churned,130,104,251,35,218,16,4683.2,1227.3,6,1,iPhone
3178,retained,263,211,323,256,139,0,3623.3,1309.8,25,24,iPhone
3179,retained,6,5,361,3199,6,115,1031.4,76.0,14,8,Android
3180,churned,41,35,269,284,0,10,2266.7,1693.7,22,19,iPhone
3181,churned,5,5,38,2323,19,0,1568.5,963.6,1,1,Android
3182,retained,83,67,143,3359,216,51,2511.2,1606.4,21,18,iPhone
3183,churned,56,49,151,1739,137,0,7831.1,3615.6,4,0,iPhone
3184,retained,141,113,254,298,0,50,7275.2,4202.2,20,20,Android
3185,retained,135,135,192,2343,45,0,6434.8,533.2,13,13,iPhone
3186,retained,47,45,158,2615,66,58,1680.8,1161.9,21,19,Android
3187,retained,79,63,244,3083,156,0,2926.5,1675.4,30,28,iPhone
3188,retained,11,11,134,1147,0,0,4069.0,792.6,29,23,iPhone
3189,retained,101,83,170,1751,5,35,2643.4,658.7,15,12,Android
3190,churned,45,37,394,997,0,36,8910.5,4396.8,6,2,iPhone
3191,retained,47,39,211,1649,0,14,4902.0,3597.9,26,25,iPhone
3192,retained,98,78,140,3228,260,73,2002.5,1228.9,4,0,Android
3193,retained,269,216,371,2046,66,152,2732.5,1979.8,30,28,Android
3194,retained,58,47,79,2951,0,0,7729.3,670.4,21,13,iPhone
3195,retained,0,0,44,2566,18,0,4761.8,1116.6,21,18,iPhone
3196,churned,84,68,117,2004,46,82,1029.4,602.1,23,21,iPhone
3197,churned,10,8,56,2978,446,65,4989.0,2595.7,8,3,iPhone
3198,retained,13,11,259,520,0,111,5054.3,2897.6,24,19,iPhone
3199,churned,12,10,29,2333,87,21,9305.7,4289.8,4,1,iPhone
3200,retained,58,50,141,1187,66,57,645.2,90.7,14,9,iPhone
3202,retained,199,160,326,1145,0,0,3723.1,2225.5,8,8,iPhone
3203,retained,74,74,138,1074,347,0,917.7,458.4,23,23,Android
3204,churned,31,25,134,1400,18,0,3427.9,1422.4,28,23,Android
3205,retained,40,32,104,1691,170,45,1983.8,400.2,21,13,iPhone
3206,retained,68,54,275,1028,52,65,10114.0,4631.0,2,1,iPhone
3207,retained,118,96,155,3431,150,0,6537.3,4821.6,26,25,Android
3208,retained,4,4,61,2095,0,18,6337.6,4997.1,16,12,Android
3209,churned,79,64,280,181,0,141,7731.6,1773.6,31,29,iPhone
3210,churned,7,6,424,326,141,55,3979.1,2537.6,13,9,iPhone
3211,retained,66,60,96,321,41,1,839.1,643.0,0,0,iPhone
3212,retained,12,12,53,2304,25,119,1337.8,986.2,20,19,Android
3213,retained,8,7,177,2855,283,0,5731.4,2712.0,29,18,Android
3214,retained,217,175,315,2371,13,0,7268.8,1103.5,16,14,iPhone
3215,retained,104,86,186,3001,2,39,3560.7,2062.8,7,7,iPhone
3216,churned,12,11,47,1614,47,98,4760.5,1822.5,21,14,iPhone
3217,churned,22,19,485,234,80,73,2231.8,1475.6,5,5,iPhone
3218,retained,27,22,343,869,34,32,4102.5,1140.0,21,20,Android
3219,churned,21,18,27,1268,27,32,2561.6,1261.5,12,5,Android
3220,retained,20,20,21,1374,166,7,642.5,431.8,24,20,iPhone
3221,retained,8,8,31,726,147,6,4789.8,3448.8,2,0,iPhone
3222,retained,124,100,205,1318,47,12,2236.6,1797.8,28,19,iPhone
3223,retained,28,26,46,1004,376,235,3879.8,567.5,26,25,Android
3225,churned,115,93,213,1024,0,82,7261.2,5976.8,25,18,iPhone
3226,retained,55,48,133,706,0,0,7433.7,3750.5,17,9,Android
3227,retained,52,45,498,2582,76,0,2783.2,907.3,9,5,iPhone
3228,retained,35,35,353,31,0,3,6262.5,1393.9,29,20,iPhone
3229,retained,10,8,75,1575,25,0,8913.2,597.8,26,19,Android
3230,churned,54,47,75,2416,236,0,4493.8,3627.1,3,0,iPhone
3231,retained,4,4,73,2379,87,0,3385.9,759.3,4,0,Android
3232,retained,39,34,359,3035,35,17,1611.5,909.5,30,21,Android
3233,retained,77,62,101,983,0,0,5022.4,1350.7,3,3,Android
3235,retained,1,1,258,688,100,27,2658.9,1925.7,5,5,iPhone
3236,churned,65,52,76,139,0,34,4150.6,535.0,10,10,iPhone
3237,retained,14,11,418,201,427,60,3290.8,1284.4,11,7,iPhone
3238,retained,2,2,270,2179,6,6,4718.5,3585.8,2,2,Android
3239,retained,16,13,59,2125,0,0,2859.8,1773.9,15,13,iPhone
3240,churned,100,80,175,686,74,0,3775.5,3124.4,18,18,iPhone
3241,retained,139,112,283,3259,42,27,3627.0,2669.8,25,17,iPhone
3242,churned,95,76,127,2371,134,56,4536.9,1833.9,11,11,iPhone
3243,churned,211,169,227,1660,0,24,7292.5,2377.2,4,0,iPhone
3244,retained,184,147,262,3192,65,90,6859.5,5129.3,27,18,iPhone
3245,churned,20,20,81,95,162,21,3044.2,1432.8,13,10,Android
3246,retained,50,41,98,1582,0,80,2399.5,1247.9,19,10,Android
3247,retained,58,46,172,1426,0,15,2440.9,1009.5,29,19,iPhone
3248,retained,6,6,243,3290,22,25,4469.4,2300.0,30,21,iPhone
3249,retained,26,22,88,2815,27,38,7805.0,686.4,14,9,iPhone
3250,retained,70,60,131,143,0,4,1163.0,925.1,27,17,Android
3251,retained,87,72,112,2997,60,0,3414.0,2625.7,0,0,iPhone
3252,retained,15,12,195,3489,27,140,4295.0,2300.3,2,0,iPhone
3253,retained,102,82,254,1491,203,0,4952.9,1899.2,4,2,Android
3254,retained,17,17,52,421,30,0,1258.9,157.4,8,8,iPhone
3255,retained,130,104,174,1376,107,0,3240.0,2645.5,12,11,iPhone
3256,retained,158,126,416,1848,19,14,5811.9,865.3,20,14,Android
3257,retained,75,75,294,2139,219,0,2177.8,1808.6,14,14,iPhone
3258,retained,57,46,99,749,0,41,3385.8,2028.5,10,4,iPhone
3259,churned,42,39,125,3111,353,0,6393.8,3374.8,1,0,iPhone
3260,retained,16,13,196,859,55,0,7655.3,2586.6,3,0,iPhone
3261,retained,3,3,4,2095,123,0,1886.3,1362.6,21,12,iPhone
3262,churned,16,14,303,85,468,0,4113.5,1980.1,1,1,iPhone
3263,retained,136,110,415,2692,122,32,7507.9,2568.2,13,8,Android
3264,retained,20,20,130,1466,64,7,5089.1,3000.0,2,0,iPhone
3265,churned,82,76,86,1041,29,20,11394.8,5914.0,3,2,Android
3266,retained,118,99,216,1603,122,25,3470.5,2142.1,25,15,iPhone
3267,retained,12,12,156,2759,0,9,828.7,244.6,5,0,iPhone
3268,churned,209,167,233,973,10,1,4400.4,693.0,18,18,Android
3269,retained,213,173,267,947,180,0,2626.5,2168.2,31,25,iPhone
3270,retained,398,319,441,2189,50,5,2711.5,1064.2,29,22,iPhone
3271,retained,30,24,62,3182,0,35,1414.6,979.4,4,4,Android
3272,churned,110,89,348,580,146,30,3038.8,1740.8,2,0,iPhone
3273,retained,39,32,159,3337,63,0,4592.0,1859.4,12,6,Android
3274,retained,60,54,77,2981,66,0,5157.0,1138.9,10,7,Android
3275,retained,16,16,66,1963,29,0,3006.6,546.9,25,17,iPhone
3276,retained,13,12,88,1439,62,28,1879.4,775.8,28,24,iPhone
3277,retained,225,182,227,3305,114,4,1221.5,777.9,7,7,Android
3278,retained,79,72,111,2060,0,0,7215.2,2586.5,30,23,iPhone
3279,retained,362,362,449,2847,112,0,3524.4,2432.2,21,18,Android
3280,retained,59,49,673,1491,29,9,6027.9,4271.4,9,6,iPhone
3281,retained,11,11,88,277,248,17,2363.9,1722.5,23,14,iPhone
3282,retained,17,16,80,2982,188,0,5594.0,3222.0,2,1,iPhone
3283,retained,42,34,140,459,147,14,3500.6,2039.8,8,6,Android
3284,retained,30,25,124,1748,0,0,2635.8,431.8,26,20,Android
3285,churned,22,22,157,931,0,10,4114.0,2291.2,13,13,iPhone
3286,retained,80,64,228,2486,410,0,2169.9,625.0,17,10,Android
3287,churned,39,36,80,1566,34,34,2702.6,1177.9,3,3,Android
3288,retained,34,34,73,1948,162,0,1726.7,1429.4,18,18,iPhone
3289,churned,99,99,193,2872,197,0,2091.2,599.9,1,0,Android
3290,retained,299,247,320,700,0,54,13902.3,506.3,22,16,iPhone
3291,retained,43,36,102,2289,554,0,842.0,468.5,25,24,Android
3292,retained,140,122,203,122,391,4,2830.1,1684.6,20,11,Android
3293,retained,222,182,349,3008,273,20,4942.4,3844.2,15,9,Android
3294,churned,70,57,111,605,213,91,4222.2,2071.4,10,9,iPhone
3295,retained,5,4,165,3479,105,0,5530.8,3586.1,9,6,iPhone
3296,churned,18,15,121,2301,182,0,7036.5,4440.6,28,20,iPhone
3297,churned,13,10,101,2287,14,0,5809.2,3902.5,7,6,Android
3298,retained,15,14,279,1227,25,34,4916.9,2954.0,27,18,iPhone
3299,retained,66,55,143,2628,0,8,2157.9,1362.3,7,7,iPhone
3300,churned,22,19,146,79,85,29,6050.8,1031.1,1,0,iPhone
3301,retained,45,39,141,2646,61,54,10273.7,2969.3,31,30,Android
3302,retained,32,26,287,2717,41,0,3329.8,1935.2,9,5,iPhone
3303,retained,39,31,70,3256,180,24,1424.2,832.5,1,0,iPhone
3304,retained,2,2,49,3232,275,0,2469.9,1920.1,9,8,iPhone
3305,retained,215,175,223,1459,126,49,7679.5,748.1,16,11,iPhone
3306,retained,48,39,99,2603,79,28,3174.1,540.3,21,17,Android
3308,retained,27,22,44,744,0,0,7239.8,1499.8,14,13,iPhone
3309,retained,20,17,73,483,172,0,4998.5,3464.7,15,15,iPhone
3310,retained,13,11,149,3188,86,105,6183.7,832.9,31,25,iPhone
3311,retained,8,8,89,347,105,14,3976.4,1523.0,4,0,Android
3312,retained,35,28,211,1803,0,0,2790.7,722.8,31,27,iPhone
3313,retained,156,125,258,1206,14,75,6357.3,2134.7,20,20,iPhone
3314,retained,27,22,483,1651,0,105,6883.3,2288.5,29,24,iPhone
3315,retained,96,96,100,3057,107,55,15655.0,2715.6,4,4,iPhone
3316,retained,84,68,350,826,0,66,2900.9,1792.2,27,26,Android
3317,retained,55,46,60,2547,110,0,3801.6,2098.7,16,14,Android
3318,retained,44,44,237,1562,18,0,4838.8,1336.5,10,10,Android
3319,retained,25,21,152,3235,41,0,6524.9,3964.8,30,27,iPhone
3320,retained,193,154,256,2954,0,0,3028.7,873.3,13,9,iPhone
3321,retained,41,34,335,3276,82,0,2899.8,2373.0,24,21,iPhone
3322,retained,45,39,88,994,80,42,2681.9,1452.5,16,10,Android
3323,retained,87,70,166,545,452,0,6026.9,2141.7,5,5,Android
3324,retained,238,195,361,950,51,0,3533.3,784.6,15,15,iPhone
3325,retained,122,99,189,2914,0,9,818.4,656.7,27,20,Android
3326,retained,19,16,386,506,148,35,1783.4,1281.3,23,22,iPhone
3327,retained,198,160,248,3168,73,68,2097.3,794.1,15,9,Android
3328,retained,68,55,187,1273,124,0,4211.1,3224.2,20,19,iPhone
3329,retained,1,1,121,1477,0,20,2918.1,1524.1,29,27,iPhone
3330,retained,2,2,119,1022,0,0,1746.0,1381.5,23,17,iPhone
3331,retained,38,32,159,3075,82,0,6064.0,3021.2,22,14,Android
3332,churned,23,22,45,576,0,72,1412.4,628.8,1,0,iPhone
3333,retained,137,111,192,2766,228,22,1318.9,462.7,7,7,iPhone
3334,retained,7,7,118,645,23,0,4044.9,2560.5,21,21,Android
3335,retained,66,53,120,161,13,4,916.1,753.1,24,17,iPhone
3336,retained,62,62,456,3061,135,121,2442.5,2022.1,12,12,iPhone
3337,churned,30,24,519,396,89,0,3924.2,2379.9,4,1,Android
3338,churned,119,96,588,1805,52,0,1144.5,595.6,5,0,iPhone
3339,retained,33,27,183,2291,27,17,1780.2,548.9,25,21,iPhone
3340,retained,43,35,98,2858,57,14,2293.6,1392.8,22,19,iPhone
3341,retained,94,92,198,2579,48,56,1526.7,336.9,15,13,iPhone
3342,churned,41,41,306,718,275,10,8139.0,2867.5,8,8,iPhone
3343,retained,191,154,600,778,341,14,2342.5,1804.6,16,10,Android
3344,retained,60,49,76,840,169,0,1169.4,520.5,20,19,iPhone
3345,churned,40,39,194,106,13,41,1798.5,1426.2,6,4,Android
3346,retained,103,83,157,3322,0,0,12591.5,801.8,15,14,iPhone
3347,retained,120,108,170,347,30,224,8334.8,4276.3,23,16,Android
3348,retained,17,17,97,2314,27,23,3349.1,917.9,26,24,iPhone
3349,churned,159,127,185,2249,54,26,2598.8,1279.7,9,7,Android
3350,retained,7,6,91,2693,0,136,2180.6,1506.7,29,20,iPhone
3351,retained,276,223,438,580,229,31,2567.5,1313.3,2,0,Android
3352,retained,12,11,170,310,255,0,2652.3,1694.8,5,0,iPhone
3353,retained,51,43,208,2182,18,0,2051.1,225.2,7,1,iPhone
3354,retained,1,1,49,514,0,99,3665.0,2864.5,2,2,iPhone
3355,retained,60,54,137,1109,664,0,3442.4,546.9,25,17,Android
3356,retained,149,119,301,1240,217,0,1671.7,1079.8,6,6,Android
3357,churned,77,62,154,821,94,8,1884.3,1373.5,5,5,iPhone
3358,churned,210,171,255,82,1,0,6063.9,932.5,4,4,iPhone
3359,retained,3,3,65,709,375,56,5748.6,1879.6,14,13,iPhone
3360,retained,112,90,122,1941,37,23,3429.0,970.2,23,21,iPhone
3361,retained,93,93,236,1015,50,0,2534.4,1905.5,7,1,Android
3362,churned,76,62,120,2317,28,83,4464.0,476.5,7,7,Android
3363,retained,2,2,42,2445,86,0,6978.2,2481.9,17,13,iPhone
3364,churned,166,137,281,1994,164,293,7072.6,2391.9,3,3,iPhone
3365,churned,6,6,37,1242,0,0,4323.6,3370.9,3,0,iPhone
3366,retained,41,33,286,3165,50,0,3999.7,2670.6,9,5,iPhone
3367,retained,33,31,99,1085,56,68,3410.3,1184.0,29,28,iPhone
3368,retained,88,72,262,216,171,59,3466.0,735.4,19,19,Android
3369,retained,5,4,85,177,52,0,5920.9,2125.7,30,27,iPhone
3370,retained,118,94,197,2526,0,0,5169.9,1939.1,13,7,Android
3371,retained,165,132,176,1796,176,104,2134.9,1149.4,18,16,iPhone
3372,retained,193,155,488,2719,64,36,2412.4,1586.4,19,13,iPhone
3373,retained,89,80,217,2657,62,28,2961.1,2179.0,3,0,Android
3374,retained,67,57,257,1896,320,34,3365.6,2614.6,27,25,Android
3375,retained,176,141,189,2017,0,37,6773.5,1962.4,29,22,iPhone
3376,retained,77,62,100,324,9,67,3163.5,2419.7,10,5,Android
3377,retained,50,43,102,1588,142,54,5917.0,1414.7,23,19,Android
3378,retained,4,4,123,910,250,11,5228.9,1240.0,30,20,iPhone
3379,churned,50,41,258,18,48,5,4422.5,1706.6,18,18,Android
3380,retained,43,36,326,2414,0,0,3801.4,2412.4,25,21,Android
3381,retained,114,92,280,3175,15,43,6021.9,4483.1,17,10,Android
3382,retained,97,78,213,1822,34,0,877.9,517.1,8,8,iPhone
3383,churned,34,27,274,1339,311,48,3954.8,1814.5,4,4,iPhone
3384,retained,16,13,30,1653,118,88,912.8,507.1,20,20,iPhone
3386,retained,198,163,245,2445,21,0,4527.6,3471.3,7,1,iPhone
3387,retained,22,18,161,648,212,11,4591.9,2849.2,20,16,iPhone
3388,retained,186,160,375,2834,330,16,4579.3,2069.3,7,7,iPhone
3389,retained,2,2,46,1126,77,0,4551.7,3246.0,21,12,iPhone
3390,churned,48,40,112,3220,164,0,2354.1,1656.1,11,10,iPhone
3392,retained,29,23,56,941,126,0,5896.3,1761.3,28,18,Android
3393,retained,106,87,110,1253,135,39,7675.7,541.6,1,0,Android
3394,retained,166,151,221,3300,129,290,8247.3,1591.2,20,18,iPhone
3395,retained,112,92,204,726,45,97,2500.9,1649.4,6,6,iPhone
3396,retained,82,72,428,2555,31,5,2990.8,1765.6,8,6,iPhone
3397,retained,82,68,187,864,0,28,2245.2,1233.2,9,7,iPhone
3398,retained,156,125,297,3238,75,143,6263.6,4473.4,24,16,iPhone
3399,retained,51,43,179,2160,42,81,2760.3,567.7,13,6,iPhone
3400,retained,7,7,136,111,140,103,4490.3,1408.8,0,0,Android
3401,retained,76,69,208,2921,41,20,3610.1,1571.2,7,3,Android
3402,churned,13,10,16,3493,127,13,4070.6,1327.2,0,0,iPhone
3403,retained,64,55,330,1411,5,72,1923.1,505.3,3,0,Android
3404,retained,122,98,196,2807,0,6,3018.9,1855.7,23,18,iPhone
3405,retained,23,20,242,2520,27,50,5928.6,3806.0,28,24,iPhone
3406,retained,91,72,331,1055,0,44,1728.1,539.7,15,13,Android
3407,retained,48,38,245,3372,135,0,3057.1,2003.3,11,11,Android
3408,retained,26,21,31,1144,216,0,1482.8,540.8,31,22,Android
3409,retained,115,115,150,2819,116,35,9174.1,5139.0,26,18,Android
3410,retained,143,119,641,1376,10,0,2211.1,1329.0,27,24,iPhone
3411,retained,62,62,65,1550,0,83,1714.7,379.0,10,7,iPhone
3412,retained,6,5,35,331,1085,0,605.2,239.0,30,24,Android
3413,retained,14,14,41,3455,0,0,2747.5,838.5,6,6,iPhone
3414,retained,67,66,80,1579,51,53,1710.3,562.3,2,2,iPhone
3415,retained,70,57,76,2214,140,50,4017.4,2430.1,29,26,Android
3416,retained,33,33,108,1787,238,0,5410.9,225.5,15,8,iPhone
3417,retained,6,5,251,832,43,33,6106.6,1881.5,17,14,iPhone
3418,retained,421,338,558,2476,111,0,3559.6,1873.0,30,26,Android
3419,retained,142,114,173,1514,0,29,3851.7,2241.9,29,24,Android
3420,retained,236,190,466,3145,45,52,1499.6,630.6,28,23,iPhone
3421,retained,342,274,438,3334,29,108,1295.7,1062.2,20,13,iPhone
3422,retained,17,17,63,203,295,21,2230.7,1535.6,19,15,iPhone
3423,retained,211,169,264,1857,14,37,5996.6,1669.5,24,22,Android
3424,churned,118,94,149,1282,302,63,7608.5,2386.6,19,14,iPhone
3425,retained,47,38,51,1414,93,7,3736.7,1029.6,25,20,Android
3426,retained,38,34,116,1360,473,192,6200.9,3735.0,20,17,iPhone
3427,retained,212,170,525,1218,472,2,7515.6,968.4,11,9,Android
3429,churned,125,101,138,377,18,0,2960.1,1856.8,2,0,iPhone
3430,retained,6,5,291,1113,27,3,773.6,476.4,11,6,iPhone
3431,retained,3,3,57,3282,15,2,8517.0,666.4,7,2,iPhone
3432,retained,24,24,259,2452,0,16,3602.5,2445.9,2,0,Android
3433,churned,19,15,454,1869,704,21,1370.3,929.1,17,10,Android
3434,retained,133,110,269,295,44,21,1164.4,656.7,6,6,iPhone
3435,retained,8,7,203,1993,16,129,6932.4,4619.8,15,13,iPhone
3436,retained,58,54,168,1506,0,0,3136.0,2032.7,9,8,Android
3437,retained,51,42,307,2740,83,20,8953.1,1141.5,8,3,Android
3439,retained,146,118,278,2147,63,67,3294.2,1716.6,16,13,iPhone
3440,retained,74,60,250,2185,292,0,946.5,636.1,6,6,Android
3441,churned,170,137,177,1879,113,12,2243.5,1119.2,16,10,iPhone
3443,retained,13,13,224,1777,125,0,3594.3,1147.4,28,23,iPhone
3444,retained,32,32,45,3330,83,25,6882.7,4961.9,21,16,iPhone
3445,churned,140,112,174,3129,31,68,5132.7,2002.2,24,15,iPhone
3447,retained,146,118,226,2705,0,0,3660.0,1012.2,8,8,iPhone
3448,retained,16,16,85,3258,0,20,2247.9,1547.0,3,0,iPhone
3449,retained,429,346,527,1448,159,0,1549.1,578.0,7,2,Android
3450,retained,30,25,119,1334,85,95,2999.8,1760.7,28,18,Android
3451,retained,0,0,210,2873,210,35,12012.3,4804.7,1,0,Android
3452,retained,65,59,71,799,20,0,5826.6,3756.5,22,15,iPhone
3455,retained,34,34,116,701,101,0,5539.2,915.5,26,18,Android
3456,retained,4,3,136,2892,28,38,2569.9,999.8,17,17,iPhone
3457,churned,113,92,170,2527,185,0,1321.2,646.9,3,0,Android
3458,retained,37,37,193,2826,72,0,4963.1,1028.8,18,15,iPhone
3459,retained,43,38,71,2590,177,23,7911.9,1597.6,29,28,iPhone
3460,retained,20,16,49,2085,5,30,6106.3,3457.2,24,17,iPhone
3461,retained,7,7,205,2000,374,0,2372.2,1605.6,12,5,iPhone
3462,retained,67,55,106,474,0,0,2403.5,1417.2,7,7,iPhone
3463,retained,184,150,333,1847,0,43,1847.9,783.3,21,21,Android
3464,retained,353,283,371,3188,228,49,881.7,428.0,12,12,iPhone
3465,churned,258,207,289,1680,0,1,14580.5,4785.3,8,8,Android
3466,retained,77,63,125,213,115,0,4842.5,2466.0,15,13,iPhone
3467,retained,27,27,83,3182,0,22,5793.8,1391.9,21,20,iPhone
3468,churned,106,86,267,724,474,0,7905.6,6285.7,21,15,iPhone
3469,retained,23,21,170,1250,64,25,3833.6,2671.1,30,20,iPhone
3470,churned,72,59,135,1092,42,0,5887.9,3110.0,4,3,iPhone
3471,retained,147,118,284,2493,0,27,2660.5,1276.3,13,6,iPhone
3472,retained,154,124,324,1193,20,17,5192.2,3340.4,4,2,iPhone
3473,retained,8,7,23,1531,71,0,876.1,408.3,13,6,iPhone
3474,retained,117,94,195,1510,238,0,3125.9,865.5,25,19,iPhone
3475,retained,191,153,483,3151,0,0,8426.4,2592.9,7,2,Android
3476,retained,1,1,99,1872,57,43,4010.3,1335.5,27,18,Android
3477,retained,53,45,153,1254,0,0,4873.6,1915.5,27,24,Android
3479,churned,33,27,83,2471,173,0,5256.0,1158.9,21,13,iPhone
3480,retained,61,49,149,228,18,9,11780.0,5323.1,14,9,iPhone
3481,retained,41,34,66,1012,100,0,2267.5,1562.2,28,18,iPhone
3482,retained,282,248,359,1493,200,0,1252.2,981.8,27,24,iPhone
3483,retained,62,50,90,1039,0,15,6558.6,1501.7,2,0,Android
3484,churned,17,17,145,2146,335,0,1073.9,395.5,10,4,Android
3485,retained,3,3,169,603,14,24,3215.0,468.2,7,7,iPhone
3486,retained,150,121,183,2304,132,30,6351.1,940.2,7,6,iPhone
3487,churned,76,68,228,3149,439,0,4989.7,2501.6,11,9,iPhone
3488,retained,21,17,85,1800,297,121,2753.2,1743.7,13,11,iPhone
3489,retained,236,189,297,2615,63,0,1690.1,625.9,2,2,Android
3490,retained,35,28,240,758,1,70,6008.3,1019.8,26,17,iPhone
3491,retained,77,63,719,1712,148,85,1149.1,534.0,23,21,iPhone
3492,retained,51,41,141,2412,36,0,6905.0,2925.5,6,6,Android
3493,retained,278,230,299,3429,63,0,2941.7,1665.2,24,21,Android
3494,retained,37,30,175,528,0,49,7961.4,3814.8,21,19,iPhone
3495,retained,5,4,15,66,299,0,2648.2,1551.8,18,15,iPhone
3496,churned,25,20,402,280,55,110,4197.9,321.6,21,20,iPhone
3497,retained,57,46,181,1039,19,90,1255.0,180.5,30,24,Android
3498,retained,40,37,74,3075,0,60,2144.0,200.4,10,9,Android
3499,retained,1,1,27,2281,65,51,2120.4,1573.4,15,15,iPhone
3500,retained,44,40,124,886,179,70,3246.4,1233.3,27,25,iPhone
3501,retained,28,24,97,1423,31,0,8405.7,6908.5,17,13,Android
3502,retained,33,27,39,518,12,0,2217.2,1469.7,13,11,iPhone
3503,churned,24,21,86,1914,668,0,1443.5,1157.2,7,7,iPhone
3504,retained,129,104,514,1848,80,98,7542.4,4990.3,29,23,iPhone
3505,retained,9,9,165,1309,0,68,1404.9,546.8,4,4,iPhone
3506,retained,90,74,121,2852,308,3,873.8,230.1,4,4,Android
3508,churned,22,18,104,42,0,0,10182.0,3672.0,0,0,iPhone
3509,retained,33,29,198,2814,0,0,2556.4,560.9,3,3,iPhone
3510,retained,16,16,50,1377,215,13,1605.3,1295.5,28,27,Android
3511,retained,3,3,47,2300,5,0,7927.2,6270.8,12,12,Android
3512,churned,101,81,285,968,20,0,3002.9,2240.8,20,18,iPhone
3513,retained,14,11,24,1464,70,0,1474.3,374.3,2,0,iPhone
3514,churned,71,59,561,1302,68,14,7020.0,986.6,10,10,Android
3515,retained,30,24,253,2075,33,0,2649.4,1537.6,29,24,iPhone
3516,retained,170,138,375,2142,293,2,1726.0,674.8,13,13,Android
3517,churned,441,355,449,72,0,0,4231.9,2295.4,21,20,iPhone
3518,retained,211,169,252,1515,54,0,6945.5,3464.1,16,11,iPhone
3519,retained,98,82,102,3207,65,0,3519.3,1371.7,16,11,Android
3520,retained,134,109,226,2912,314,7,4856.4,3525.7,26,21,iPhone
3521,churned,15,12,64,3152,0,7,7859.2,2446.6,1,0,iPhone
3522,retained,33,27,220,2823,0,30,2479.1,1289.9,13,10,iPhone
3523,retained,230,184,267,3399,18,69,7050.5,5611.0,5,4,iPhone
3524,retained,30,24,57,3320,222,0,7741.0,2835.2,4,4,Android
3525,retained,133,107,548,1682,25,18,1219.8,935.5,26,21,Android
3527,retained,173,138,410,2386,89,0,2058.2,1394.4,20,15,iPhone
3528,retained,27,22,372,267,0,0,2876.6,1515.6,22,16,iPhone
3529,retained,41,34,140,2623,241,0,2520.9,725.2,24,19,iPhone
3530,retained,19,16,376,3412,67,43,2933.0,1211.3,11,11,iPhone
3531,churned,113,91,217,252,367,0,2342.1,524.8,9,7,Android
3532,retained,3,3,17,1629,109,8,5086.6,3773.8,1,1,Android
3533,retained,7,7,57,184,187,0,4809.8,1567.8,8,8,Android
3534,retained,69,57,231,2122,32,0,1941.7,1398.0,11,10,iPhone
3535,retained,70,58,233,474,242,32,3515.3,2827.9,16,12,iPhone
3536,retained,46,41,225,270,333,0,1975.8,1024.2,29,23,Android
3537,churned,57,46,78,326,0,0,5212.4,594.0,23,17,iPhone
3538,retained,135,110,162,3194,13,0,2466.7,1665.3,0,0,iPhone
3539,retained,42,34,56,1907,167,0,2533.2,1346.7,29,19,iPhone
3540,retained,192,154,239,2289,173,0,4325.2,2539.2,27,17,Android
3541,retained,7,7,41,1215,22,0,586.8,461.5,7,3,Android
3542,retained,436,351,492,2631,56,25,3075.8,1728.5,22,17,iPhone
3544,churned,96,77,203,1875,0,13,7354.2,2477.0,15,13,Android
3545,retained,36,29,224,205,173,61,3495.0,902.5,14,12,iPhone
3546,churned,2,2,58,412,0,3,6379.9,4659.1,16,12,iPhone
3547,churned,178,143,229,1419,68,97,2539.0,2096.7,2,0,Android
3548,churned,230,189,375,1816,73,0,3526.1,831.3,1,0,Android
3549,retained,33,30,55,47,92,0,2192.8,1565.3,2,2,Android
3550,churned,250,201,315,3289,178,0,6385.1,3443.6,8,8,Android
3551,retained,38,31,504,2843,83,0,5749.4,1977.3,22,17,iPhone
3552,retained,49,49,193,2543,79,0,3295.0,1479.8,19,17,Android
3553,retained,79,63,127,750,42,0,2432.1,1239.3,17,14,iPhone
3554,churned,48,45,62,1383,19,0,1245.6,438.4,14,7,iPhone
3555,retained,122,101,157,2027,547,0,9161.3,1473.0,15,15,Android
3556,retained,16,13,119,3285,360,23,2626.8,1858.3,14,9,iPhone
3557,retained,3,3,208,2290,109,36,1538.8,899.4,8,8,iPhone
3558,retained,47,37,98,1586,0,0,5129.6,1396.5,26,17,iPhone
3560,retained,106,85,137,3302,170,18,1128.9,352.3,31,21,iPhone
3561,retained,45,39,193,1377,199,0,1323.0,599.5,19,17,iPhone
3562,retained,37,37,247,1033,0,0,2320.9,1692.0,28,19,iPhone
3563,retained,70,59,179,1852,86,0,5156.5,1136.4,27,26,Android
3564,retained,146,119,254,2311,0,106,1118.1,679.5,25,16,Android
3565,retained,8,8,143,2556,0,85,2346.7,1289.1,20,13,iPhone
3566,retained,67,55,91,1180,82,24,1716.0,967.9,21,21,Android
3567,churned,24,20,256,2419,121,66,1798.9,489.3,14,8,Android
3568,retained,96,77,159,3142,31,57,4683.7,794.2,3,0,iPhone
3569,churned,10,10,46,620,378,60,5097.7,3243.7,15,11,Android
3570,retained,28,24,80,3146,438,0,754.6,514.1,15,13,Android
3571,retained,177,141,178,2547,154,0,3411.1,1182.7,14,14,iPhone
3572,retained,2,2,19,1018,129,0,13662.6,5737.9,20,13,Android
3573,retained,26,26,48,3387,40,173,11104.0,8580.5,10,9,iPhone
3574,retained,37,35,52,2084,15,44,1441.3,726.1,8,6,Android
3575,retained,8,7,126,2911,123,189,2460.7,821.4,14,14,iPhone
3576,retained,28,22,52,699,127,31,1379.0,774.9,27,20,iPhone
3577,retained,125,106,412,1443,195,0,2221.7,196.9,5,1,iPhone
3578,retained,26,26,88,1086,28,66,5201.4,3208.3,14,9,Android
3579,retained,305,244,398,1617,188,0,5230.1,1956.5,7,7,Android
3580,retained,14,14,37,2549,31,0,3152.2,372.0,11,11,iPhone
3581,churned,168,135,182,216,34,0,8594.9,1586.2,13,6,iPhone
3582,churned,3,3,82,894,0,34,4743.1,2078.5,12,8,Android
3583,retained,11,10,94,2437,0,10,1640.2,1202.5,17,17,Android
3584,churned,46,37,268,2025,0,46,2854.3,516.5,4,2,iPhone
3585,retained,23,21,37,2768,339,104,5262.5,3380.9,28,24,iPhone
3586,retained,101,81,128,3185,1,32,2789.7,1701.9,11,11,iPhone
3587,retained,80,64,285,2155,494,1,7860.1,3888.0,11,4,iPhone
3588,retained,92,92,302,3308,18,0,3210.9,2187.6,31,20,Android
3589,retained,51,51,262,726,51,0,2188.8,730.1,24,14,iPhone
3590,retained,17,17,65,2656,0,11,1888.9,642.6,7,3,iPhone
3591,retained,34,31,38,2426,49,26,4452.7,3240.1,12,11,iPhone
3592,retained,113,92,165,2494,103,0,3824.9,3104.3,17,12,iPhone
3593,retained,150,124,236,796,19,13,3368.7,642.9,7,6,iPhone
3594,retained,73,61,96,1674,0,31,4314.4,3564.0,7,7,Android
3595,retained,132,107,206,1986,239,29,3169.7,1894.1,20,14,iPhone
3596,retained,54,44,150,3128,106,75,4214.0,1734.3,31,25,iPhone
3597,retained,341,273,590,3397,44,0,3947.1,1567.7,3,2,iPhone
3598,retained,4,4,314,2371,14,42,2248.8,313.7,25,21,Android
3599,retained,57,46,61,859,297,29,2032.3,96.2,21,14,iPhone
3600,retained,55,55,56,2270,231,69,7723.8,5074.4,18,14,iPhone
3601,retained,155,124,199,1250,129,145,2427.1,315.5,29,24,Android
3602,retained,37,34,130,3180,23,0,3361.4,356.1,17,13,iPhone
3603,retained,10,8,46,1514,0,0,2300.8,1856.6,28,22,Android
3604,churned,104,83,251,367,398,0,2331.7,932.2,3,3,Android
3605,retained,83,78,385,3388,123,23,3913.9,2794.1,23,16,iPhone
3606,retained,186,158,239,1336,28,139,3100.2,2130.3,8,8,Android
3607,retained,9,7,12,1628,0,0,3802.9,2204.8,14,13,Android
3608,retained,11,11,383,3195,152,1,2193.1,501.3,3,3,Android
3609,retained,59,48,153,2707,108,22,4399.2,805.6,5,5,iPhone
3610,retained,89,72,274,2066,43,0,5365.2,2782.4,5,5,iPhone
3612,retained,292,237,389,3001,66,0,1573.8,962.1,18,9,iPhone
3613,retained,11,11,48,28,141,0,2071.4,777.4,21,21,iPhone
3614,retained,91,77,256,130,431,0,6252.1,3109.1,13,12,iPhone
3615,churned,59,51,187,655,267,0,1632.0,399.0,14,12,iPhone
3616,retained,8,7,84,903,32,259,3905.7,1171.8,17,13,iPhone
3617,retained,113,90,122,2566,0,14,3641.8,845.9,10,5,Android
3618,retained,0,0,31,1295,270,0,4186.2,1159.9,7,4,iPhone
3619,retained,105,87,117,587,82,75,4507.7,2557.1,22,18,Android
3620,churned,39,31,543,2514,69,53,3840.8,568.1,1,1,iPhone
3621,retained,36,30,61,2233,12,0,6309.7,3915.8,20,15,Android
3622,churned,149,120,152,1054,79,0,2035.7,1660.9,12,7,Android
3623,retained,6,5,59,599,86,0,1711.3,557.3,12,8,iPhone
3624,retained,109,87,399,3129,31,0,5191.2,2663.3,9,9,Android
3625,churned,57,46,82,3392,0,0,7739.2,5527.2,3,3,iPhone
3626,retained,34,27,81,1052,134,3,5227.3,1151.2,3,3,iPhone
3627,retained,60,48,87,1697,53,14,3720.7,2530.2,6,6,iPhone
3628,retained,55,45,245,2650,99,0,3000.8,1249.7,7,7,iPhone
3629,retained,258,206,333,2569,9,16,3671.1,2492.9,5,3,Android
3630,retained,119,97,201,2709,202,13,1285.9,658.3,19,11,iPhone
3631,retained,7,7,94,2500,211,7,6040.8,2835.8,28,21,Android
3632,churned,99,95,169,46,49,46,1785.5,1484.8,29,19,iPhone
3633,retained,19,16,68,1185,154,0,7919.9,4987.7,22,14,Android
3634,retained,17,15,57,1313,193,16,4313.7,1291.2,22,15,iPhone
3635,churned,81,65,136,746,20,13,3690.3,2633.0,10,5,iPhone
3636,retained,45,36,88,1242,154,136,1808.9,486.0,15,10,iPhone
3637,retained,108,87,260,2099,286,0,5410.6,2722.6,13,11,iPhone
3638,retained,184,147,335,133,69,22,3675.7,845.7,8,2,iPhone
3639,retained,132,114,238,1569,60,76,5963.0,3524.1,6,4,Android
3640,retained,79,73,248,207,0,37,1683.6,1293.7,24,21,Android
3641,churned,294,235,385,1914,185,47,2202.0,831.4,12,12,iPhone
3642,retained,2,2,122,2331,516,9,2333.0,1533.7,15,8,Android
3643,retained,10,8,135,3070,0,31,6473.5,1708.4,17,17,iPhone
3644,retained,66,53,68,2394,73,49,3765.6,2555.9,1,1,iPhone
3645,churned,245,196,496,1517,80,42,1511.6,1148.1,0,0,Android
3647,retained,122,98,214,95,0,0,1278.4,963.8,30,20,iPhone
3648,churned,54,43,54,1944,0,0,4167.9,3100.0,2,2,Android
3649,retained,167,137,171,1052,34,0,3422.6,1525.7,30,22,Android
3650,retained,148,122,248,183,0,0,7336.4,4476.5,15,12,Android
3651,churned,50,40,64,617,140,65,525.2,262.9,12,9,iPhone
3652,retained,61,49,72,414,0,0,1577.0,763.2,14,7,iPhone
3653,retained,118,103,256,284,5,36,3821.3,1649.2,26,19,iPhone
3654,retained,87,70,114,1406,0,86,4965.3,3706.0,27,18,Android
3655,retained,163,132,166,284,152,0,2485.7,449.7,8,4,Android
3656,retained,33,27,35,465,136,0,5922.0,3224.5,30,21,iPhone
3657,retained,100,80,325,1385,385,0,3543.0,1385.1,21,20,Android
3658,retained,66,53,215,493,144,0,2188.7,569.9,24,20,iPhone
3659,retained,122,110,314,1505,38,15,1714.7,735.7,30,23,iPhone
3660,retained,120,120,168,2094,69,105,1940.2,549.4,17,13,iPhone
3662,retained,115,92,187,320,196,0,546.9,171.9,22,13,Android
3663,retained,164,140,444,2212,187,0,961.9,290.6,29,26,iPhone
3665,retained,37,35,125,1665,0,25,4759.8,354.0,6,2,Android
3666,retained,48,39,117,697,190,0,3118.4,1557.8,11,4,iPhone
3667,retained,224,179,295,1888,262,81,2197.4,1801.1,25,18,Android
3668,retained,6,6,31,184,70,11,10974.7,6227.6,17,17,iPhone
3669,retained,221,177,828,3159,63,0,4262.1,1200.7,27,22,iPhone
3670,churned,130,108,141,1520,196,19,4316.7,1929.7,7,7,iPhone
3671,churned,15,15,26,206,13,13,1120.0,822.2,0,0,iPhone
3672,retained,86,71,467,1376,58,0,1701.2,277.9,7,3,iPhone
3673,retained,13,10,138,1836,237,41,2014.8,1291.0,7,5,Android
3675,retained,150,120,206,3032,0,45,7689.5,5809.4,21,21,iPhone
3676,retained,21,17,162,1290,280,14,6183.3,4400.1,25,17,Android
3677,retained,113,91,285,2342,24,120,5520.8,4248.0,15,12,iPhone
3678,retained,1,1,143,1634,26,261,405.2,46.4,4,0,iPhone
3679,churned,4,4,186,1053,199,117,2417.3,2000.1,16,12,iPhone
3680,retained,40,36,129,2635,329,22,3405.3,2442.4,30,26,iPhone
3681,retained,23,19,316,3179,81,0,1488.2,600.2,10,10,Android
3682,retained,289,231,604,2571,0,0,2421.8,711.4,23,23,iPhone
3683,churned,4,4,30,1037,104,302,6704.8,1240.8,24,20,Android
3684,retained,16,14,63,288,117,0,2970.0,1846.7,30,28,Android
3685,churned,298,239,386,3496,279,39,5610.7,4431.2,2,2,Android
3686,retained,3,3,14,49,109,0,6451.5,307.8,1,0,Android
3687,retained,8,8,70,1548,0,0,1363.6,1128.9,19,13,Android
3688,retained,44,36,186,2671,64,81,4946.0,803.2,4,1,iPhone
3689,churned,19,19,80,2557,59,55,3986.2,2994.0,17,14,iPhone
3690,retained,23,22,41,1004,0,9,6725.9,2411.9,7,7,Android
3691,retained,33,33,90,2729,38,25,6451.9,510.6,31,30,Android
3692,churned,87,71,230,255,0,77,2468.5,611.3,0,0,Android
3693,retained,53,45,188,3297,593,152,7386.3,4198.9,29,27,Android
3694,retained,24,19,57,862,374,139,1559.6,730.1,15,15,iPhone
3695,retained,115,92,165,67,14,0,1442.3,181.0,13,13,iPhone
3696,churned,26,21,28,1336,0,0,3630.2,2047.5,5,2,Android
3697,retained,297,250,566,957,255,0,1254.1,992.3,15,12,iPhone
3698,retained,448,360,551,3132,109,14,1134.6,408.4,29,20,Android
3699,retained,16,14,175,719,26,0,1175.3,445.6,22,16,iPhone
3701,retained,1,1,120,2326,44,0,2568.9,1583.9,7,7,iPhone
3702,retained,323,259,422,1505,33,69,1866.2,615.0,17,13,Android
3703,retained,42,33,203,2811,95,47,5380.5,610.8,17,17,iPhone
3704,churned,76,61,97,334,114,10,3856.8,2206.4,2,0,iPhone
3705,retained,79,63,219,1957,154,0,3785.1,1359.5,29,25,iPhone
3706,retained,229,183,276,2500,37,0,4541.4,440.3,27,19,Android
3707,retained,400,320,527,3369,3,25,1349.6,794.1,13,13,iPhone
3708,retained,11,11,52,2359,0,14,4862.6,2232.9,16,10,Android
3709,retained,188,150,518,290,292,0,8552.5,456.3,12,6,iPhone
3711,retained,51,42,250,2875,0,0,1905.8,1317.2,7,7,iPhone
3712,retained,11,10,93,369,38,0,1836.7,726.5,25,18,iPhone
3713,retained,19,16,34,949,70,21,3818.1,2589.7,11,11,Android
3714,churned,0,0,155,249,76,176,3582.4,1206.5,2,2,Android
3715,churned,1,1,80,1283,0,25,6813.9,2881.1,8,2,iPhone
3716,retained,15,13,129,330,288,0,2309.2,1372.2,16,16,Android
3717,retained,159,137,210,2494,437,12,8026.7,4627.5,26,23,Android
3718,retained,57,47,88,1137,195,0,3440.4,538.9,17,9,Android
3719,retained,110,109,192,693,0,15,2853.3,1106.3,5,2,iPhone
3720,retained,73,59,117,1316,93,0,1224.8,226.6,27,26,Android
3721,retained,80,64,146,1929,227,0,1528.9,138.6,7,2,iPhone
3722,retained,7,7,118,2340,218,54,2203.4,673.3,30,28,Android
3723,retained,33,33,33,3495,0,0,585.2,409.3,11,9,Android
3724,retained,193,156,216,2771,0,0,3507.5,2621.5,23,20,Android
3725,churned,43,43,166,1227,104,0,4130.1,3349.7,4,1,Android
3726,retained,405,324,448,2469,0,37,6804.0,4894.4,12,10,iPhone
3727,retained,130,105,154,1505,63,0,6871.0,4184.2,23,18,iPhone
3728,retained,281,225,296,99,46,0,2937.8,261.2,20,18,iPhone
3729,churned,157,131,799,2767,0,44,3466.6,2855.7,11,10,iPhone
3730,retained,22,20,251,1873,378,0,4615.8,3414.9,31,29,Android
3731,retained,264,215,284,1155,25,14,5408.7,2143.4,24,21,iPhone
3732,churned,142,120,215,1670,211,18,2778.7,1399.6,4,0,iPhone
3733,retained,17,14,53,753,7,20,1628.7,371.0,18,17,iPhone
3734,retained,155,136,268,2659,121,99,3080.0,1654.7,11,6,Android
3735,churned,24,20,66,3049,0,0,3304.5,1546.7,1,0,iPhone
3736,retained,51,45,115,369,125,0,2733.5,1431.1,28,22,iPhone
3737,retained,217,174,272,2428,49,56,2692.3,1513.9,28,24,iPhone
3738,retained,201,161,304,3138,0,19,9589.8,5826.8,30,21,iPhone
3739,retained,22,22,140,3293,7,29,2604.7,1832.2,22,20,iPhone
3740,churned,70,57,203,767,113,50,5147.7,2567.9,7,7,iPhone
3741,retained,33,26,97,2119,110,53,1913.0,1166.9,28,27,Android
3742,retained,31,26,75,399,213,0,3654.7,2791.6,7,3,Android
3743,retained,83,66,229,2861,140,86,2217.3,865.5,30,21,Android
3744,retained,44,38,131,2058,311,7,5806.0,826.4,14,14,iPhone
3745,retained,15,15,202,142,209,31,12288.1,1390.7,23,20,iPhone
3746,retained,23,19,102,3197,6,3,2239.9,1424.0,25,21,iPhone
3747,retained,2,2,182,2976,70,11,2447.2,1001.7,28,27,iPhone
3748,retained,238,191,263,1097,516,0,5325.9,1413.7,24,24,iPhone
3749,retained,36,31,232,3087,88,0,5061.1,1137.0,13,8,Android
3750,retained,241,194,377,799,77,50,3519.9,2783.4,3,2,Android
3751,churned,198,161,450,438,48,14,3295.3,687.8,5,2,Android
3752,retained,3,3,14,1912,0,11,1883.9,154.9,1,1,iPhone
3753,retained,27,22,399,2158,0,0,2583.9,843.9,15,15,iPhone
3754,retained,6,5,209,2585,425,9,5687.4,4669.7,30,29,iPhone
3755,retained,153,126,161,1925,11,0,2035.0,1090.1,22,19,iPhone
3757,retained,44,37,56,1375,27,0,997.3,822.8,15,14,Android
3758,retained,8,8,279,2576,387,12,752.0,437.1,28,25,iPhone
3759,retained,9,7,218,3468,59,0,1732.2,995.0,12,10,iPhone
3760,retained,18,18,47,3079,207,54,1376.4,736.3,13,13,iPhone
3761,retained,146,117,347,1233,385,9,4462.1,754.9,28,23,iPhone
3762,retained,104,83,108,1916,13,33,5432.5,1544.6,13,12,iPhone
3763,retained,23,21,41,780,182,3,829.8,260.0,9,7,iPhone
3764,retained,133,107,363,3035,75,22,2778.2,499.8,15,12,iPhone
3765,retained,20,16,107,3442,0,44,2196.3,706.7,15,15,Android
3766,retained,93,74,110,3073,118,5,5444.4,3246.1,10,5,iPhone
3767,retained,56,47,69,2462,439,20,9141.1,2454.6,16,9,iPhone
3768,retained,16,16,83,2595,37,30,586.9,186.3,23,21,iPhone
3769,retained,20,19,146,22,0,0,4459.3,3577.9,22,13,iPhone
3770,churned,35,29,108,1638,0,92,2957.5,1638.8,5,0,Android
3771,retained,46,38,68,1474,0,6,2679.0,1793.5,23,21,iPhone
3772,churned,4,4,28,3123,102,0,3574.3,1736.8,3,0,iPhone
3773,retained,28,25,212,458,31,0,847.9,451.6,3,0,iPhone
3774,retained,254,203,275,2928,249,47,3678.9,1068.3,12,8,iPhone
3775,retained,64,52,70,1907,185,0,1821.3,1117.3,3,1,iPhone
3776,retained,75,62,217,1919,109,23,4867.5,2350.9,8,7,Android
3778,retained,117,97,206,968,0,0,2542.7,1713.9,7,6,iPhone
3779,retained,137,110,397,3221,81,0,7308.3,2482.0,25,15,Android
3780,churned,50,50,305,778,8,0,2010.5,1543.9,6,0,iPhone
3781,retained,69,57,332,3437,0,0,1545.6,1053.6,17,14,iPhone
3782,retained,33,28,297,1871,152,19,3770.1,716.9,27,17,iPhone
3783,retained,49,40,348,481,38,0,2222.7,1088.0,10,10,Android
3784,retained,12,12,323,1053,120,30,6811.9,3712.4,18,12,Android
3785,churned,29,24,639,820,184,0,2146.0,366.6,1,1,iPhone
3786,churned,48,39,133,2999,37,18,9698.8,3516.3,8,4,iPhone
3787,retained,31,31,219,147,21,50,10304.4,3801.3,24,20,iPhone
3788,retained,52,50,114,1705,73,0,6679.2,2788.5,19,11,iPhone
3789,retained,47,38,50,3035,259,0,3072.0,734.6,13,12,Android
3790,retained,36,29,108,895,21,7,1302.5,484.6,19,19,iPhone
3791,retained,9,9,18,864,68,79,8952.1,5023.7,9,9,iPhone
3792,retained,82,66,138,3125,276,21,1160.4,493.2,24,24,iPhone
3793,retained,132,109,133,2479,0,0,3700.4,765.1,14,10,iPhone
3794,retained,10,10,211,2217,28,0,1120.0,813.9,30,20,iPhone
3795,retained,126,102,161,1731,84,0,2400.2,973.1,10,10,iPhone
3796,retained,125,102,718,2601,200,25,3119.4,681.0,20,18,iPhone
3797,retained,265,219,285,3425,93,40,954.9,539.4,23,20,iPhone
3798,retained,24,20,132,1727,0,43,4963.8,2827.5,24,19,iPhone
3799,retained,150,120,198,2019,59,33,2216.4,1394.7,2,2,Android
3800,retained,31,27,47,2856,111,51,2501.6,543.8,17,17,Android
3801,retained,0,0,81,1244,149,20,4462.7,1728.3,21,13,Android
3802,churned,28,23,119,1970,77,4,2239.8,1200.5,3,0,iPhone
3803,churned,45,37,116,3309,11,0,1201.5,624.9,5,4,Android
3804,retained,1,1,1,2192,493,15,2748.9,1731.0,27,20,iPhone
3805,retained,63,56,101,438,0,0,2177.9,1633.0,25,18,Android
3806,churned,67,54,69,626,651,0,2589.0,1172.1,24,19,iPhone
3807,churned,138,112,144,1621,418,0,8063.5,3176.7,7,7,iPhone
3808,retained,109,89,112,655,164,0,5612.1,2435.5,8,7,Android
3809,retained,6,6,373,441,0,0,1869.3,236.2,25,19,iPhone
3810,retained,78,62,78,865,285,0,12024.9,9797.2,18,10,iPhone
3811,retained,0,0,99,392,47,0,1815.4,719.1,21,17,iPhone
3812,retained,26,26,144,1894,21,4,7209.7,950.5,29,19,iPhone
3813,retained,57,46,69,681,193,0,3279.9,2577.3,31,24,iPhone
3814,retained,77,71,90,1437,101,0,3487.8,1891.3,24,16,iPhone
3815,retained,65,53,191,2843,86,21,1365.0,760.5,17,15,iPhone
3816,retained,474,379,716,2833,22,0,3109.0,704.1,4,4,iPhone
3817,retained,373,299,382,1902,30,0,2556.7,352.8,12,12,iPhone
3818,churned,55,49,289,1243,0,58,2190.0,1812.4,15,15,iPhone
3819,retained,4,4,62,2385,256,0,4877.8,932.5,11,6,iPhone
3820,retained,37,30,58,749,2,68,3375.0,1252.9,16,8,iPhone
3821,retained,256,206,285,1066,254,85,2854.9,1486.6,8,3,iPhone
3822,retained,52,42,64,468,0,0,2683.7,1650.5,2,2,iPhone
3823,retained,60,48,235,2775,305,0,4761.4,2412.9,11,5,iPhone
3824,retained,43,35,118,1203,244,0,1781.0,458.4,10,10,iPhone
3825,retained,33,33,38,3171,145,0,7114.2,4436.2,11,11,iPhone
3826,retained,63,52,74,1743,0,0,2328.6,1457.3,28,27,iPhone
3827,retained,275,239,557,2632,5,109,273.5,128.1,10,3,iPhone
3828,churned,311,251,526,1467,30,92,5308.0,125.7,9,6,iPhone
3830,retained,112,93,273,2801,45,127,7876.7,4966.5,26,19,iPhone
3831,retained,32,29,68,847,114,0,5190.2,1389.0,8,4,Android
3832,retained,107,86,207,185,51,31,2824.4,2144.4,22,22,iPhone
3833,retained,176,142,233,3337,258,0,2145.6,1208.0,0,0,iPhone
3834,retained,61,55,97,439,0,65,1327.8,752.5,12,12,Android
3835,retained,165,158,314,220,98,45,2790.7,2108.4,26,25,iPhone
3836,retained,156,125,174,2479,9,0,5649.1,3227.4,10,4,iPhone
3837,retained,36,29,37,2774,178,5,5788.7,2225.7,22,15,Android
3838,retained,88,79,209,2791,142,0,6785.7,4135.4,15,13,Android
3839,retained,125,100,216,3214,145,0,1955.6,1288.5,28,20,iPhone
3840,retained,5,5,261,2761,6,0,2464.1,665.9,14,11,Android
3841,churned,22,19,259,1149,44,0,4231.6,3011.6,7,6,Android
3842,retained,5,5,404,35,207,13,2927.6,2325.1,25,16,Android
3843,retained,26,26,339,1292,23,37,4728.7,1593.5,17,17,Android
3844,retained,17,17,370,3201,215,8,1545.4,813.4,13,12,Android
3845,retained,94,94,114,2260,86,0,6243.7,4401.9,14,14,Android
3846,retained,290,233,356,460,153,12,3411.8,808.6,10,10,Android
3847,churned,126,101,185,2554,304,71,2519.2,1736.7,21,16,iPhone
3848,retained,9,8,24,1458,115,24,3759.8,2782.9,20,19,iPhone
3849,churned,52,42,85,2483,417,0,3192.7,1089.2,1,0,iPhone
3851,retained,109,88,214,1660,117,0,3465.1,1691.0,28,22,iPhone
3852,retained,169,135,294,477,104,0,1345.2,698.1,15,14,Android
3853,churned,152,123,194,1287,48,36,4366.1,2277.1,11,4,iPhone
3854,retained,100,83,439,2932,0,0,4629.9,134.2,19,19,Android
3855,retained,92,74,118,3153,141,0,5394.5,766.8,11,7,iPhone
3856,retained,44,37,44,1406,75,10,5538.5,4073.2,24,16,iPhone
3857,retained,1,1,6,410,216,100,3340.8,1187.4,25,19,iPhone
3858,retained,111,94,170,2346,17,0,4151.0,821.6,15,12,iPhone
3859,retained,101,85,106,2585,228,54,2584.6,182.3,4,2,iPhone
3860,retained,94,79,134,3022,101,0,2370.6,1686.6,19,14,iPhone
3861,retained,67,57,125,3009,151,0,1656.9,1154.1,18,18,iPhone
3862,retained,10,9,86,2508,233,46,1278.8,1049.5,26,20,iPhone
3863,retained,44,43,67,1152,9,13,1848.4,606.9,23,17,iPhone
3864,retained,15,15,104,3238,17,14,4429.4,3164.7,26,17,iPhone
3865,churned,511,418,531,3064,99,0,3799.0,1077.0,16,14,iPhone
3866,retained,13,11,100,1333,317,24,1518.4,896.8,13,8,iPhone
3867,retained,171,138,365,2337,2,0,4885.6,2335.5,29,24,iPhone
3868,retained,65,52,67,329,144,89,3096.2,903.5,25,17,Android
3869,retained,49,41,168,3401,3,0,5061.8,2742.1,20,20,iPhone
3870,retained,37,30,233,2728,82,175,3819.1,665.1,5,1,iPhone
3871,retained,12,10,200,3495,153,0,10277.8,7007.2,26,23,iPhone
3872,retained,18,16,183,466,0,0,1373.2,187.3,6,6,Android
3873,retained,32,26,123,3211,50,0,1978.8,1057.0,16,14,iPhone
3874,retained,6,5,236,1689,0,0,2910.6,2006.5,22,21,iPhone
3875,retained,8,8,198,1170,0,31,3068.5,1429.0,14,13,iPhone
3876,churned,15,14,122,1648,65,15,3645.4,2246.5,6,6,Android
3877,retained,161,154,288,2204,0,39,869.3,624.9,31,24,iPhone
3878,retained,32,26,56,22,32,11,3461.5,1418.3,22,14,iPhone
3879,retained,266,243,398,356,205,0,5565.9,4563.7,31,24,iPhone
3881,retained,32,26,115,2844,19,26,11316.3,1372.3,15,14,iPhone
3882,retained,57,46,396,2345,79,42,13873.3,1792.1,2,2,iPhone
3883,retained,150,120,255,1058,198,0,2128.1,1504.9,25,17,iPhone
3884,retained,19,17,27,1777,11,8,5869.6,3204.9,20,12,Android
3886,retained,28,23,114,1762,75,12,6333.6,2849.0,2,0,Android
3887,retained,35,30,59,177,51,52,8818.4,2101.8,23,19,iPhone
3888,retained,19,15,489,91,0,87,3668.8,810.1,30,28,iPhone
3889,retained,21,19,175,1428,107,123,2265.8,683.2,23,15,iPhone
3891,retained,89,89,218,1492,16,117,3921.4,726.5,11,10,iPhone
3892,retained,18,15,125,534,229,108,1813.5,659.9,27,23,Android
3893,retained,87,70,113,180,104,28,1858.5,316.7,24,18,Android
3894,retained,115,93,611,831,0,164,519.1,285.9,14,13,iPhone
3895,retained,255,204,402,3063,312,100,1420.4,1147.3,3,3,iPhone
3896,retained,13,11,94,2789,87,0,3001.8,1351.8,22,21,iPhone
3897,retained,26,21,138,2445,0,116,6860.4,2930.2,28,17,iPhone
3898,retained,9,9,234,2871,0,0,4347.1,1653.2,4,3,iPhone
3900,retained,47,38,124,3314,40,143,7927.9,3743.7,11,10,iPhone
3901,retained,31,25,208,3443,42,62,5096.0,1775.4,27,24,iPhone
3902,retained,2,2,150,388,137,22,4194.0,2192.0,3,0,Android
3903,retained,101,81,206,1109,117,37,1588.8,653.7,6,6,iPhone
3904,retained,33,28,137,2424,22,0,1325.8,830.5,11,11,iPhone
3905,retained,57,46,58,1928,0,0,2720.5,2166.4,14,13,iPhone
3906,retained,66,53,89,1690,161,16,4432.8,1432.1,26,22,Android
3907,retained,89,72,150,145,0,28,1075.7,793.8,19,17,iPhone
3908,retained,157,126,348,3159,0,11,2740.9,1001.9,2,2,iPhone
3909,retained,28,23,69,3090,268,0,5569.1,567.2,15,13,iPhone
3910,retained,142,115,186,2550,0,20,4099.4,1769.5,18,18,Android
3911,churned,60,48,287,1473,101,96,2279.5,629.6,27,25,iPhone
3912,retained,106,86,190,132,0,259,1786.1,371.2,0,0,iPhone
3914,retained,34,27,447,2245,328,0,13192.2,3127.6,10,6,iPhone
3915,retained,8,7,197,2496,60,0,879.3,384.2,25,22,iPhone
3916,retained,308,293,323,1366,0,3,8375.3,34.3,3,3,iPhone
3917,churned,97,78,240,1208,43,2,2822.0,943.9,21,21,iPhone
3918,churned,220,176,293,2842,0,18,4767.5,1089.9,4,0,Android
3919,churned,270,216,343,3391,216,0,4251.9,3011.0,7,2,Android
3920,retained,26,21,182,1628,112,7,11061.5,8811.6,6,6,iPhone
3921,retained,48,39,170,878,50,0,968.2,510.9,25,21,iPhone
3922,retained,103,83,292,1817,172,94,2076.8,1506.8,1,0,Android
3923,churned,147,120,647,2011,225,1,2885.9,1083.2,11,11,Android
3924,retained,43,36,74,886,0,0,9464.8,3283.7,2,2,Android
3925,retained,63,51,358,1109,0,86,5641.1,2588.3,17,13,iPhone
3926,retained,134,108,137,548,268,0,1932.9,1024.6,30,22,iPhone
3927,retained,60,50,76,1428,98,16,4168.0,2538.4,23,16,Android
3928,churned,149,132,499,587,157,17,6262.3,3261.2,23,21,Android
3929,retained,45,37,97,2457,21,15,3249.1,1553.3,24,23,iPhone
3930,churned,101,81,235,3002,157,22,2763.4,710.2,0,0,Android
3931,retained,20,16,97,1682,10,43,2051.6,759.3,19,19,Android
3932,retained,107,86,126,53,33,0,6627.5,4449.7,21,21,iPhone
3933,retained,21,21,22,756,169,42,3595.9,1232.8,22,16,iPhone
3934,retained,18,18,165,1040,0,60,8917.6,6894.4,26,24,iPhone
3935,churned,6,6,134,760,35,13,4408.0,3065.0,10,4,Android
3936,retained,53,45,90,148,125,0,4662.4,3648.2,12,10,iPhone
3937,retained,66,53,121,2620,0,103,2854.1,777.0,11,9,Android
3938,retained,41,34,237,1269,26,19,1516.2,182.0,27,21,iPhone
3939,retained,16,16,187,369,0,3,3914.9,2991.9,30,28,iPhone
3940,retained,6,6,64,1397,19,0,2829.8,1054.0,28,27,Android
3942,retained,229,184,289,3130,169,0,6383.0,2858.1,25,23,Android
3943,retained,6,6,91,3482,0,0,3121.7,1389.5,2,2,iPhone
3944,retained,227,182,236,2318,125,11,12495.1,1111.2,20,14,Android
3945,retained,29,23,63,588,105,6,4231.7,2312.1,20,12,iPhone
3947,retained,27,21,36,1774,613,52,7137.3,1555.9,31,27,Android
3948,retained,24,21,39,3033,52,9,8923.4,1341.5,6,6,Android
3949,retained,36,29,76,2348,0,59,4506.1,3298.4,30,27,Android
3950,retained,10,8,418,226,156,58,861.5,699.3,19,11,Android
3951,retained,20,20,216,2590,30,0,3070.8,254.4,29,22,iPhone
3952,retained,74,59,92,3410,0,0,2244.4,882.1,29,24,Android
3953,retained,132,132,137,1867,121,0,3568.0,828.6,13,13,iPhone
3954,retained,154,124,469,2358,0,84,7972.2,5257.0,20,14,iPhone
3955,retained,199,160,768,288,83,15,7448.4,1999.0,18,13,iPhone
3956,retained,11,11,228,1857,66,28,5316.8,3552.6,17,10,iPhone
3957,retained,368,297,403,512,0,11,4771.3,1216.1,1,0,Android
3958,retained,95,76,173,2295,0,96,5985.9,2646.1,6,6,Android
3959,retained,17,17,50,2666,46,52,2494.5,950.1,21,14,iPhone
3960,churned,61,54,98,1890,0,37,6240.1,1213.0,5,5,Android
3961,retained,29,29,333,3427,152,28,3517.5,2623.5,14,13,Android
3962,churned,68,55,206,727,94,0,1494.0,768.5,9,6,iPhone
3963,churned,15,13,27,806,1,27,574.1,450.5,17,17,iPhone
3964,retained,87,73,196,3121,164,24,3766.1,722.5,17,9,iPhone
3965,retained,68,68,96,474,86,87,3154.2,1515.6,15,8,iPhone
3966,churned,334,270,339,699,552,14,3311.0,1433.4,18,13,iPhone
3967,retained,142,117,541,1875,0,136,924.6,697.5,20,20,iPhone
3968,retained,69,60,174,772,92,3,7391.0,5504.2,16,10,Android
3969,retained,230,184,555,42,40,79,5627.2,2724.0,13,12,Android
3971,retained,131,105,164,34,119,0,4639.4,1597.4,16,16,Android
3972,churned,88,71,165,488,0,81,7741.0,5414.3,19,10,iPhone
3973,retained,35,28,245,498,65,109,2396.2,1896.4,31,22,Android
3974,retained,191,154,237,2354,0,8,1652.1,1097.9,15,8,Android
3975,retained,6,5,34,1463,848,30,1251.3,755.3,28,26,Android
3976,retained,209,169,327,966,0,0,1561.5,1230.9,17,9,iPhone
3977,retained,6,6,23,2356,9,86,5679.8,2213.3,30,19,iPhone
3979,churned,80,65,287,3253,205,39,5905.6,3800.9,8,8,Android
3980,retained,207,166,458,3291,379,87,6466.8,1387.3,0,0,iPhone
3981,retained,9,7,77,2201,110,0,3403.4,2822.2,4,3,Android
3982,retained,229,185,485,2064,0,30,3357.8,1827.8,16,13,iPhone
3983,retained,15,13,79,545,0,4,406.9,196.4,29,19,Android
3984,churned,307,246,759,496,580,86,4257.3,2603.1,8,8,iPhone
3985,retained,55,45,77,250,0,30,3190.0,366.8,26,20,Android
3986,retained,77,62,208,2582,0,27,5795.2,1094.8,2,0,Android
3987,retained,9,7,110,3001,321,24,5330.4,336.9,15,11,Android
3988,retained,31,31,72,2419,407,8,1739.3,748.0,22,19,iPhone
3989,churned,27,22,219,536,170,131,6079.3,4623.5,0,0,Android
3990,retained,75,61,103,3007,368,34,3078.1,589.2,20,11,Android
3991,churned,52,51,56,208,155,0,2630.7,1190.8,2,0,iPhone
3992,retained,51,46,277,1625,138,32,4833.2,2287.3,27,25,Android
3993,retained,51,50,172,2035,161,34,3424.1,2518.5,28,23,iPhone
3994,retained,20,16,96,1033,0,9,1960.6,1014.9,17,9,iPhone
3995,churned,108,86,118,1249,9,0,2987.9,884.4,2,2,iPhone
3996,retained,155,128,301,1760,77,0,4632.0,1681.3,9,9,iPhone
3997,retained,140,112,162,1248,103,0,3229.9,1869.4,5,3,Android
3998,retained,130,117,252,3072,233,0,894.4,705.8,25,24,Android
3999,churned,59,48,90,83,314,12,3398.0,1429.0,18,18,Android
4000,retained,0,0,23,3241,50,42,8588.4,6418.4,8,3,Android
4001,churned,14,12,159,782,0,20,1134.2,810.8,4,4,iPhone
4002,retained,18,18,38,1785,151,17,7239.3,4835.4,15,13,Android
4003,retained,266,213,295,68,30,0,2767.0,1474.5,15,13,iPhone
4005,retained,39,32,71,3416,124,20,5286.4,1966.5,23,22,iPhone
4006,retained,83,67,268,2856,91,88,2216.3,1790.4,19,16,iPhone
4007,churned,374,299,425,1234,129,0,1699.3,781.1,6,6,Android
4008,retained,89,84,249,2994,0,65,2241.3,838.8,8,2,Android
4009,retained,123,99,206,1463,137,51,2755.2,441.4,21,12,iPhone
4010,churned,343,296,432,1659,78,0,1387.1,1055.8,7,3,iPhone
4011,retained,3,3,4,378,29,52,3454.6,2399.4,10,3,iPhone
4012,retained,68,68,95,2107,20,0,1685.7,587.6,21,20,Android
4013,churned,53,46,245,1378,224,0,3221.8,1726.2,30,20,Android
4014,retained,31,28,99,3431,0,93,3750.9,2336.8,28,22,Android
4015,retained,34,28,47,581,149,27,3350.3,2287.7,10,10,iPhone
4016,retained,0,0,1,3136,0,0,2476.3,1481.8,21,14,Android
4017,retained,5,5,51,2039,172,1,2068.8,132.3,12,10,iPhone
4018,retained,139,112,250,2276,222,97,10864.5,2223.3,6,6,iPhone
4019,retained,32,32,105,1191,262,40,4364.9,2211.0,10,10,iPhone
4020,retained,85,68,453,2337,319,15,4783.1,1504.5,13,12,iPhone
4021,retained,7,7,89,2896,175,79,5006.2,440.6,1,1,iPhone
4022,retained,83,71,122,2014,22,0,8001.5,3480.4,19,13,iPhone
4023,retained,88,71,152,2585,39,9,1833.4,578.3,29,24,iPhone
4024,retained,133,107,228,352,0,0,2985.7,1289.5,31,22,iPhone
4025,retained,16,16,149,118,24,0,8777.9,4457.6,20,17,iPhone
4026,retained,92,74,135,1242,214,2,3134.1,1200.0,1,0,iPhone
4027,retained,128,102,309,2955,81,38,5310.7,2791.3,27,26,iPhone
4028,retained,18,15,67,2654,2,8,1961.2,771.1,7,3,Android
4029,churned,68,55,178,2016,166,13,4832.5,2342.7,14,10,Android
4030,retained,76,61,88,3095,317,62,4141.8,2271.6,2,0,Android
4031,retained,9,9,109,2729,694,34,3753.4,2362.8,28,19,Android
4032,retained,30,24,30,1378,48,0,1921.2,1504.1,8,8,iPhone
4033,retained,39,33,241,1978,43,16,10145.1,1779.8,12,9,Android
4034,retained,213,173,351,187,32,8,9398.8,2721.6,25,16,iPhone
4035,retained,133,107,199,786,0,64,5034.4,2795.8,22,17,Android
4036,churned,57,45,303,427,64,3,5173.5,1690.5,6,6,Android
4037,churned,46,46,242,514,30,3,3824.8,1443.4,2,2,iPhone
4038,churned,123,105,158,3149,75,127,3922.3,2413.0,1,0,iPhone
4039,retained,21,21,49,2189,0,3,1922.4,1151.8,5,5,Android
4040,retained,33,26,48,511,21,0,2766.8,716.0,8,8,iPhone
4041,retained,17,16,116,1562,159,10,2963.9,1832.2,26,21,iPhone
4042,churned,187,165,227,2986,574,12,12606.4,723.0,9,5,Android
4043,retained,9,8,93,1093,39,37,2533.9,1017.1,29,23,iPhone
4044,retained,18,18,24,2304,385,0,1652.3,917.0,5,5,iPhone
4045,retained,31,31,49,931,0,14,4311.5,1260.9,7,6,iPhone
4046,churned,3,3,10,1063,492,0,4358.5,2075.0,13,11,iPhone
4047,retained,211,169,296,3126,0,0,2957.1,1480.7,27,19,iPhone
4048,retained,2,1,61,358,30,18,2526.1,1568.8,24,22,iPhone
4049,retained,123,99,295,1327,0,0,2133.1,371.8,27,22,iPhone
4050,retained,2,2,159,147,0,0,6307.1,4091.7,30,26,iPhone
4051,retained,118,95,277,858,266,94,6974.9,2221.3,26,22,iPhone
4052,churned,28,23,152,1129,95,0,2022.2,961.7,8,3,iPhone
4053,retained,14,12,99,52,0,7,5260.0,2641.4,28,23,Android
4055,retained,7,7,42,361,66,0,5570.2,4031.0,6,6,Android
4056,churned,80,65,211,701,7,0,5902.5,2919.4,6,2,Android
4057,retained,395,316,441,3087,267,15,2365.3,390.3,22,14,iPhone
4058,retained,65,53,233,30,109,0,5018.4,3367.9,30,27,iPhone
4059,retained,118,94,124,783,83,17,2854.2,1211.6,19,18,Android
4060,retained,34,34,78,1006,0,0,2157.4,621.9,6,6,Android
4061,churned,129,104,217,637,61,0,4304.4,3146.7,18,13,iPhone
4062,churned,100,81,195,361,144,190,3474.5,2360.3,10,4,iPhone
4063,retained,46,38,48,2003,0,49,8421.5,6776.3,12,5,Android
4064,churned,53,45,242,2116,0,164,3075.2,2273.8,0,0,iPhone
4065,retained,93,76,94,973,15,26,1912.9,372.4,23,14,Android
4066,retained,136,111,550,1842,0,10,1208.5,341.9,12,9,Android
4067,retained,28,23,36,3470,51,0,2359.9,1851.0,25,23,iPhone
4068,retained,105,84,255,2945,32,35,8071.8,5339.3,29,25,Android
4069,churned,95,76,642,3430,104,0,1948.8,788.6,4,4,iPhone
4070,retained,6,5,111,2761,452,114,2690.9,486.9,5,3,Android
4071,churned,155,124,254,743,94,0,5112.4,1412.8,2,2,iPhone
4072,churned,40,32,185,3072,148,0,4440.1,500.6,1,0,Android
4073,retained,182,150,218,648,61,25,2557.8,987.6,27,22,iPhone
4074,retained,33,29,64,752,403,0,2666.6,932.2,19,19,iPhone
4075,retained,204,164,208,2757,129,0,1271.0,220.9,8,8,Android
4076,retained,27,27,211,3054,67,31,9310.0,7193.8,19,18,iPhone
4077,retained,7,6,83,2363,70,0,3704.2,2334.6,4,0,iPhone
4078,retained,22,20,105,506,118,29,6887.5,4828.2,24,20,iPhone
4079,retained,91,91,202,1287,286,60,2839.7,2349.8,2,2,iPhone
4080,retained,43,36,130,1292,193,0,5447.1,1056.2,26,24,iPhone
4081,retained,65,63,78,2784,132,43,6506.0,2501.4,23,16,Android
4082,retained,473,422,798,840,314,95,1527.9,1203.7,13,13,Android
4083,retained,8,6,68,387,234,14,1266.8,774.7,28,22,Android
4084,retained,5,4,9,3484,35,66,2033.8,456.6,25,22,iPhone
4085,retained,103,83,146,419,163,0,5491.7,1157.8,12,10,iPhone
4086,churned,28,28,154,591,93,0,1974.7,1348.1,22,21,iPhone
4087,retained,305,247,347,1206,270,0,7415.4,5854.0,13,13,iPhone
4088,retained,39,34,133,2493,54,0,2391.3,1319.7,30,28,iPhone
4089,retained,36,29,141,2998,95,93,5672.7,917.0,25,20,iPhone
4090,churned,100,84,108,648,189,89,1108.2,518.5,5,5,iPhone
4091,churned,138,111,289,1236,4,43,4653.0,1568.6,3,3,Android
4092,retained,89,72,355,714,92,36,2140.3,1352.2,29,23,iPhone
4093,retained,14,14,34,601,220,0,2553.3,963.7,20,19,iPhone
4094,retained,62,50,88,2174,184,0,3399.4,391.4,6,6,iPhone
4095,churned,59,47,138,422,182,4,3379.4,1782.7,27,26,iPhone
4096,retained,69,55,155,3382,0,50,2407.1,417.1,13,13,iPhone
4097,retained,184,149,231,1925,179,5,7978.0,1230.1,26,20,iPhone
4098,retained,73,59,127,1232,0,103,1242.5,850.2,13,13,iPhone
4099,retained,56,45,148,3198,7,0,3226.9,485.9,28,26,iPhone
4100,retained,66,54,178,2645,67,16,3902.2,2307.5,18,18,iPhone
4101,retained,34,34,76,3222,125,0,2934.6,1290.4,15,13,Android
4102,retained,50,42,78,2427,29,37,2664.5,2132.5,10,6,iPhone
4103,churned,47,40,212,1165,19,6,2007.7,608.9,4,0,iPhone
4105,retained,23,18,45,2177,268,0,3622.5,2030.4,1,0,iPhone
4106,retained,33,26,63,266,0,32,2662.6,1085.2,25,21,iPhone
4107,retained,45,38,152,1391,371,0,436.9,301.4,3,3,Android
4108,churned,73,58,272,1139,403,0,2080.8,440.0,11,11,Android
4109,churned,108,87,293,1223,255,231,808.1,655.3,4,4,iPhone
4110,retained,102,82,200,3345,14,24,3191.8,1405.4,23,17,iPhone
4111,retained,314,255,322,2577,47,0,1697.5,539.6,18,14,Android
4112,retained,106,85,185,2120,0,175,3714.0,1695.3,8,4,iPhone
4113,retained,25,20,50,1014,0,67,1006.8,527.9,25,23,iPhone
4114,churned,59,49,63,2160,172,27,4325.9,1821.8,6,1,iPhone
4115,retained,31,27,35,1575,133,0,1653.6,1370.4,21,15,iPhone
4116,retained,45,45,112,2127,0,5,1174.6,817.9,8,4,iPhone
4117,retained,41,33,105,2140,38,26,1948.2,1400.8,23,14,iPhone
4119,retained,33,27,349,2018,3,86,3152.9,361.9,13,12,Android
4120,churned,75,61,210,2196,0,23,1509.9,1124.1,11,11,iPhone
4121,retained,40,32,137,532,62,0,5817.4,866.5,6,1,Android
4122,retained,13,13,51,1852,286,0,3419.7,1368.4,29,20,iPhone
4123,retained,489,391,505,385,15,53,7363.3,3418.3,2,2,iPhone
4124,retained,6,5,118,455,34,204,8757.1,4355.4,27,19,iPhone
4125,retained,69,65,370,2137,132,39,5301.5,1804.9,12,11,Android
4126,churned,90,72,181,1590,0,155,3831.4,2795.2,1,0,iPhone
4127,retained,72,58,82,3357,51,124,4453.3,1484.1,8,6,iPhone
4128,retained,132,105,313,1767,0,0,4344.7,755.8,18,13,iPhone
4129,retained,62,50,92,1606,228,125,3054.9,1672.3,18,17,Android
4130,retained,74,60,85,2470,32,52,1419.2,1171.6,2,0,iPhone
4131,retained,9,7,132,1486,176,80,2590.5,1872.7,6,6,iPhone
4133,retained,40,32,60,393,486,51,1147.2,893.7,19,16,iPhone
4134,retained,21,21,311,903,35,0,1529.9,733.0,23,23,iPhone
4135,retained,51,41,222,3013,0,118,4773.8,1186.6,4,0,Android
4136,retained,21,21,216,2051,3,0,744.7,382.1,7,7,iPhone
4137,retained,25,21,76,151,118,0,6709.8,907.8,7,2,Android
4138,retained,43,35,56,397,86,0,3978.6,1192.3,25,18,Android
4139,churned,6,6,13,3238,172,56,1278.9,960.9,5,5,iPhone
4140,retained,96,77,409,189,71,135,3560.8,1553.2,21,17,Android
4141,retained,108,88,160,90,216,36,9046.4,5160.7,17,10,iPhone
4142,retained,20,17,290,106,229,0,5243.6,3946.2,24,20,Android
4143,churned,253,206,260,1678,51,3,5112.8,2703.2,6,6,Android
4144,retained,49,40,163,3227,230,2,5253.4,1946.5,1,0,iPhone
4145,retained,25,20,62,253,193,103,7067.2,2353.8,17,17,iPhone
4147,retained,63,63,66,2328,159,0,3456.3,1968.7,28,24,Android
4148,retained,27,27,283,2093,14,73,2402.9,1796.9,15,8,iPhone
4149,retained,42,35,176,44,508,41,8368.6,3912.7,30,27,iPhone
4150,retained,22,18,394,2130,410,45,1893.0,984.3,16,13,Android
4151,retained,19,17,354,1706,0,99,2123.4,967.7,20,12,Android
4152,retained,120,96,461,469,90,22,3143.6,1719.2,18,18,iPhone
4153,retained,27,22,48,2979,0,52,4666.8,2105.5,5,1,iPhone
4154,retained,62,50,90,257,81,91,1424.9,961.3,2,2,iPhone
4155,retained,51,41,53,2531,0,26,2171.0,1382.7,24,14,iPhone
4156,churned,85,70,153,3227,0,0,1539.3,444.0,7,7,Android
4157,churned,13,11,34,2383,108,0,9062.0,1827.0,1,1,iPhone
4158,retained,129,104,146,2710,0,0,2000.3,1361.7,30,21,Android
4159,retained,69,56,106,1096,35,59,12585.3,5587.6,1,1,Android
4160,retained,209,169,295,2594,301,0,2067.8,1380.2,0,0,iPhone
4161,retained,169,139,308,1637,62,7,3344.1,2344.2,26,24,iPhone
4162,retained,47,37,95,2035,0,14,1848.1,639.6,15,13,iPhone
4163,retained,2,2,21,2032,0,0,2683.4,1693.6,16,15,iPhone
4164,retained,57,53,124,3224,131,0,1449.0,475.3,3,0,iPhone
4165,churned,38,31,89,2427,0,17,5573.3,1034.8,12,7,iPhone
4166,retained,34,29,156,635,185,0,2482.7,605.4,23,23,Android
4167,retained,218,175,283,627,20,46,2880.7,698.2,7,7,iPhone
4168,retained,3,3,25,2177,30,22,6116.7,2997.4,17,15,iPhone
4169,retained,45,45,109,749,557,0,1331.8,1076.6,19,10,iPhone
4170,churned,24,24,115,1665,166,0,2008.1,1173.5,2,0,Android
4171,retained,130,110,155,1496,21,61,2337.0,1846.7,12,12,iPhone
4172,churned,185,155,618,2757,79,228,5299.1,3541.7,1,1,iPhone
4173,retained,55,49,92,270,22,72,4040.8,2014.5,25,22,Android
4174,churned,19,19,32,526,0,22,4230.3,2027.7,3,3,iPhone
4175,churned,33,31,165,3108,201,0,6304.4,3819.5,2,0,Android
4176,churned,183,147,202,3445,18,0,5464.7,2138.3,2,2,Android
4177,retained,22,22,110,2194,102,45,4014.6,3029.1,29,21,Android
4178,retained,45,37,256,3131,282,31,4054.4,2119.8,9,9,iPhone
4179,churned,81,65,92,1036,148,15,2944.7,912.4,6,2,iPhone
4180,retained,309,247,560,1399,46,0,4144.2,2689.8,19,19,iPhone
4181,retained,84,84,219,2114,0,4,6590.4,5121.4,11,11,Android
4182,retained,83,67,142,1724,16,11,8738.1,2197.5,19,13,Android
4183,retained,39,32,56,2529,34,121,3529.8,584.9,21,16,iPhone
4185,retained,29,23,245,1059,89,0,1821.8,925.6,20,15,Android
4186,retained,0,0,20,1318,0,0,2991.6,2452.0,17,11,Android
4187,retained,81,65,144,298,223,0,2920.0,1654.5,17,17,iPhone
4188,retained,8,8,43,2124,212,2,7577.5,352.5,23,18,Android
4189,retained,57,46,203,1655,125,0,2505.6,236.2,21,13,Android
4190,retained,15,12,94,2798,0,0,9592.8,7127.9,26,17,iPhone
4192,churned,135,108,207,986,138,0,8654.0,2711.0,8,3,iPhone
4193,churned,107,85,122,695,56,11,6967.6,4412.2,1,0,iPhone
4194,retained,138,110,190,2348,0,67,3955.3,3077.2,12,7,Android
4195,retained,104,104,118,2780,210,282,1485.8,837.4,13,11,Android
4196,retained,39,36,434,3009,0,64,5181.6,1501.5,6,6,iPhone
4197,retained,27,25,179,1332,0,4,1528.2,640.4,24,18,iPhone
4198,retained,12,10,15,2236,174,0,6165.1,4819.0,24,16,Android
4199,retained,110,102,135,460,411,0,5222.0,802.2,9,3,iPhone
4200,churned,51,42,90,1557,269,32,4283.9,1673.8,4,2,iPhone
4201,retained,5,5,101,2822,71,0,4299.0,2037.3,30,28,Android
4202,retained,54,43,95,26,0,0,3460.1,306.0,15,14,iPhone
4203,retained,41,41,107,787,0,59,5679.8,2638.0,11,8,Android
4205,retained,12,9,108,2403,158,1,3979.1,1381.3,6,4,iPhone
4206,retained,88,71,255,2720,15,114,3778.5,2815.7,15,14,iPhone
4207,churned,37,32,156,1416,0,0,4255.0,2797.5,18,10,Android
4208,retained,130,105,394,1660,0,0,7594.2,1831.0,12,12,Android
4209,retained,67,67,121,1584,0,4,4312.5,1946.9,15,7,iPhone
4210,retained,3,3,121,3338,317,0,1265.9,947.9,3,2,iPhone
4211,retained,83,68,127,2695,6,0,4090.3,2502.5,28,19,iPhone
4212,retained,27,25,64,2792,5,5,4460.2,239.6,23,14,iPhone
4213,retained,223,178,605,2127,113,0,4351.2,3400.8,9,5,Android
4214,retained,65,52,85,248,215,171,6613.8,1535.2,9,9,iPhone
4216,retained,9,8,286,3495,287,8,2497.9,1380.5,17,12,Android
4217,retained,27,27,247,3315,0,201,2072.1,812.6,28,20,iPhone
4218,retained,24,21,79,2527,0,0,1258.7,259.2,11,6,iPhone
4219,retained,51,41,75,3319,0,0,4428.7,2225.7,25,23,iPhone
4221,churned,47,39,47,1588,59,0,5133.7,2753.8,4,3,Android
4222,retained,7,7,26,1766,0,0,6892.7,2657.6,5,1,iPhone
4223,retained,56,45,125,2623,269,124,2382.4,559.8,27,21,Android
4224,retained,43,35,187,1658,267,0,2974.0,1494.9,23,20,iPhone
4225,retained,43,35,140,1893,215,0,3534.8,952.4,22,18,iPhone
4226,retained,18,18,44,1173,0,0,1470.9,443.6,6,6,iPhone
4227,retained,44,37,68,1871,206,0,913.1,173.4,31,29,iPhone
4228,churned,11,9,112,1635,62,0,2263.5,1209.0,5,1,iPhone
4229,retained,23,21,49,661,108,34,2301.6,1754.6,19,16,iPhone
4230,retained,42,41,79,3235,284,32,7773.0,3572.5,7,3,iPhone
4231,churned,426,341,471,1971,472,0,4183.9,2185.8,29,19,iPhone
4232,churned,64,64,118,2240,40,0,2082.1,1234.4,22,16,iPhone
4233,retained,10,8,64,1685,58,97,1293.0,883.6,21,21,iPhone
4234,retained,153,129,270,2069,240,12,6505.7,717.8,2,1,iPhone
4235,retained,16,16,48,2661,0,0,2515.0,788.0,16,10,iPhone
4236,retained,26,21,32,3031,3,36,1573.0,985.2,9,9,Android
4237,retained,31,31,62,2738,0,17,4015.4,148.2,27,22,iPhone
4238,retained,22,17,131,1976,113,0,1839.9,1181.8,25,16,Android
4239,retained,81,81,204,1956,55,136,2959.1,1984.2,9,9,Android
4240,retained,40,35,99,3361,79,0,5238.8,3336.0,17,15,iPhone
4241,retained,25,20,133,2372,590,0,8016.5,1889.3,25,17,iPhone
4242,churned,9,9,55,2698,0,5,1894.1,44.9,12,11,iPhone
4243,retained,3,3,27,2034,35,0,3973.2,2918.1,28,23,Android
4244,retained,28,28,46,787,11,9,2364.3,1743.5,11,11,iPhone
4245,retained,34,34,61,30,62,8,2884.1,1189.1,29,19,iPhone
4246,churned,10,8,125,3168,0,11,668.5,517.8,8,5,Android
4247,retained,129,105,422,1518,0,1,3375.3,660.1,27,26,Android
4248,retained,4,4,211,999,0,40,6085.1,2914.6,13,11,iPhone
4249,retained,32,26,131,2790,0,20,2658.0,803.0,14,10,Android
4250,churned,137,116,284,1444,70,0,5355.4,1351.9,12,8,iPhone
4251,retained,283,227,287,924,59,51,4516.1,3431.6,15,10,iPhone
4252,retained,20,16,41,644,0,0,2716.7,1592.4,12,11,iPhone
4253,retained,163,132,496,367,181,26,2511.1,1460.4,13,8,Android
4254,retained,101,81,172,1837,94,0,4620.7,1614.4,2,0,Android
4255,retained,106,91,128,1789,54,55,4848.2,3262.8,10,5,Android
4256,retained,54,54,56,648,42,76,3116.1,1373.2,17,15,Android
4257,retained,34,27,65,1028,84,1,2359.8,1229.8,13,13,Android
4258,retained,26,26,60,3024,347,108,867.8,626.0,14,11,iPhone
4259,retained,64,52,128,200,9,24,8033.1,1521.5,16,15,Android
4260,retained,37,37,373,2485,0,0,6586.9,4094.7,3,0,Android
4261,retained,10,8,126,2037,262,0,1862.3,1410.4,21,14,iPhone
4262,retained,14,12,34,2435,9,46,2018.2,1375.8,6,6,Android
4263,retained,136,109,136,3388,164,0,2146.3,914.7,21,19,iPhone
4265,churned,31,31,117,2432,160,85,1999.5,1016.7,14,6,Android
4267,retained,60,49,113,1215,299,0,2176.0,1540.3,17,16,Android
4268,retained,89,72,137,1205,16,0,4473.6,1468.9,24,15,Android
4269,retained,16,13,126,1851,66,17,5625.3,2369.7,22,22,iPhone
4270,retained,311,251,643,1522,0,20,8697.5,1366.7,17,11,iPhone
4271,retained,79,64,163,3249,671,0,5153.4,3009.8,9,9,Android
4273,retained,42,35,158,2914,69,0,3933.1,648.0,5,4,Android
4274,retained,10,8,139,2781,0,0,6649.8,2011.3,25,17,iPhone
4275,retained,44,36,304,255,0,38,13217.8,2952.0,16,12,iPhone
4276,retained,87,70,127,2449,201,0,3994.3,1713.5,26,24,iPhone
4277,retained,442,356,461,1410,526,0,1986.8,1380.8,21,16,iPhone
4278,retained,62,62,243,2619,0,0,4720.6,1194.0,13,8,iPhone
4279,retained,83,67,172,1045,0,46,3008.4,352.2,22,15,iPhone
4280,retained,24,21,67,2575,141,0,844.1,253.3,22,16,iPhone
4281,retained,144,115,205,688,28,72,4878.5,1357.7,20,18,iPhone
4282,churned,58,49,198,3272,9,0,6471.9,4883.7,17,11,iPhone
4283,churned,98,83,124,399,222,2,4271.9,3034.9,2,0,Android
4284,retained,30,26,524,1470,10,4,6493.4,1657.4,14,14,iPhone
4285,retained,58,58,119,2062,26,0,1587.3,803.5,27,19,iPhone
4286,retained,37,32,562,634,29,0,1875.5,721.4,17,14,Android
4288,retained,8,8,150,2453,0,20,3871.2,2864.3,25,16,Android
4290,retained,5,4,24,3372,5,0,2926.8,1231.4,18,18,iPhone
4291,retained,42,34,257,3164,370,0,9095.5,3622.3,11,11,iPhone
4292,retained,34,34,123,2002,19,0,4307.5,2538.9,28,19,Android
4293,retained,40,32,266,1975,62,27,2988.7,2291.1,17,13,Android
4294,retained,106,86,130,2729,30,0,6989.8,4134.6,10,4,iPhone
4295,retained,189,153,197,173,48,0,1322.1,833.2,12,12,iPhone
4296,retained,85,68,259,99,60,0,4930.4,3799.6,9,4,Android
4297,retained,21,17,90,647,141,31,3430.7,1462.8,24,17,iPhone
4299,retained,41,33,200,976,18,0,3839.0,969.5,31,28,iPhone
4300,retained,203,163,370,2940,62,79,791.3,463.2,24,20,iPhone
4301,retained,4,4,133,3054,106,32,3370.7,761.1,10,10,iPhone
4302,retained,65,52,193,2734,16,0,6746.2,2922.8,26,16,iPhone
4304,retained,3,3,159,3012,6,0,8294.7,5810.1,3,0,iPhone
4305,retained,3,3,70,1630,57,0,2868.2,2134.4,11,4,Android
4306,retained,211,170,243,2105,227,2,9156.8,981.9,16,9,iPhone
4307,churned,60,56,158,1548,147,0,2170.6,993.6,9,3,iPhone
4308,retained,59,59,175,3372,164,97,5077.4,4022.6,21,13,Android
4309,retained,10,9,178,1926,60,0,10387.6,6190.6,2,0,Android
4310,retained,40,38,69,212,254,45,2144.3,1461.7,28,25,Android
4311,retained,58,46,107,3275,419,178,3484.2,2254.8,27,19,Android
4312,retained,26,23,32,1328,30,9,3383.8,2062.6,15,12,Android
4313,retained,13,11,28,928,20,93,1212.6,936.9,24,22,iPhone
4314,churned,30,24,69,2256,36,21,2350.7,1544.9,10,9,iPhone
4315,churned,142,114,194,560,37,31,2296.0,1333.4,5,3,Android
4316,retained,35,28,163,2765,194,46,2031.3,1398.2,12,12,Android
4317,retained,21,21,171,3348,0,50,3983.7,2326.8,14,7,iPhone
4318,retained,148,120,160,1558,110,55,3333.5,2049.7,13,6,Android
4319,retained,14,11,49,1493,362,97,5309.3,1470.2,19,18,iPhone
4321,retained,76,62,77,3294,101,29,5618.9,3550.0,27,25,iPhone
4322,retained,54,44,592,3172,99,0,2024.7,1318.4,26,19,Android
4324,retained,61,49,115,3050,32,0,3217.5,1299.6,3,3,iPhone
4325,retained,17,17,28,3296,157,0,2854.3,1465.5,12,10,iPhone
4326,retained,72,71,199,1661,0,56,6240.3,2233.0,24,20,iPhone
4327,retained,122,109,132,2877,0,22,2877.1,934.9,30,27,iPhone
4328,retained,109,88,187,2665,0,78,7730.1,3696.6,5,2,Android
4329,churned,212,175,220,1369,141,0,2870.7,1891.7,7,3,iPhone
4330,retained,3,2,80,3453,33,11,2442.8,1419.0,5,5,Android
4331,retained,52,42,357,1540,96,148,5615.7,911.6,18,14,Android
4332,retained,113,101,399,1251,0,0,8015.4,741.2,29,21,Android
4333,retained,138,111,166,2157,53,0,1489.1,582.0,24,18,iPhone
4334,retained,75,75,93,887,18,0,3145.0,2607.2,16,16,iPhone
4335,retained,184,147,316,2549,83,0,3056.1,328.7,26,23,iPhone
4336,retained,32,32,55,161,19,0,8802.9,6847.0,22,19,iPhone
4337,retained,92,73,93,486,68,67,2552.3,1330.3,27,17,Android
4338,retained,166,157,167,392,18,0,10730.5,3438.0,28,21,Android
4339,retained,68,55,81,1260,200,0,4376.0,594.7,0,0,iPhone
4340,retained,61,51,248,1349,336,163,2946.3,2396.6,28,20,iPhone
4341,retained,131,106,167,187,94,0,1868.5,956.8,17,10,Android
4342,retained,91,74,281,2424,232,0,1636.2,685.6,11,11,iPhone
4343,retained,18,16,154,219,91,0,7478.5,1098.4,17,11,Android
4344,retained,3,3,16,2087,0,0,1700.2,898.5,17,13,iPhone
4346,retained,134,134,185,143,42,0,4613.2,3401.2,7,1,Android
4347,retained,46,37,58,3413,87,15,6632.5,3701.0,13,13,iPhone
4348,retained,24,21,46,276,369,11,1231.5,967.5,27,25,Android
4349,retained,31,25,86,988,238,18,8335.4,4525.2,24,16,iPhone
4350,retained,130,108,211,917,18,0,3741.7,2143.6,2,0,Android
4351,retained,141,135,266,1083,0,0,2903.8,2355.8,16,15,iPhone
4352,retained,41,33,195,1561,186,18,1889.8,65.4,15,8,Android
4353,retained,125,100,129,856,24,11,1591.7,802.3,13,7,iPhone
4354,churned,2,2,18,2804,43,28,1994.6,1608.2,17,11,Android
4355,retained,29,23,126,832,9,0,974.9,220.3,16,15,Android
4356,retained,7,5,63,2278,309,16,1751.2,1260.2,25,19,iPhone
4357,retained,55,46,133,2178,148,13,2304.3,1634.1,25,20,iPhone
4358,retained,5,5,101,2432,304,0,3273.0,2674.8,23,23,Android
4359,retained,26,21,304,1206,0,0,2259.5,1265.6,21,20,iPhone
4360,retained,8,7,104,2400,6,0,4147.8,734.9,18,11,iPhone
4361,retained,5,4,267,871,37,66,3256.6,2334.9,12,7,Android
4362,churned,0,0,1,1123,166,0,3534.5,977.6,7,7,iPhone
4363,retained,100,80,203,2922,315,28,2427.9,1119.9,25,24,iPhone
4364,retained,19,19,329,653,0,0,2200.9,1740.6,21,19,Android
4365,churned,126,102,234,682,72,0,251.9,163.8,26,18,Android
4366,retained,156,130,252,1796,91,3,2381.4,1136.7,18,17,iPhone
4367,retained,10,8,24,1437,7,0,4036.1,2280.2,31,26,iPhone
4368,churned,67,54,91,2082,0,3,3285.0,2080.9,3,3,iPhone
4369,retained,160,129,223,1668,46,7,1270.2,1048.8,30,23,iPhone
4370,retained,38,32,149,1987,354,125,5531.7,607.9,4,2,Android
4371,retained,137,110,144,3011,20,0,4562.8,2336.8,26,16,Android
4372,retained,84,67,302,2400,0,0,2385.2,1670.5,31,25,Android
4373,retained,70,56,104,961,157,9,7879.6,3904.3,9,4,Android
4374,retained,32,32,50,3230,0,0,4961.5,1590.5,7,2,iPhone
4375,retained,101,81,121,872,168,0,7465.5,1885.0,21,12,Android
4376,retained,91,74,171,2724,82,61,2658.9,1851.7,31,26,Android
4377,retained,50,41,255,2247,54,0,4202.9,2262.8,12,5,iPhone
4378,retained,130,105,350,2627,221,53,2039.7,1397.3,28,23,Android
4379,retained,26,21,148,271,92,0,2265.3,1760.7,29,27,iPhone
4380,retained,21,20,303,2395,0,28,4563.1,2321.1,23,18,Android
4381,retained,85,73,136,2662,0,0,4158.6,2492.9,19,16,iPhone
4382,retained,141,118,218,2674,108,0,1836.5,884.2,23,18,iPhone
4383,retained,105,85,175,2985,0,1,4525.3,1094.0,4,4,iPhone
4384,retained,121,97,152,828,593,76,11708.8,2772.5,22,19,iPhone
4385,retained,140,113,163,2455,236,0,7761.7,4842.0,25,19,Android
4386,churned,220,176,373,738,232,62,423.2,180.8,26,21,Android
4387,retained,109,96,277,2168,94,73,5619.6,1515.9,24,22,iPhone
4388,retained,22,22,190,2275,0,213,2148.4,371.7,20,16,Android
4389,retained,14,13,173,1537,169,131,1445.9,965.3,23,18,iPhone
4391,retained,31,25,253,2079,54,0,5452.6,1208.4,22,20,Android
4392,retained,70,57,128,1684,634,0,11566.1,593.7,12,12,Android
4393,retained,37,30,179,2372,0,0,3399.0,746.0,27,20,iPhone
4394,retained,13,10,102,1154,0,0,3045.3,310.2,2,0,iPhone
4395,retained,31,25,80,3102,208,0,2722.1,2098.6,25,23,iPhone
4396,retained,39,32,84,1352,44,77,2424.8,1844.6,26,20,iPhone
4397,retained,119,96,155,2997,489,0,6858.5,4270.1,30,19,iPhone
4398,retained,121,99,233,2817,0,3,2386.4,1291.8,11,10,iPhone
4399,churned,7,7,30,94,0,15,1799.3,792.8,1,0,Android
4400,retained,215,172,313,2435,108,0,1377.8,617.1,21,18,Android
4401,retained,86,69,254,349,32,88,5407.1,3272.4,24,17,iPhone
4403,retained,170,136,205,1743,78,0,3300.5,2492.1,24,20,iPhone
4404,retained,17,17,84,2217,0,41,3691.1,1975.5,10,8,Android
4405,retained,56,45,265,1040,9,0,2451.2,1549.0,27,21,iPhone
4406,churned,371,301,456,1975,505,14,1862.4,963.3,16,11,iPhone
4407,retained,45,36,317,1559,26,24,5009.3,953.9,21,21,iPhone
4408,retained,38,37,107,2518,230,87,1926.5,1006.1,18,17,Android
4409,retained,56,45,136,749,24,8,4113.6,807.1,26,20,iPhone
4410,retained,167,135,182,3257,55,2,2252.5,1713.3,10,10,Android
4411,retained,4,4,61,370,261,10,3276.3,2066.4,0,0,iPhone
4412,retained,2,2,163,1339,0,47,3149.0,2321.3,28,27,iPhone
4413,retained,108,87,142,399,0,28,2622.8,972.4,8,2,Android
4414,churned,97,90,178,2838,0,0,2983.1,651.1,6,1,iPhone
4415,retained,204,164,226,354,513,1,2560.6,1572.0,31,20,iPhone
4416,retained,72,58,88,3314,82,13,2713.8,1304.9,4,2,iPhone
4417,retained,60,50,92,577,277,49,785.4,261.0,13,10,Android
4418,churned,64,64,146,2818,45,0,5736.9,2206.9,3,2,Android
4419,retained,82,66,82,1262,164,71,1760.4,140.9,21,14,iPhone
4420,retained,10,10,95,2667,147,36,5233.9,2299.9,18,16,Android
4421,retained,13,13,101,461,23,209,2357.0,1699.1,7,2,iPhone
4422,retained,118,95,145,3094,115,3,6946.7,2911.5,24,15,Android
4423,churned,9,7,283,3282,0,1,2025.8,1307.3,4,3,iPhone
4424,retained,176,141,210,3437,13,0,3627.8,1562.1,28,22,Android
4425,retained,46,42,121,2726,193,12,4406.5,834.2,20,14,Android
4426,retained,54,50,84,728,175,49,3388.3,1556.2,18,17,Android
4427,retained,23,19,72,706,2,0,3207.1,2566.9,23,15,iPhone
4428,retained,79,64,236,676,245,0,3545.7,1811.2,18,10,iPhone
4429,retained,32,32,136,2902,4,50,2853.9,618.4,25,17,Android
4430,retained,11,11,101,1668,0,0,6169.4,3480.6,14,14,Android
4431,churned,70,70,95,468,93,62,3022.0,2424.5,6,6,Android
4432,churned,148,148,426,203,0,13,2332.5,1714.0,16,9,iPhone
4433,retained,20,20,136,3438,212,0,4050.1,2158.7,11,11,iPhone
4434,churned,1,1,167,1746,633,166,7743.0,4995.8,0,0,iPhone
4435,retained,54,47,67,1303,4,70,4648.9,3503.1,31,25,Android
4436,retained,96,77,302,156,80,0,4699.2,3344.9,16,14,Android
4437,retained,158,126,201,1594,73,16,6497.3,4038.5,10,10,iPhone
4438,retained,18,15,37,2316,0,0,3633.7,1912.7,9,9,iPhone
4439,retained,65,56,136,3267,116,29,3261.8,2005.0,13,13,Android
4440,retained,87,70,147,1454,114,0,2097.5,792.0,22,15,iPhone
4441,retained,126,101,145,350,228,0,1807.4,1303.4,17,13,Android
4442,retained,39,31,253,31,183,53,2518.1,160.2,31,21,Android
4443,retained,89,72,90,1374,214,217,9604.7,3799.4,26,16,Android
4444,churned,2,2,165,2130,184,95,3355.2,872.4,14,14,iPhone
4445,retained,293,241,342,3273,134,72,2437.4,1605.2,20,16,iPhone
4446,churned,120,96,187,924,332,78,2156.8,1771.5,21,20,iPhone
4447,retained,404,323,421,2713,0,40,6294.4,3315.3,9,9,Android
4448,retained,21,21,141,1915,0,0,5057.9,3839.4,12,12,Android
4449,retained,68,55,342,779,0,0,2307.5,1308.3,5,5,iPhone
4450,retained,2,1,117,3016,377,18,2773.0,1429.9,30,24,Android
4451,retained,174,142,183,1712,0,12,5242.2,1259.7,12,12,iPhone
4452,retained,10,10,15,2685,19,59,8554.2,873.7,19,16,Android
4453,retained,17,16,125,2399,0,0,5751.2,510.9,21,20,Android
4454,retained,29,23,36,3124,168,0,1815.9,742.6,25,16,Android
4455,retained,149,120,216,1627,150,140,4619.9,3114.0,12,10,iPhone
4457,retained,61,50,89,2471,10,12,8183.3,2352.0,3,0,iPhone
4458,retained,8,7,81,1437,0,0,2750.3,1002.4,1,0,iPhone
4459,churned,31,27,32,727,18,44,6080.0,1590.1,10,10,Android
4460,retained,16,13,151,3376,0,0,4991.7,1431.6,24,18,Android
4461,retained,91,74,331,1513,194,0,1651.3,702.5,24,18,iPhone
4462,retained,86,69,188,2914,0,77,4865.1,1291.2,27,25,Android
4463,retained,47,46,168,2891,585,3,1243.6,864.1,3,0,iPhone
4464,churned,70,70,335,1330,161,18,1732.4,1416.7,3,3,Android
4465,retained,92,74,563,3330,192,127,2925.7,1185.3,3,3,iPhone
4466,retained,224,184,694,3442,0,74,6018.7,4941.7,24,20,Android
4467,retained,38,31,42,3443,300,46,5062.7,2958.9,7,6,iPhone
4468,churned,67,56,72,2974,312,16,2679.4,1975.1,7,4,iPhone
4469,churned,166,133,201,44,160,0,3941.5,2529.6,2,0,iPhone
4470,retained,95,79,158,943,778,20,2849.9,850.3,25,24,iPhone
4471,retained,190,190,364,3193,93,323,2678.5,1859.6,22,18,Android
4472,churned,87,76,196,1108,152,0,1141.8,711.9,9,5,iPhone
4473,retained,24,20,215,2604,6,12,5903.7,1547.8,16,15,iPhone
4474,retained,85,85,343,1220,104,23,7444.1,2755.1,17,16,Android
4477,retained,97,84,138,173,378,0,5054.2,2693.3,23,17,Android
4478,churned,57,51,136,236,130,0,6147.7,3687.8,10,6,Android
4479,churned,141,113,244,2998,210,0,3431.5,2301.3,6,5,iPhone
4480,churned,60,48,179,150,238,30,6028.4,474.5,11,11,iPhone
4481,retained,14,11,46,2349,172,35,2191.6,1153.4,22,22,iPhone
4482,retained,12,10,13,2060,100,0,2026.9,1280.5,21,20,Android
4483,retained,146,117,184,3313,23,114,11281.2,429.9,14,11,Android
4484,retained,77,77,173,2782,0,0,3334.5,2663.6,1,0,iPhone
4486,retained,30,25,49,2609,290,7,3115.6,1791.1,14,13,Android
4487,retained,197,160,199,2355,819,159,3083.5,2150.1,14,13,iPhone
4488,retained,2,2,31,2203,292,24,4735.6,3643.0,1,1,iPhone
4489,retained,95,78,99,1650,130,0,696.6,385.5,24,20,iPhone
4491,retained,19,19,143,1346,245,19,6579.1,432.7,30,28,iPhone
4492,retained,83,66,127,2453,0,0,7341.2,4024.4,10,7,Android
4493,retained,34,29,45,2314,22,114,759.9,548.1,29,22,iPhone
4494,retained,576,463,636,2072,27,0,3377.0,1649.0,15,15,iPhone
4495,retained,12,10,132,1812,138,5,2724.7,590.2,2,0,iPhone
4496,retained,37,29,101,3264,98,0,5721.3,2837.9,18,15,iPhone
4497,retained,60,48,600,696,38,4,2507.1,1826.9,29,22,iPhone
4498,retained,18,15,105,40,118,36,6053.8,2810.6,28,27,iPhone
4499,retained,27,22,75,627,340,0,2891.1,464.5,28,26,iPhone
4500,retained,37,30,66,1463,231,34,2675.9,1107.0,25,19,Android
4501,retained,58,51,83,3447,1,0,1904.9,1440.5,19,12,Android
4502,retained,361,289,411,2599,227,0,5428.1,2115.6,7,7,iPhone
4503,retained,320,256,533,1651,108,50,3590.2,2304.7,9,5,Android
4504,retained,31,25,362,171,167,73,2199.0,1673.2,27,18,iPhone
4505,churned,85,75,206,1469,196,9,14679.7,7237.7,24,15,iPhone
4506,retained,3,3,124,2771,66,10,3733.6,2850.0,1,0,iPhone
4507,retained,97,80,119,3221,60,31,4783.3,1981.8,21,17,iPhone
4508,retained,38,32,144,3036,18,66,6075.5,4432.0,22,17,Android
4511,retained,9,9,79,1647,0,14,3140.9,258.2,12,12,iPhone
4512,retained,5,5,79,1248,0,20,4954.6,3343.0,24,15,Android
4513,churned,244,208,306,1246,0,66,7874.4,5171.3,0,0,iPhone
4514,retained,94,75,191,2412,226,32,3670.9,858.5,1,0,iPhone
4515,retained,0,0,304,2639,0,6,1591.2,1115.6,13,13,Android
4516,retained,20,20,210,2913,246,16,3744.3,2816.6,0,0,iPhone
4517,retained,4,4,65,3305,136,0,4181.8,2688.8,19,18,iPhone
4518,retained,97,83,181,1178,228,47,1942.3,1606.6,13,8,Android
4519,retained,220,178,252,3261,0,0,2457.5,1553.3,18,14,iPhone
4520,retained,14,14,163,2258,161,0,2094.1,973.1,7,7,iPhone
4521,churned,23,23,96,3074,47,0,1665.9,1219.6,9,8,iPhone
4522,retained,315,255,349,340,67,0,1806.6,1037.0,23,13,iPhone
4523,retained,34,29,350,2269,216,8,2779.4,1628.2,3,3,iPhone
4524,retained,44,35,146,193,48,0,1572.5,885.8,3,3,Android
4525,retained,94,78,128,792,0,0,3319.4,2739.7,12,6,iPhone
4526,churned,4,4,126,148,480,0,2361.9,195.2,5,5,Android
4527,churned,25,21,45,760,24,0,2993.1,1058.2,12,6,Android
4528,retained,9,7,10,2210,53,45,5347.5,1776.4,21,12,iPhone
4529,retained,72,58,111,1070,173,2,2009.0,1089.1,18,15,iPhone
4530,churned,41,36,167,211,449,0,7276.0,5476.8,16,8,Android
4531,retained,129,107,153,1559,6,0,5710.7,1152.0,28,18,Android
4532,churned,43,34,238,695,115,0,2280.6,1205.3,2,0,Android
4533,churned,103,83,140,2018,148,0,5165.7,762.7,3,3,iPhone
4534,retained,44,35,47,3477,0,82,1987.1,1273.6,12,5,Android
4535,retained,23,20,28,489,0,0,1767.8,1454.3,28,27,iPhone
4536,retained,64,51,70,1490,0,216,2686.1,1506.7,23,14,Android
4538,churned,156,156,221,2335,101,0,2724.3,2012.1,5,2,iPhone
4539,retained,61,51,198,1413,163,88,3906.7,1676.6,7,7,Android
4540,retained,137,111,203,3292,48,11,4098.0,2048.0,18,13,Android
4541,churned,329,263,348,1230,168,64,5587.4,2288.5,10,7,Android
4542,churned,0,0,94,1232,47,0,4467.0,3334.9,18,15,iPhone
4543,retained,266,213,272,1482,7,0,3355.5,2315.6,23,14,iPhone
4544,retained,81,65,205,911,286,67,5052.8,4073.9,3,3,iPhone
4545,retained,76,62,196,3114,32,63,1684.0,948.8,11,9,Android
4546,retained,134,108,220,319,0,0,3390.7,696.5,16,16,Android
4547,retained,76,61,152,2657,73,0,5432.7,4003.5,23,18,Android
4548,retained,10,9,64,248,94,3,1833.3,449.1,24,23,iPhone
4549,retained,74,60,452,1609,0,86,4314.4,637.3,23,15,Android
4550,retained,254,203,320,2375,135,29,4173.5,1007.9,22,16,iPhone
4551,retained,72,62,722,826,211,69,2307.6,1210.2,26,17,iPhone
4552,retained,371,309,416,2447,0,0,4164.1,1773.4,25,21,iPhone
4553,retained,109,90,146,328,28,7,2843.5,913.0,5,5,iPhone
4555,retained,144,116,184,2520,133,0,1599.2,913.8,15,12,iPhone
4556,churned,10,10,184,1703,61,40,1768.9,944.9,15,9,iPhone
4557,retained,54,45,149,2133,0,0,2081.4,1535.3,10,9,iPhone
4558,retained,61,53,65,2450,372,28,4816.5,887.5,8,8,iPhone
4560,retained,16,13,187,3067,0,20,825.7,459.0,20,17,Android
4561,retained,46,46,220,1256,0,0,2552.1,1221.8,10,7,iPhone
4562,churned,207,167,450,228,211,105,10217.4,6445.4,11,8,Android
4563,retained,214,171,240,878,87,1,2280.3,1263.4,6,4,iPhone
4564,retained,258,206,304,299,422,140,7606.9,1927.4,10,10,Android
4565,churned,41,36,305,199,0,72,5321.1,2713.4,6,2,iPhone
4566,retained,68,55,163,2476,216,0,5429.5,2912.2,7,3,iPhone
4567,retained,83,67,94,165,44,62,6910.5,875.0,28,24,iPhone
4568,retained,60,54,105,2212,269,112,2678.5,1416.9,13,12,Android
4569,retained,79,63,181,1843,38,16,3181.5,832.2,24,20,iPhone
4570,retained,18,15,66,2976,278,30,1408.1,716.7,17,12,iPhone
4571,retained,64,52,146,1938,0,39,1542.1,652.6,21,18,Android
4572,churned,68,56,99,1612,0,107,1975.1,861.0,8,4,iPhone
4573,retained,43,43,117,2963,0,12,1257.9,1040.5,31,26,iPhone
4574,retained,299,241,338,3276,54,0,4011.1,1152.1,24,18,Android
4575,retained,52,42,117,2947,567,156,1304.6,825.1,29,24,iPhone
4576,churned,11,11,15,1412,291,0,4400.1,463.3,9,9,iPhone
4577,retained,159,127,189,1087,85,45,3098.2,2126.2,8,3,iPhone
4578,churned,39,31,46,669,113,19,5597.6,1954.0,3,0,iPhone
4579,retained,86,74,120,29,57,36,3459.3,2298.6,8,8,iPhone
4580,churned,85,68,197,694,280,39,3316.8,1093.5,3,0,iPhone
4581,retained,55,52,390,2165,69,21,8064.6,6089.9,11,7,iPhone
4582,retained,2,2,191,1378,0,17,5434.5,2415.2,22,18,iPhone
4583,churned,108,87,398,1688,192,78,6749.9,727.4,10,9,Android
4584,retained,8,7,338,583,106,4,2073.6,1471.3,29,24,iPhone
4585,retained,139,112,295,1970,0,0,269.5,179.1,21,19,iPhone
4586,retained,9,9,12,2654,251,0,1357.4,677.1,11,11,Android
4587,retained,52,43,147,2507,381,44,6820.9,1755.7,2,2,iPhone
4588,retained,57,51,60,1829,98,2,3635.4,854.6,12,12,Android
4589,churned,24,22,163,377,86,53,12273.6,8018.4,4,0,Android
4590,churned,24,20,98,1547,78,0,1248.4,850.4,6,3,iPhone
4591,retained,51,41,90,1041,0,0,6012.8,4322.3,31,29,iPhone
4592,churned,1,1,43,1141,73,0,2639.0,1109.0,10,5,iPhone
4593,retained,41,38,215,1965,0,85,2290.8,184.8,7,7,iPhone
4594,retained,77,62,137,1540,13,0,2641.5,1796.0,19,16,iPhone
4595,retained,89,81,105,2150,0,0,6367.2,2617.2,0,0,iPhone
4596,retained,163,131,357,3485,335,15,6534.9,4928.0,24,24,iPhone
4597,retained,12,12,534,264,29,20,6017.5,1849.8,0,0,iPhone
4598,retained,171,147,239,859,350,39,6352.6,4036.8,13,10,iPhone
4599,retained,81,71,211,1300,25,14,5973.0,3389.9,6,6,iPhone
4600,retained,44,37,306,3486,431,0,5030.5,2937.7,11,6,iPhone
4601,retained,34,32,302,2655,0,126,2705.5,2083.1,29,24,Android
4602,retained,29,25,109,814,178,27,5652.3,3863.1,13,11,Android
4603,retained,21,21,27,2334,0,0,3383.2,1696.9,12,12,iPhone
4604,retained,49,40,76,1080,63,19,8543.7,3974.1,24,19,iPhone
4605,retained,22,18,77,376,372,44,1794.7,1105.2,8,8,iPhone
4606,churned,66,54,88,1499,23,0,3053.7,2458.9,10,10,iPhone
4607,retained,21,17,97,2871,143,95,2112.9,1148.1,18,18,iPhone
4608,retained,312,250,326,144,87,9,662.4,246.7,18,18,Android
4609,retained,3,3,14,1542,43,0,2734.0,2184.6,23,22,Android
4610,retained,8,8,403,1321,91,84,3189.1,2219.2,27,24,Android
4611,retained,212,172,768,100,2,0,2128.7,1324.5,23,16,Android
4612,churned,3,3,32,1846,17,0,4769.9,2428.5,20,12,Android
4613,retained,26,26,208,862,22,37,2080.0,1284.6,15,15,Android
4614,retained,20,20,377,3090,48,138,6289.5,4181.3,30,22,iPhone
4615,retained,40,35,60,1021,277,3,3036.1,1787.2,28,20,iPhone
4616,retained,339,273,365,1761,310,18,4066.0,2501.7,1,1,iPhone
4617,retained,16,13,48,289,20,190,5846.9,1606.0,16,13,Android
4618,retained,25,20,29,546,155,7,1645.5,520.6,23,14,iPhone
4619,retained,60,48,88,2348,21,2,3697.1,2376.7,21,18,Android
4620,retained,164,154,611,1062,0,0,3337.2,2567.4,21,17,iPhone
4621,retained,212,189,518,1737,97,30,4513.2,2583.7,11,5,iPhone
4622,retained,84,67,93,1779,346,36,5480.3,3719.2,26,20,iPhone
4623,retained,21,21,386,1819,150,0,2348.9,1740.4,9,8,iPhone
4624,retained,93,75,163,3022,406,5,4427.8,2603.6,9,5,Android
4625,retained,205,166,371,2688,190,0,1341.9,395.7,27,22,iPhone
4626,retained,58,49,150,2682,13,0,3471.4,1310.8,15,13,iPhone
4628,churned,247,220,490,2966,39,0,4474.6,3024.7,13,13,Android
4629,churned,25,22,201,114,873,0,3257.2,1197.5,1,0,Android
4630,retained,83,68,96,213,0,0,6219.4,3954.5,24,16,iPhone
4631,churned,164,132,237,1473,161,86,4087.6,2589.8,11,6,iPhone
4632,retained,22,18,112,1028,68,3,2865.8,2281.4,27,18,iPhone
4633,retained,56,44,130,1956,95,0,3270.8,822.1,14,13,iPhone
4635,retained,28,27,71,663,583,15,2412.1,1750.3,21,12,Android
4636,churned,28,24,215,3058,250,0,1143.5,681.1,8,7,Android
4637,retained,153,123,381,3423,34,0,5051.4,2913.8,15,7,iPhone
4638,retained,70,70,108,276,113,43,9112.3,6381.3,15,10,iPhone
4639,retained,36,29,86,2926,7,0,9649.9,3141.3,28,24,Android
4640,retained,28,24,92,152,254,37,7291.7,2817.2,6,6,Android
4641,retained,28,28,175,3331,728,35,3139.3,914.2,8,8,iPhone
4642,retained,88,72,92,2393,0,0,1513.7,1120.1,19,10,Android
4643,retained,37,30,78,2359,49,0,2466.1,973.6,21,19,iPhone
4645,churned,6,6,165,2160,36,2,1881.6,928.3,3,3,Android
4646,churned,51,43,167,2846,260,12,4751.8,23.0,5,2,Android
4647,retained,11,9,27,2336,27,59,2949.6,1054.0,31,29,iPhone
4648,retained,60,48,180,1014,51,19,885.9,259.0,10,5,iPhone
4649,retained,39,32,159,2553,0,0,2218.5,814.2,19,17,Android
4650,retained,54,52,341,415,11,42,1235.5,230.8,2,0,iPhone
4651,retained,77,61,142,2089,139,10,4480.2,2968.0,14,12,iPhone
4652,retained,141,117,151,2500,64,36,1774.2,716.9,13,12,iPhone
4653,retained,131,110,138,2821,0,0,5303.8,3073.4,10,9,Android
4654,retained,22,18,208,664,0,0,4046.7,1411.0,14,14,Android
4655,retained,170,170,195,304,0,35,6203.3,3010.1,8,7,Android
4656,retained,85,68,110,2679,69,0,4248.1,2292.1,4,3,iPhone
4657,retained,49,39,107,1114,43,25,1689.1,1163.1,29,19,iPhone
4659,retained,87,70,110,2983,79,0,4800.1,1450.4,15,11,iPhone
4660,retained,8,7,97,2649,222,29,3724.2,1244.4,21,12,iPhone
4661,retained,36,32,95,3416,0,19,3395.9,1391.4,12,6,Android
4662,churned,111,111,216,2197,0,10,5577.9,2931.6,1,1,iPhone
4663,churned,103,83,165,206,144,24,2229.8,713.2,14,11,Android
4664,retained,119,100,315,1862,0,0,3784.1,1408.3,25,24,iPhone
4665,retained,2,2,73,2133,88,13,4089.1,2737.2,30,24,iPhone
4666,retained,29,25,126,790,453,41,3034.7,1010.6,16,8,Android
4667,churned,319,268,473,599,0,0,2071.5,826.9,1,0,iPhone
4668,retained,14,14,219,1863,114,51,1385.4,227.7,1,0,Android
4671,churned,15,12,25,386,27,38,8787.0,667.2,16,16,iPhone
4672,retained,139,111,251,1195,44,37,3304.0,1547.7,23,17,iPhone
4673,retained,9,8,14,472,63,39,1269.5,609.9,13,13,Android
4674,churned,107,88,269,2936,42,19,3569.0,2381.9,10,5,iPhone
4675,retained,118,99,228,2101,229,56,6891.3,5300.6,4,4,iPhone
4676,retained,69,56,216,507,0,117,3562.2,1989.4,30,23,Android
4677,retained,169,135,236,3271,407,9,6969.7,1542.8,16,10,iPhone
4678,retained,12,12,38,1720,0,25,5987.2,1199.1,12,12,Android
4679,retained,204,165,211,2310,170,20,2958.0,657.4,18,10,iPhone
4680,retained,21,17,80,1830,220,0,3720.5,1223.5,21,12,iPhone
4681,churned,63,63,289,1348,742,17,5060.5,3144.6,19,19,iPhone
4682,retained,318,318,320,890,109,34,1219.5,857.4,23,15,Android
4683,retained,80,65,121,443,23,102,5819.6,2368.0,7,3,iPhone
4684,retained,78,64,156,2671,133,0,1888.7,820.3,19,16,iPhone
4685,retained,110,90,160,2465,100,23,3254.2,1069.7,9,8,Android
4686,retained,218,178,461,3435,0,0,3094.5,2145.6,27,22,Android
4687,retained,6,6,127,558,119,0,3080.6,1010.7,8,7,Android
4689,churned,105,87,124,1143,0,0,2456.9,1756.8,0,0,Android
4690,retained,420,336,514,2728,33,10,3024.1,1665.9,20,14,iPhone
4691,retained,96,79,107,1178,3,0,6315.4,2492.3,0,0,Android
4692,churned,32,26,48,2638,128,84,10237.6,3170.2,2,2,Android
4693,retained,77,62,135,2423,3,0,780.6,504.1,18,17,iPhone
4694,retained,1,1,46,2167,15,133,2166.7,842.6,11,6,Android
4695,retained,18,16,84,253,0,48,1940.8,1409.3,15,15,Android
4696,retained,221,182,244,1844,141,82,2869.8,862.8,12,7,iPhone
4697,churned,229,183,293,1913,335,58,4114.7,2704.0,7,7,iPhone
4698,retained,52,42,354,3275,5,0,3257.0,1663.8,17,16,Android
4699,retained,79,63,129,111,369,0,9898.6,5815.5,21,17,iPhone
4700,retained,5,4,112,1167,591,17,7850.3,4545.4,8,8,Android
4701,retained,88,88,132,3084,520,24,2629.1,1877.7,28,21,iPhone
4702,retained,68,68,82,3080,210,2,8898.7,1314.2,25,22,iPhone
4703,retained,51,42,180,3251,151,0,18129.9,1253.9,20,16,Android
4704,retained,186,154,360,3427,69,41,972.2,735.6,12,10,iPhone
4705,retained,132,117,354,2579,0,77,1760.0,1072.5,16,16,iPhone
4706,retained,0,0,205,359,372,0,1599.4,468.5,23,14,Android
4707,retained,16,16,79,3305,182,0,7820.1,653.6,20,16,iPhone
4708,retained,60,59,164,1705,0,19,3979.5,1098.7,1,0,iPhone
4709,retained,14,14,356,452,182,15,1868.5,1537.0,13,6,Android
4710,retained,264,212,386,3058,140,0,4869.0,2130.0,17,15,iPhone
4711,retained,119,100,162,529,143,46,2836.6,1863.5,27,23,iPhone
4712,churned,57,51,370,2113,28,83,4681.2,3741.6,1,1,iPhone
4714,retained,12,10,164,3442,76,0,2875.0,1831.3,25,20,Android
4715,retained,179,143,255,1447,159,0,2832.8,617.7,20,11,Android
4716,retained,55,46,90,1718,0,141,682.4,482.1,29,27,iPhone
4717,retained,73,65,184,2523,337,50,2327.7,1100.9,26,21,Android
4718,retained,91,73,216,1819,0,1,1868.4,1123.9,4,4,Android
4719,retained,71,57,75,2359,0,33,1656.0,1120.3,28,26,iPhone
4720,retained,5,4,58,983,98,0,4076.3,2663.3,19,16,iPhone
4721,retained,64,64,102,2210,17,93,7358.5,3327.0,7,1,iPhone
4722,retained,1,1,85,799,215,8,3813.6,1372.9,21,17,Android
4723,retained,23,22,141,2961,1,34,2056.0,1400.9,19,19,iPhone
4724,retained,104,85,247,969,574,25,1049.4,600.5,17,13,iPhone
4725,retained,23,23,89,2789,110,9,4520.1,1596.6,27,26,iPhone
4726,retained,50,42,71,3076,65,24,2293.2,821.5,12,5,iPhone
4727,retained,15,12,223,2445,19,27,12994.5,7612.4,8,8,iPhone
4728,retained,45,36,145,17,201,141,2680.7,936.6,17,10,iPhone
4729,retained,17,14,25,3294,103,11,2548.3,1913.1,11,9,Android
4730,retained,101,82,353,1358,140,16,2451.8,1532.5,7,7,Android
4731,churned,98,79,115,1437,27,0,3007.2,1813.3,0,0,iPhone
4732,retained,44,36,140,950,92,0,3154.0,1888.0,8,8,Android
4733,churned,29,24,408,868,294,39,3118.9,2122.1,16,15,iPhone
4734,churned,20,20,115,553,27,17,2917.5,1205.9,7,5,iPhone
4735,retained,3,3,45,1386,504,18,6619.2,4040.6,29,22,iPhone
4736,churned,13,10,15,2530,0,35,3707.4,853.2,1,1,iPhone
4737,retained,2,2,12,3365,142,28,1468.0,875.3,17,16,iPhone
4738,churned,140,112,224,826,61,0,4493.1,3500.0,14,7,iPhone
4739,retained,327,265,332,2221,19,47,4840.3,3706.1,28,24,iPhone
4740,retained,23,19,119,659,79,0,4472.5,560.5,14,11,iPhone
4741,retained,51,51,124,3459,104,0,5981.4,713.0,17,16,iPhone
4742,retained,4,4,78,3182,0,21,5133.0,3579.6,3,0,iPhone
4743,retained,8,8,313,1358,0,9,3006.5,1873.4,13,6,iPhone
4744,retained,71,57,135,510,18,0,4821.5,1568.5,3,0,iPhone
4745,retained,109,88,169,3461,234,158,6478.5,1552.7,24,18,Android
4747,churned,166,133,217,1184,447,0,9822.8,1426.7,22,13,Android
4748,churned,44,36,74,2438,85,33,2708.5,1258.5,6,2,iPhone
4749,retained,268,222,272,1165,0,1,8565.8,5874.7,21,21,Android
4750,retained,131,106,258,2006,161,58,4961.3,2657.8,24,22,iPhone
4751,retained,56,56,131,543,0,19,1922.3,93.0,28,18,Android
4752,retained,43,35,172,2473,0,0,2140.7,1642.4,21,14,iPhone
4753,retained,322,257,397,1331,0,117,5759.5,3885.5,11,9,iPhone
4754,retained,15,13,41,1862,0,8,9071.6,1923.4,11,9,iPhone
4755,churned,185,151,306,2180,264,4,4858.1,2340.0,1,1,iPhone
4756,retained,103,83,150,2690,141,52,11415.9,7138.0,19,14,iPhone
4757,retained,94,76,124,2974,66,0,1800.4,461.9,5,1,Android
4758,retained,18,14,113,380,268,158,2268.9,1284.8,30,27,Android
4759,retained,3,3,61,686,205,136,1260.1,336.9,31,30,Android
4760,retained,347,279,445,1373,17,251,1502.3,478.4,12,12,iPhone
4761,retained,6,5,15,2219,1160,0,3474.3,490.0,22,17,iPhone
4762,retained,184,149,357,2157,155,0,3618.5,1824.1,6,6,iPhone
4763,retained,80,65,193,1873,223,40,3578.6,2963.9,21,17,iPhone
4764,retained,1,1,348,3372,109,62,10116.9,6334.5,14,9,iPhone
4765,churned,49,39,52,3488,52,0,5786.8,2462.7,0,0,iPhone
4767,churned,124,100,278,3137,244,0,927.3,347.3,11,10,iPhone
4768,retained,173,139,262,415,10,7,6669.2,2719.5,3,0,Android
4769,retained,288,278,300,3243,132,0,2211.9,155.3,16,16,Android
4770,retained,112,89,539,657,220,0,1176.5,868.2,14,7,Android
4772,retained,295,242,335,1372,445,0,3655.2,2606.4,24,19,iPhone
4773,churned,120,120,170,732,159,0,479.9,389.9,29,19,Android
4775,retained,46,41,90,2519,41,33,3629.3,2375.4,19,18,iPhone
4776,churned,69,56,216,525,36,2,1081.4,230.4,6,4,iPhone
4777,retained,37,30,43,517,653,99,4011.8,304.2,3,2,Android
4778,retained,40,34,256,915,102,66,1712.5,313.7,26,23,iPhone
4779,retained,61,61,173,2398,42,0,2173.2,421.5,13,7,Android
4780,retained,68,55,535,203,0,0,2221.5,1553.3,10,8,iPhone
4781,churned,91,77,256,145,62,223,3185.6,649.7,17,11,iPhone
4782,churned,50,41,74,108,0,0,1896.0,1023.5,3,0,iPhone
4783,retained,64,54,113,1808,22,7,6001.7,2231.7,28,19,iPhone
4784,retained,0,0,53,2449,85,34,7046.5,2686.9,27,23,iPhone
4785,retained,31,26,117,76,7,1,2852.5,1981.3,0,0,Android
4786,churned,37,31,66,1957,796,71,4736.6,1424.6,6,6,iPhone
4787,retained,19,16,149,1847,0,26,3547.9,62.9,15,15,iPhone
4788,retained,103,83,227,1148,0,116,4960.7,2417.2,20,12,Android
4789,retained,211,176,231,3488,0,0,1849.3,1334.2,29,28,Android
4790,churned,17,16,41,162,0,65,3285.7,1524.8,1,1,iPhone
4791,retained,289,289,389,389,31,0,3008.9,1353.2,30,23,iPhone
4792,retained,42,35,63,2016,83,0,5478.5,186.2,28,19,iPhone
4793,retained,116,93,395,2092,116,37,4020.5,1399.3,4,4,Android
4794,retained,8,7,249,157,0,147,2306.0,1747.3,3,3,Android
4795,retained,197,158,358,2235,84,0,4516.9,1480.8,1,1,Android
4796,retained,49,42,222,1079,259,62,1609.2,851.1,13,9,iPhone
4797,retained,50,40,300,2872,37,21,3231.7,2605.9,1,1,Android
4798,retained,19,17,71,593,134,6,7207.4,4082.9,9,3,Android
4799,churned,71,59,94,982,50,6,6375.6,4205.9,8,8,iPhone
4800,retained,2,2,284,881,96,7,4418.7,1491.9,22,16,iPhone
4801,retained,46,41,82,2160,186,37,2553.6,882.1,13,10,iPhone
4802,retained,38,30,49,1523,0,0,1112.4,918.2,8,8,iPhone
4803,retained,86,74,134,2642,197,34,5024.4,1048.2,22,22,Android
4804,retained,36,35,333,855,27,33,4486.1,3267.3,5,3,iPhone
4805,retained,25,25,253,2555,421,12,10331.7,1667.4,18,18,Android
4806,retained,337,305,427,1338,0,5,1167.2,451.3,6,1,Android
4807,retained,61,49,105,1770,184,22,4694.0,1716.7,27,19,Android
4808,retained,404,325,493,3264,159,7,1170.4,244.5,28,22,Android
4809,retained,49,41,110,2942,93,29,10994.9,3805.8,9,5,iPhone
4810,retained,86,86,103,3120,291,0,5144.1,3320.4,0,0,iPhone
4811,retained,60,57,107,839,130,0,1769.2,356.4,22,20,iPhone
4812,retained,28,28,29,1550,333,104,1340.1,1057.6,7,7,iPhone
4813,retained,32,26,263,878,36,0,3614.7,747.7,16,16,Android
4814,churned,67,54,185,801,0,128,3184.4,1216.4,12,10,iPhone
4815,retained,120,99,168,1794,42,51,1620.4,526.0,18,14,iPhone
4816,retained,80,65,169,1889,42,119,7613.4,2307.0,23,23,Android
4817,retained,144,115,387,2403,0,0,8918.2,1438.3,28,25,Android
4818,retained,29,26,97,2788,21,3,2571.0,1989.9,9,5,iPhone
4819,churned,86,70,176,378,296,49,3310.8,2665.3,10,9,iPhone
4820,retained,76,62,110,1245,0,36,1383.9,647.5,20,14,iPhone
4821,retained,90,73,139,521,467,18,1277.0,767.0,26,18,Android
4822,retained,10,10,61,2838,0,0,3868.0,2005.5,29,26,iPhone
4823,retained,38,38,153,1989,93,0,980.7,681.2,26,23,iPhone
4824,churned,71,60,115,292,0,0,4376.7,2128.2,21,19,iPhone
4825,retained,6,6,39,3285,0,13,13786.1,10317.2,7,7,iPhone
4826,retained,156,125,233,3319,0,5,3833.7,1650.9,8,4,iPhone
4827,retained,89,73,100,876,0,59,4393.6,3589.2,3,0,iPhone
4828,retained,45,38,53,3407,143,114,2022.8,1588.6,11,11,Android
4829,churned,26,21,281,440,60,125,2838.5,2114.1,10,8,Android
4831,retained,14,12,85,1781,26,4,8091.2,298.3,5,5,Android
4832,churned,117,94,387,71,109,258,3162.3,1971.9,3,3,Android
4833,retained,102,92,177,2937,25,0,2387.3,1733.1,19,16,Android
4834,retained,285,229,285,531,0,0,3277.6,579.0,22,16,iPhone
4835,retained,126,102,282,1527,275,0,1760.7,1364.8,21,19,iPhone
4836,retained,88,75,114,486,51,0,7774.5,6234.3,12,7,iPhone
4837,retained,319,258,332,1437,0,0,9184.8,645.7,5,4,iPhone
4838,churned,190,154,269,2791,87,0,4126.5,3018.8,6,6,Android
4839,churned,23,23,114,1170,0,8,5041.0,3054.8,14,14,Android
4840,retained,101,81,142,2256,22,34,2502.1,1438.0,19,11,Android
4841,churned,44,36,51,1143,331,52,2108.7,1108.8,29,22,Android
4842,churned,7,7,105,16,22,0,5610.8,2967.7,3,0,iPhone
4843,retained,30,24,72,2917,674,56,5327.5,776.8,23,14,iPhone
4844,retained,13,10,132,2500,55,15,3729.6,2213.4,30,23,iPhone
4846,retained,85,69,110,2087,0,47,4225.9,3462.3,12,8,iPhone
4847,retained,94,75,127,3277,233,0,1526.9,1051.8,30,20,iPhone
4848,retained,70,65,227,771,64,0,1975.3,788.9,17,9,iPhone
4849,retained,119,96,129,2981,0,9,1422.5,773.6,24,22,iPhone
4850,retained,20,16,445,1440,7,44,5253.4,2048.8,10,10,iPhone
4851,retained,437,349,515,1839,54,65,1016.0,625.2,13,8,iPhone
4852,retained,72,72,241,1525,153,0,3295.3,2183.3,6,6,iPhone
4853,retained,34,28,145,2930,3,0,2778.7,1252.9,24,22,iPhone
4855,retained,7,7,346,1348,59,0,7240.1,1347.1,13,13,iPhone
4856,retained,47,47,405,2580,184,71,4895.1,3796.9,20,20,iPhone
4857,retained,74,61,114,2525,0,10,2860.3,1678.0,28,19,Android
4858,retained,232,193,335,2214,633,9,3628.4,2720.4,23,18,Android
4859,retained,131,105,183,3239,85,0,1073.5,395.2,31,23,iPhone
4860,retained,103,84,306,1393,18,120,4746.5,1450.1,7,1,iPhone
4861,retained,218,218,490,3354,245,123,1890.7,286.1,10,6,Android
4862,retained,274,220,291,2549,87,6,3612.5,1643.2,28,21,Android
4863,churned,60,53,118,40,0,12,3873.4,2357.6,9,8,iPhone
4864,retained,12,9,101,3471,0,102,6391.9,3139.7,29,20,Android
4865,retained,29,23,39,822,158,0,1588.2,1151.4,29,24,Android
4866,retained,6,5,33,1851,0,51,1308.8,931.9,7,4,iPhone
4867,retained,178,143,219,1623,518,0,3067.3,512.6,15,8,iPhone
4868,retained,3,3,3,3091,303,50,4178.0,3107.6,24,18,iPhone
4869,retained,125,125,136,2912,73,30,4003.9,1663.6,25,24,iPhone
4870,retained,123,120,158,3379,55,45,4571.9,2549.7,16,13,Android
4871,retained,15,15,76,1228,0,8,2342.7,1589.5,20,16,Android
4872,churned,12,12,114,623,62,95,3737.5,2765.5,19,11,Android
4873,churned,174,151,393,448,68,0,978.8,782.9,9,9,iPhone
4874,retained,87,71,178,1328,231,58,4086.5,2320.0,27,26,Android
4875,churned,55,45,88,155,38,0,1630.5,935.4,12,10,iPhone
4876,churned,25,23,132,762,202,80,3283.6,2469.0,2,0,iPhone
4877,retained,22,22,37,3204,45,0,3597.1,2341.4,5,4,Android
4878,retained,90,75,103,2392,102,0,3067.3,1537.2,26,23,iPhone
4879,churned,96,84,118,1913,57,199,2439.3,671.3,4,2,iPhone
4880,retained,25,21,130,1297,152,2,3979.3,2468.5,14,14,iPhone
4881,retained,9,8,42,656,356,23,9268.0,6974.5,17,9,iPhone
4882,retained,39,31,431,3234,41,0,763.4,249.2,30,26,Android
4883,churned,113,92,116,1198,137,32,10275.9,5402.8,8,7,Android
4884,retained,66,58,110,611,83,97,11814.9,2417.9,24,21,iPhone
4885,retained,109,88,378,2115,77,0,8862.7,2998.1,1,1,iPhone
4886,retained,81,74,92,1098,4,0,2895.3,1136.7,13,7,iPhone
4887,retained,212,184,399,2021,77,37,5102.4,1505.5,25,23,iPhone
4889,retained,141,113,190,677,62,45,3852.2,618.6,28,23,iPhone
4890,retained,9,8,42,316,36,0,9791.8,898.3,21,20,iPhone
4891,retained,6,5,28,961,69,18,4506.4,2304.4,1,0,Android
4892,retained,414,363,463,573,93,86,1552.2,883.9,26,22,iPhone
4893,retained,25,25,127,3087,115,0,7465.4,5003.3,2,0,iPhone
4894,retained,85,69,107,2860,121,111,4543.2,1772.3,24,20,iPhone
4895,retained,59,50,183,1971,152,52,3038.4,1015.8,25,18,Android
4896,churned,93,75,162,755,516,0,2660.1,1327.1,17,16,iPhone
4897,retained,2,2,72,212,38,5,3022.4,1163.2,4,0,iPhone
4898,retained,100,85,146,1077,0,0,3356.5,264.2,1,1,Android
4899,retained,41,33,86,3476,23,20,8597.4,2091.8,15,15,iPhone
4900,churned,4,3,52,2468,47,1,744.5,347.5,10,6,iPhone
4901,churned,13,13,76,3209,93,0,1334.5,1092.1,4,4,iPhone
4902,retained,19,16,22,3143,0,36,1355.7,687.5,24,19,Android
4903,retained,200,168,317,479,0,41,2852.5,2144.3,16,11,iPhone
4904,retained,53,43,89,690,163,38,4065.9,2035.2,16,10,iPhone
4905,churned,32,27,49,3027,0,15,4353.5,297.5,8,8,iPhone
4906,retained,10,9,62,1909,166,26,1643.3,1309.8,23,23,Android
4907,retained,13,11,64,69,0,3,1573.1,756.6,21,18,iPhone
4908,retained,81,65,191,1043,0,0,2996.7,1748.9,14,14,iPhone
4909,retained,82,66,122,2551,18,0,7743.9,3472.5,2,0,Android
4910,retained,170,136,391,886,24,28,1168.6,159.0,29,25,iPhone
4911,churned,63,53,218,1425,907,17,4584.9,3172.2,0,0,iPhone
4912,retained,108,87,177,471,150,115,2840.0,534.4,27,23,Android
4913,churned,172,144,372,2080,42,19,5774.7,2867.2,2,0,iPhone
4914,retained,134,108,144,2885,531,0,5308.7,4373.2,7,6,iPhone
4915,retained,75,61,494,521,30,1,7611.5,3124.2,10,3,Android
4916,retained,43,35,184,1760,62,90,5765.1,288.9,11,11,iPhone
4917,retained,69,56,180,308,53,0,3377.4,755.6,19,19,iPhone
4918,retained,177,143,401,3007,58,0,2885.6,1618.7,16,8,iPhone
4919,retained,2,2,118,1491,184,10,1701.3,481.8,14,12,iPhone
4920,churned,166,133,506,525,1,0,1397.0,1079.1,8,8,iPhone
4921,retained,7,7,196,3079,26,56,5305.6,3582.1,14,6,iPhone
4922,retained,61,51,112,2715,23,103,10948.8,4218.0,12,10,iPhone
4923,retained,121,97,256,2941,42,2,11320.1,4265.5,28,24,iPhone
4924,retained,24,23,109,2317,0,38,6248.5,3571.9,26,20,iPhone
4925,retained,122,98,219,1512,173,0,1624.8,1018.6,18,18,iPhone
4926,retained,146,117,190,330,45,72,2640.7,1977.7,23,17,iPhone
4927,retained,192,168,519,235,48,13,5199.5,1972.4,4,3,Android
4928,retained,8,8,136,2775,219,11,3389.2,830.3,22,14,iPhone
4929,retained,24,19,116,2080,436,82,5024.1,3670.9,9,3,Android
4930,retained,92,74,117,1532,123,0,589.5,481.2,1,1,iPhone
4931,retained,8,7,108,3154,49,96,3896.0,1657.3,30,20,Android
4932,retained,125,102,183,1729,50,6,2275.9,1586.5,16,12,iPhone
4933,retained,139,113,174,717,221,0,4155.0,2034.6,28,27,iPhone
4934,retained,50,40,160,396,56,0,3465.8,2157.9,10,10,iPhone
4935,retained,7,7,51,2914,190,9,8570.4,624.5,5,5,iPhone
4936,churned,100,81,270,1947,542,6,3848.8,1106.0,19,13,iPhone
4937,retained,17,17,78,160,29,116,6041.0,4316.9,17,9,Android
4938,churned,54,54,79,184,139,36,8472.8,3773.0,8,8,Android
4939,retained,28,23,45,2448,306,0,2623.3,1963.6,28,19,iPhone
4940,retained,32,32,59,2591,241,68,4539.8,2495.3,26,22,Android
4941,retained,51,51,468,303,0,2,1566.7,786.4,27,20,iPhone
4942,churned,219,175,269,2135,291,69,2200.6,1551.8,5,5,iPhone
4943,retained,42,42,185,2024,80,20,3446.0,2695.5,19,14,iPhone
4944,retained,14,12,27,3315,103,0,1238.5,306.2,15,8,iPhone
4945,retained,53,43,127,2478,154,99,3960.8,829.4,29,21,Android
4946,retained,3,3,37,971,11,19,3515.2,2709.1,17,14,Android
4947,retained,114,92,119,1784,223,11,6054.7,2345.6,23,14,iPhone
4948,retained,4,4,99,1308,0,0,3572.9,2290.3,15,15,Android
4949,retained,64,51,122,3157,24,0,6456.7,951.5,24,22,Android
4950,churned,1,1,119,1738,426,358,7325.0,3804.5,17,17,iPhone
4951,retained,46,37,52,3195,284,33,2285.2,1431.8,4,4,Android
4952,churned,57,49,187,1150,113,0,1185.6,817.6,2,2,Android
4953,retained,63,51,81,826,310,0,2244.0,640.7,1,0,Android
4954,retained,128,103,152,1901,142,0,5070.7,3788.3,20,20,iPhone
4955,retained,76,62,301,1238,246,65,9137.9,5370.0,18,13,Android
4956,retained,10,10,19,2122,11,34,605.6,446.7,3,3,iPhone
4957,retained,78,62,201,1902,192,0,4513.1,3009.4,19,19,Android
4958,retained,28,22,143,2821,40,0,7105.5,3554.5,12,9,iPhone
4959,churned,0,0,31,1234,87,1,6043.6,4850.8,4,3,iPhone
4960,retained,17,16,89,2004,71,0,5088.5,2106.0,15,13,Android
4961,retained,231,185,247,2520,305,61,2288.1,473.0,21,18,Android
4962,churned,51,41,75,1220,120,0,2828.2,865.1,12,8,iPhone
4963,retained,4,3,193,1114,24,0,1946.1,997.0,12,8,Android
4964,churned,19,15,140,875,135,88,3781.8,1830.4,31,26,Android
4965,retained,102,82,360,511,0,0,4653.8,2439.6,1,0,iPhone
4966,churned,181,146,194,2303,54,35,4027.7,2166.0,2,2,iPhone
4968,retained,86,71,92,197,20,0,2187.1,1168.8,30,21,Android
4969,retained,98,79,179,2775,70,60,5920.9,4916.0,29,19,iPhone
4970,retained,67,55,580,61,99,124,6222.0,5173.9,28,18,Android
4971,churned,26,26,201,1987,161,53,2081.6,1061.1,8,8,iPhone
4972,retained,77,77,112,1080,156,122,2658.5,1497.6,27,17,iPhone
4973,retained,128,103,141,2488,344,0,5841.2,1291.7,30,19,iPhone
4974,retained,27,22,114,3115,238,5,5087.3,2097.3,8,7,Android
4975,retained,272,223,276,236,191,0,8176.4,2878.1,10,9,iPhone
4976,retained,31,27,91,1910,0,22,770.8,406.0,6,6,iPhone
4977,retained,172,138,194,3194,419,0,2709.0,1384.5,31,27,Android
4978,retained,53,45,407,1156,0,5,4988.9,994.1,19,11,iPhone
4979,churned,27,23,237,194,431,0,4811.9,1755.4,6,6,iPhone
4980,retained,276,221,373,1820,0,9,3624.0,998.9,6,6,Android
4981,retained,238,196,338,314,394,38,4712.3,3009.6,8,8,iPhone
4982,churned,162,131,362,1017,358,0,1999.2,762.4,20,15,iPhone
4983,retained,5,4,30,1656,106,0,8845.1,3008.0,29,21,iPhone
4984,retained,63,59,103,2776,0,82,4705.3,3220.9,1,0,Android
4985,churned,16,13,31,996,0,0,6255.9,2645.3,6,3,iPhone
4986,retained,319,258,400,2950,49,117,4271.7,3063.6,17,14,Android
4987,retained,115,95,123,1739,41,0,3709.7,2929.2,21,19,iPhone
4988,retained,144,120,252,497,45,0,3734.2,1821.9,24,16,iPhone
4990,retained,52,43,160,1967,32,46,1652.9,1342.7,19,11,iPhone
4991,churned,128,105,164,3011,2,0,7750.5,748.9,3,3,iPhone
4993,retained,63,63,173,828,111,25,2093.2,1222.7,7,5,Android
4994,retained,57,52,107,2364,0,45,2380.4,1182.4,7,2,iPhone
4995,retained,9,7,27,1030,10,11,4646.8,2919.8,2,1,iPhone
4996,retained,179,146,222,2397,0,0,2911.2,354.7,26,17,Android
4997,retained,94,84,145,256,104,16,10004.1,5019.6,10,9,iPhone
4998,retained,232,190,312,2487,0,0,2832.7,706.3,16,8,iPhone
4999,retained,16,13,42,555,0,0,7291.1,2579.2,23,23,iPhone
5000,retained,65,53,170,1901,17,0,2891.4,463.5,13,6,iPhone
5001,retained,16,13,119,1420,57,0,1327.3,84.0,25,20,Android
5002,retained,41,33,607,2549,0,0,3235.0,2335.3,7,6,iPhone
5003,retained,60,49,124,1348,81,32,4885.8,2311.7,6,6,iPhone
5004,retained,34,28,88,1627,117,15,9405.4,815.9,30,20,iPhone
5005,retained,5,5,175,245,35,35,5674.4,2094.0,5,2,iPhone
5006,retained,246,197,304,2538,0,4,5001.5,2586.6,8,6,iPhone
5007,retained,117,94,207,3325,0,71,8147.6,3359.4,13,9,Android
5008,retained,124,100,215,3079,98,78,639.0,291.6,5,0,Android
5009,retained,198,159,218,3127,246,0,11219.2,5751.8,30,20,Android
5010,retained,76,76,197,1217,84,0,4595.4,480.8,28,19,iPhone
5011,retained,40,33,124,3002,174,0,841.5,602.7,30,19,iPhone
5012,retained,114,94,147,3187,0,53,4847.8,3455.9,26,17,iPhone
5013,retained,45,37,244,2903,34,34,4290.8,1109.5,19,14,iPhone
5014,retained,4,4,46,2857,183,64,3293.8,1703.3,19,15,iPhone
5015,retained,58,46,127,2992,0,95,3193.2,1879.1,15,15,Android
5016,retained,96,96,122,2736,15,56,690.0,381.1,26,18,Android
5017,retained,23,18,55,3316,0,0,6950.3,3706.1,28,24,Android
5018,churned,67,57,105,3247,107,11,3023.8,159.8,4,1,Android
5019,retained,310,248,801,1407,12,71,2497.4,1868.0,17,10,iPhone
5020,retained,24,23,25,2462,3,118,5094.7,3838.2,21,12,Android
5021,retained,99,81,384,2139,128,0,8055.8,4482.8,11,6,iPhone
5022,retained,62,49,262,2948,33,0,1652.5,1148.8,9,6,iPhone
5023,churned,216,183,267,3456,0,0,10106.4,1097.0,5,2,Android
5024,retained,4,4,33,3124,7,0,2440.3,273.5,16,15,Android
5025,retained,5,5,49,2174,0,0,3038.1,583.8,14,8,iPhone
5026,retained,117,94,128,651,321,0,4839.7,2870.0,20,15,iPhone
5027,retained,42,36,264,1878,0,0,1207.9,507.7,6,2,Android
5028,retained,53,53,77,1324,101,0,2950.5,1009.8,26,17,iPhone
5029,retained,74,59,359,1942,323,21,5832.8,2014.2,10,8,Android
5030,retained,168,140,243,1032,128,6,2716.3,689.9,27,17,Android
5031,retained,90,72,102,3294,289,24,6715.8,4678.6,24,20,Android
5032,retained,68,56,182,429,209,0,1496.6,473.3,4,4,iPhone
5033,retained,41,35,213,682,175,75,2013.2,541.0,23,20,iPhone
5034,retained,140,112,568,2679,67,3,1382.2,1074.9,18,10,iPhone
5035,retained,51,41,125,2934,43,21,3043.5,1065.7,27,22,iPhone
5036,retained,41,33,86,826,252,0,2439.8,1817.1,0,0,iPhone
5037,retained,390,312,594,3124,15,0,11029.3,4941.2,15,10,Android
5038,churned,183,151,232,3163,49,0,2350.2,709.4,3,3,iPhone
5039,retained,1,1,122,1485,0,161,3651.1,2313.6,31,28,iPhone
5041,retained,22,17,64,1757,201,1,4686.6,3093.3,5,1,Android
5042,retained,43,37,203,199,84,0,3057.2,1860.7,25,21,iPhone
5043,retained,233,188,282,2635,35,0,4326.3,264.2,13,10,iPhone
5044,retained,31,25,107,916,71,32,1881.7,490.7,28,22,iPhone
5045,retained,3,3,41,3221,65,12,9050.8,1769.5,29,23,iPhone
5046,retained,145,116,245,438,0,49,12041.8,4217.6,14,10,Android
5047,churned,64,52,160,1045,0,0,2651.4,1959.0,2,2,iPhone
5048,retained,6,5,106,1630,137,0,3518.3,1783.8,23,18,iPhone
5049,retained,42,42,62,1059,0,0,2055.9,770.8,12,12,Android
5050,retained,107,95,345,1730,454,0,6473.5,3702.3,19,18,Android
5051,churned,97,97,210,1258,29,0,1907.3,288.8,6,6,Android
5052,retained,56,45,267,991,32,0,327.9,107.5,24,16,iPhone
5053,retained,25,21,241,2279,267,0,6046.8,3283.3,15,15,Android
5054,retained,6,6,6,1593,371,0,1798.2,1378.9,16,16,Android
5055,retained,66,56,286,1146,13,20,2157.5,969.0,24,15,Android
5056,retained,156,125,190,1334,0,0,4006.3,1666.7,14,10,iPhone
5057,retained,48,39,51,3260,250,47,3253.6,2258.0,31,27,iPhone
5058,retained,17,14,19,3120,210,0,2684.4,1458.2,20,15,Android
5059,retained,160,129,163,1577,0,23,2579.8,2027.5,4,0,iPhone
5060,retained,104,84,108,28,99,22,993.0,471.7,13,10,iPhone
5061,retained,161,129,216,1085,198,0,2184.0,843.7,14,7,Android
5062,retained,13,13,171,2553,32,8,8218.8,3367.8,1,1,Android
5063,churned,68,55,183,697,124,0,8704.4,3570.0,28,22,iPhone
5064,retained,89,71,186,2391,44,16,1458.7,630.1,27,26,Android
5065,churned,30,26,133,1520,186,0,3022.9,2037.5,0,0,Android
5066,retained,68,55,106,1306,247,0,1486.6,358.5,29,28,iPhone
5067,churned,80,65,120,6,19,0,4972.9,2050.3,6,6,iPhone
5068,churned,185,149,284,2986,43,15,3559.3,2059.8,9,3,iPhone
5069,retained,105,84,396,715,119,0,4168.1,2856.1,24,16,Android
5070,retained,100,80,132,1287,1049,218,3402.3,2170.7,21,21,Android
5071,churned,118,95,123,821,123,0,3376.3,2012.6,7,4,iPhone
5072,retained,97,80,199,3207,0,54,7862.6,3680.0,27,26,iPhone
5073,retained,76,63,113,1572,106,0,2872.3,1944.3,8,8,iPhone
5074,retained,125,101,246,2529,47,0,11931.6,3466.5,13,7,iPhone
5075,retained,96,78,150,1905,33,215,3216.5,1182.6,26,24,iPhone
5076,retained,150,139,363,1147,64,93,2292.1,1301.8,10,4,iPhone
5077,retained,6,5,64,1416,207,0,3308.5,1972.0,25,24,Android
5078,retained,48,39,386,681,77,20,1605.5,746.0,13,9,iPhone
5079,retained,248,198,983,809,41,0,2806.5,784.9,5,3,iPhone
5081,retained,69,55,159,2688,30,96,2129.1,971.0,5,2,iPhone
5082,retained,169,135,210,241,37,17,2704.6,962.6,31,23,iPhone
5083,churned,172,138,352,2782,41,52,1580.6,1158.7,2,2,iPhone
5084,retained,125,125,149,2403,11,18,3643.5,2582.3,19,11,iPhone
5085,retained,6,6,102,1647,138,33,2866.7,406.8,9,9,iPhone
5086,retained,67,54,223,2377,238,5,8212.1,4663.8,13,13,Android
5087,retained,53,43,59,2500,0,0,1962.6,1575.2,26,25,Android
5088,retained,8,7,122,988,0,28,4063.5,2805.6,19,15,iPhone
5089,retained,76,61,213,2084,0,0,3173.1,1621.2,14,13,iPhone
5090,retained,18,18,360,1131,418,0,3566.0,2838.9,17,11,iPhone
5091,retained,13,13,32,1162,0,0,1079.4,179.7,27,25,Android
5092,churned,6,6,390,2757,497,44,2959.4,1412.1,3,3,iPhone
5093,churned,113,99,322,94,31,5,5503.9,3196.4,21,13,iPhone
5094,retained,51,45,132,2490,224,0,1948.6,1348.6,7,7,iPhone
5095,churned,51,41,52,271,181,0,6872.9,4420.2,18,13,iPhone
5096,retained,34,34,85,2181,125,0,8546.4,4199.9,5,4,iPhone
5097,retained,130,105,381,3206,182,26,2349.6,1827.4,12,7,iPhone
5098,retained,23,21,51,982,164,2,5638.2,1090.5,5,0,iPhone
5099,retained,3,3,15,2443,431,36,4519.7,2546.5,21,12,iPhone
5100,retained,24,19,57,2242,94,0,4550.5,1090.9,21,21,iPhone
5101,retained,274,219,744,1577,0,0,4396.1,2782.5,15,9,iPhone
5102,retained,9,8,32,2621,256,14,2296.6,810.6,11,6,iPhone
5103,retained,6,5,31,2614,54,2,4771.8,3173.8,19,16,iPhone
5104,churned,21,17,22,955,237,0,4941.3,4039.9,2,0,iPhone
5105,churned,247,198,378,3427,69,23,436.4,111.6,4,4,iPhone
5106,retained,158,126,211,3214,0,35,8962.4,3175.6,2,0,iPhone
5107,retained,81,65,91,3329,148,0,2488.4,326.8,3,3,Android
5108,churned,115,93,148,184,126,0,2275.2,1051.8,19,12,Android
5109,retained,9,9,48,1220,138,95,1608.3,293.3,16,16,iPhone
5110,retained,112,90,125,883,28,56,3093.3,1908.7,5,0,iPhone
5111,retained,61,60,138,1579,0,5,6746.7,3220.1,13,7,Android
5112,retained,118,95,309,1327,0,28,2470.7,1947.7,23,17,Android
5113,retained,16,14,67,1360,256,0,3591.7,1418.2,26,20,iPhone
5114,retained,75,60,81,1841,21,1,4211.9,1700.0,21,17,Android
5115,churned,0,0,105,1259,573,0,2732.1,153.9,7,4,iPhone
5116,retained,98,78,397,1161,404,37,1402.7,1084.7,23,17,Android
5118,retained,10,10,39,1931,178,0,1164.1,618.5,19,18,iPhone
5119,retained,187,149,229,2712,371,0,2332.4,658.8,14,13,Android
5120,churned,5,5,46,248,301,0,4732.1,1749.3,8,8,iPhone
5121,retained,10,10,91,3221,96,28,3281.9,2701.8,11,11,Android
5122,retained,1,1,50,1845,13,136,5323.8,2921.2,29,22,Android
5123,retained,6,6,113,2923,31,16,4105.8,1998.4,13,8,Android
5124,churned,21,20,328,2343,0,0,1638.4,745.2,0,0,Android
5125,retained,44,38,138,908,20,14,3691.4,1739.3,8,8,Android
5126,churned,12,11,23,10,188,0,2989.5,1159.1,10,10,iPhone
5127,retained,4,4,281,2089,199,0,1896.3,1268.8,4,4,iPhone
5128,retained,6,6,210,2622,126,27,2322.8,1485.7,14,14,iPhone
5129,retained,67,56,95,739,159,44,4605.6,3430.1,21,14,iPhone
5130,retained,54,43,169,3379,0,0,2916.7,1428.0,28,23,iPhone
5131,retained,39,32,52,2837,74,100,6850.9,3603.5,20,18,Android
5132,retained,6,5,157,1428,347,142,6950.0,3476.2,5,5,Android
5133,retained,107,88,164,1933,17,27,8053.8,3091.5,30,24,iPhone
5134,churned,29,24,193,1217,26,0,2893.7,1226.1,1,1,Android
5135,retained,32,27,163,1403,153,34,3785.9,3146.2,19,13,iPhone
5136,churned,128,104,236,690,52,1,3026.8,2120.4,4,4,iPhone
5137,retained,24,21,119,1136,5,0,7297.7,5549.8,27,25,Android
5138,retained,46,38,104,683,19,0,5007.4,952.7,3,1,Android
5139,retained,47,44,82,1988,122,9,3764.4,3118.1,1,0,iPhone
5140,retained,10,10,286,1123,20,18,7820.2,3745.3,3,0,iPhone
5141,retained,192,188,222,520,29,50,4125.4,984.0,5,5,Android
5142,retained,2,2,6,3395,0,0,3001.3,1580.6,25,19,iPhone
5143,retained,143,115,250,3335,47,60,1533.6,1028.7,7,5,iPhone
5144,retained,26,24,163,3327,0,0,3519.4,685.2,9,8,iPhone
5145,churned,220,186,351,713,313,60,3078.5,1046.9,5,4,iPhone
5146,retained,46,37,73,3408,328,0,1576.1,1015.4,30,27,iPhone
5147,churned,66,54,110,574,122,0,5640.6,1948.9,3,2,Android
5148,retained,103,85,151,2820,0,191,10242.7,5954.8,17,17,iPhone
5149,retained,41,35,168,1147,0,180,2495.7,728.2,21,20,iPhone
5150,retained,98,96,216,1459,0,31,6368.4,3507.5,18,15,iPhone
5151,retained,47,37,63,3023,159,27,1513.0,493.2,4,3,iPhone
5152,retained,32,26,161,1997,9,26,7768.5,2406.0,17,16,iPhone
5153,retained,146,118,200,3003,0,0,4938.4,2276.7,17,9,Android
5154,retained,181,145,202,1049,0,19,2436.7,1731.4,29,21,iPhone
5155,retained,4,3,81,1431,1,35,4809.5,853.0,5,5,iPhone
5156,retained,134,110,192,448,317,47,9764.6,2124.3,29,21,Android
5157,retained,36,30,84,832,0,8,3590.1,2828.9,22,22,iPhone
5158,retained,12,10,371,2678,89,0,6409.2,882.6,26,16,iPhone
5159,retained,14,12,75,3414,91,8,2204.8,1703.9,26,17,iPhone
5160,churned,1,1,37,1924,114,17,8360.9,3313.6,2,2,iPhone
5161,retained,135,110,277,1694,39,0,3447.4,2446.0,31,27,iPhone
5162,retained,67,55,127,20,194,58,7447.4,3285.8,20,16,iPhone
5163,retained,13,13,113,1402,2,24,1290.6,1057.5,20,20,iPhone
5164,retained,51,50,211,2356,38,68,2761.6,1273.7,23,23,Android
5165,retained,21,18,96,353,22,0,2895.7,1752.8,30,27,iPhone
5166,churned,84,68,216,1366,56,79,4230.3,2677.8,7,5,Android
5167,retained,111,89,119,166,112,0,2265.3,1300.5,28,19,Android
5168,retained,73,73,159,666,300,0,993.2,310.7,27,25,Android
5169,retained,11,11,31,2414,0,27,3661.9,2819.2,13,9,iPhone
5170,retained,29,29,163,1047,174,73,553.0,454.1,5,0,Android
5171,retained,33,27,82,469,189,17,6074.0,5039.8,23,23,iPhone
5172,churned,86,69,218,363,453,91,1572.2,771.6,13,10,Android
5173,retained,90,84,138,2779,146,14,8425.1,1823.3,23,15,Android
5174,retained,18,15,95,3046,65,0,2059.0,303.3,6,2,Android
5176,retained,29,24,245,2906,112,134,8701.5,7081.8,8,6,iPhone
5177,retained,62,62,94,1568,78,33,6401.5,339.7,11,9,Android
5178,churned,68,68,188,2883,0,0,1700.5,1075.9,4,0,iPhone
5179,retained,26,21,108,3197,58,0,3313.7,1950.1,14,9,Android
5180,churned,19,17,115,265,0,46,4959.4,2359.2,16,16,iPhone
5181,retained,3,3,34,3278,0,102,1206.0,738.0,28,24,iPhone
5182,retained,33,33,62,1799,0,0,10637.4,6150.8,24,18,Android
5183,retained,8,6,48,1447,309,0,3918.6,867.1,22,21,Android
5184,retained,52,46,130,632,457,124,5320.7,3718.8,15,15,iPhone
5185,retained,35,35,232,1766,188,0,1681.1,1051.7,20,12,iPhone
5186,retained,34,29,258,2151,315,24,3486.2,1211.1,15,12,iPhone
5187,retained,13,13,68,348,229,58,3679.9,638.5,23,19,iPhone
5188,retained,21,17,197,1681,263,0,1470.5,1025.6,4,4,Android
5189,retained,68,55,208,1243,0,0,10592.1,3474.9,24,19,Android
5190,retained,131,110,215,1620,7,0,1807.8,1426.9,8,8,Android
5191,retained,49,42,99,3113,97,0,5869.8,4097.9,21,13,Android
5192,retained,18,15,84,123,256,0,4836.7,3552.0,9,5,iPhone
5193,churned,70,64,75,407,11,60,2503.7,1171.6,2,0,iPhone
5194,retained,140,112,299,1948,0,157,2366.2,1386.6,13,13,iPhone
5195,retained,64,54,115,422,22,0,4549.3,3207.6,20,16,Android
5196,churned,31,27,167,2216,60,32,971.7,308.4,0,0,iPhone
5197,retained,250,207,253,1448,0,176,3515.0,2066.1,24,23,iPhone
5198,retained,13,13,71,1835,530,0,3875.4,1152.3,8,8,iPhone
5199,retained,101,81,214,2228,265,0,2490.3,1549.4,11,9,iPhone
5200,churned,48,39,65,56,27,89,6397.1,4060.8,11,11,iPhone
5201,retained,242,201,249,1759,7,8,9175.7,7078.1,10,10,Android
5202,retained,86,69,114,1364,215,147,1001.4,595.5,5,3,iPhone
5203,retained,151,122,352,2952,172,24,1661.6,488.2,17,11,iPhone
5204,retained,71,60,275,2181,0,88,2823.3,2323.9,9,7,Android
5205,retained,50,45,121,2552,333,0,4207.2,3031.7,28,26,iPhone
5206,retained,26,21,52,1485,94,53,2682.4,824.8,7,7,Android
5207,retained,163,131,285,377,72,0,2129.4,720.5,8,5,Android
5208,retained,139,112,246,1986,0,60,1988.7,210.9,30,20,Android
5209,retained,42,34,315,184,5,0,2833.5,1462.8,12,6,iPhone
5210,retained,9,9,10,2219,0,0,1359.0,1030.3,1,1,iPhone
5211,retained,39,32,68,1388,23,20,4523.1,3140.3,11,9,Android
5212,retained,37,30,253,794,21,99,4356.2,1309.8,30,26,Android
5213,retained,124,99,169,1448,7,27,4165.4,2176.1,10,10,Android
5214,retained,65,53,264,2851,0,0,2221.5,923.9,12,9,iPhone
5215,retained,3,3,20,2927,9,0,1875.9,760.5,7,4,iPhone
5216,retained,70,56,83,993,0,26,5705.6,2881.5,17,9,Android
5217,retained,10,8,40,3063,241,12,7364.0,1361.2,11,4,iPhone
5218,retained,101,82,105,468,170,0,3892.5,2895.3,22,15,iPhone
5220,retained,138,113,167,2348,138,23,2321.0,1682.0,19,17,iPhone
5221,retained,232,186,265,3092,69,9,4669.1,3746.5,3,3,iPhone
5222,retained,35,29,113,535,80,0,4121.3,3044.1,2,0,iPhone
5223,churned,59,56,78,1973,28,2,2528.4,1291.3,5,5,iPhone
5224,retained,45,41,55,1386,16,0,1014.3,701.0,2,2,Android
5225,retained,0,0,192,3305,51,0,3707.4,2282.9,18,18,Android
5226,retained,20,16,164,3084,834,0,4090.9,571.1,13,10,iPhone
5227,churned,47,44,75,1205,211,0,9002.1,5799.7,10,10,iPhone
5228,retained,402,328,603,3066,68,0,2110.8,429.8,27,19,iPhone
5229,retained,84,67,388,635,29,21,3271.9,2262.7,22,19,iPhone
5230,retained,46,37,264,779,152,0,4153.1,2351.8,10,3,iPhone
5231,retained,21,19,30,789,121,0,2379.6,850.7,4,2,Android
5233,retained,12,10,252,2386,2,0,7567.7,1725.2,3,3,Android
5234,retained,115,92,141,2304,0,0,4017.1,877.8,31,27,Android
5235,retained,126,101,601,3222,16,51,1737.6,828.2,12,11,Android
5236,retained,55,52,201,1604,0,0,2240.4,1413.6,26,22,Android
5237,retained,1,1,161,1164,167,106,813.7,544.7,27,19,iPhone
5238,retained,40,33,60,401,46,0,3197.0,1336.6,24,17,Android
5239,retained,44,37,97,3333,177,18,9921.1,1858.9,8,4,iPhone
5240,retained,96,81,147,3315,0,23,789.2,488.0,21,17,Android
5241,churned,43,34,265,965,49,228,2910.3,1456.4,13,13,iPhone
5242,retained,61,50,140,269,37,105,943.9,182.6,4,4,Android
5243,retained,7,7,21,1849,177,0,4792.3,3857.9,16,15,Android
5244,retained,33,28,168,2103,19,0,2846.5,1466.3,16,15,iPhone
5245,churned,12,10,84,1444,0,0,1973.0,547.6,4,4,iPhone
5246,retained,80,72,133,550,57,80,1897.4,1279.5,26,25,iPhone
5247,retained,2,2,44,2140,39,0,3969.7,2318.1,4,1,iPhone
5248,retained,152,122,246,399,57,0,3982.1,2424.0,16,11,iPhone
5250,churned,54,43,86,3263,55,9,2017.5,1591.1,19,18,iPhone
5251,retained,118,107,198,3222,778,7,3262.0,1105.9,29,25,Android
5252,retained,16,13,45,2528,41,15,4067.8,1368.2,8,8,iPhone
5253,churned,21,21,213,918,832,153,2418.2,1706.7,9,9,iPhone
5254,retained,90,72,187,3043,0,40,2596.1,998.2,4,4,Android
5255,retained,105,86,115,1960,134,30,4432.3,2260.5,18,16,Android
5257,retained,23,23,96,2816,33,12,982.5,261.8,17,11,iPhone
5259,retained,159,130,204,591,120,0,6949.4,5404.8,24,22,iPhone
5260,retained,284,228,460,644,100,1,3186.2,2592.3,19,14,iPhone
5261,retained,87,70,87,3111,185,22,3299.1,880.0,28,22,iPhone
5262,retained,4,4,153,2419,263,0,3396.0,535.7,27,21,iPhone
5263,retained,11,10,63,93,511,0,10059.6,4825.2,13,10,iPhone
5264,retained,98,80,128,1937,144,0,6560.6,2406.5,16,11,iPhone
5266,retained,6,5,189,2310,20,0,4759.7,917.2,29,19,iPhone
5267,retained,3,3,61,907,0,0,8757.9,6691.0,30,28,iPhone
5268,retained,59,47,61,2399,565,3,5054.3,2619.2,26,17,iPhone
5269,retained,22,22,256,902,60,20,5595.8,3878.6,30,24,Android
5270,retained,32,30,104,1823,103,65,4580.4,3288.0,29,25,iPhone
5271,retained,97,78,169,1772,0,86,6568.9,2470.3,11,7,iPhone
5272,retained,42,34,97,2533,218,39,7326.9,5774.0,14,14,Android
5273,retained,73,59,264,1133,139,17,8102.2,3771.2,20,18,iPhone
5274,retained,99,80,104,1746,40,145,2171.1,846.7,28,27,Android
5275,churned,117,94,441,1359,0,0,4011.9,2440.1,17,16,iPhone
5276,retained,81,65,321,1966,100,36,3907.3,3247.1,29,18,iPhone
5277,churned,116,94,193,1044,5,222,1677.1,1138.7,12,11,Android
5278,retained,55,45,198,1317,0,0,2272.5,971.8,21,17,Android
5279,retained,33,26,227,1190,45,61,6695.2,1287.8,28,21,iPhone
5280,retained,230,184,273,1517,94,94,3144.1,1843.0,21,20,Android
5281,retained,132,106,161,902,3,0,13576.4,1783.3,9,9,Android
5282,churned,120,99,154,224,754,0,2479.1,1868.8,9,9,iPhone
5283,retained,12,12,35,2808,427,0,4237.7,321.5,11,11,iPhone
5284,retained,117,95,272,2160,225,0,3949.5,2320.9,16,15,Android
5286,retained,19,16,59,487,223,215,2700.9,593.3,15,12,Android
5287,retained,56,45,85,2404,290,0,4206.3,3100.7,3,1,iPhone
5288,retained,108,87,233,3100,32,0,2520.4,1306.3,2,0,iPhone
5289,retained,131,107,187,1155,277,0,2945.3,1016.1,17,10,Android
5290,retained,107,86,220,1986,98,27,3118.7,474.6,17,10,Android
5291,retained,50,43,295,1461,262,0,642.4,502.6,18,18,iPhone
5292,retained,33,33,151,1714,99,0,7957.2,4629.8,4,1,iPhone
5293,retained,4,3,37,1894,10,0,222.8,146.6,31,30,Android
5294,retained,42,34,101,2982,0,0,1128.0,314.8,24,21,Android
5296,retained,40,33,83,1849,25,0,10717.7,3291.2,18,16,iPhone
5297,retained,150,132,190,734,222,0,4656.4,320.1,15,12,Android
5298,retained,7,7,327,2433,119,42,3071.2,1104.8,11,11,Android
5299,retained,73,59,217,649,69,0,2350.3,1920.7,14,14,iPhone
5300,retained,45,41,66,284,25,0,2070.1,1662.2,13,11,iPhone
5301,retained,53,47,91,3334,0,0,7242.1,4226.0,24,16,Android
5302,retained,10,10,130,1605,0,94,2929.5,2280.3,17,10,iPhone
5304,retained,37,30,49,952,59,0,3861.5,459.9,11,4,Android
5305,retained,15,15,30,85,61,41,629.4,476.1,18,12,iPhone
5306,retained,84,67,168,1056,189,26,2157.4,567.0,26,17,iPhone
5307,retained,159,128,249,1724,73,0,5131.7,1570.4,29,25,Android
5308,churned,22,18,67,180,0,47,6390.7,3408.2,1,0,iPhone
5310,retained,18,14,442,2720,85,0,1183.1,140.0,12,11,Android
5311,churned,57,46,123,3112,42,1,5388.3,427.7,5,5,iPhone
5312,retained,31,25,723,2444,89,0,3233.6,876.1,24,19,Android
5313,retained,47,38,113,2883,64,54,7027.2,3334.4,22,15,iPhone
5315,churned,225,197,363,3105,98,0,3555.5,1023.1,1,1,iPhone
5316,retained,625,501,722,467,9,163,3239.1,2523.5,21,21,iPhone
5317,retained,11,11,13,3231,0,0,8562.8,5024.4,29,23,iPhone
5319,churned,13,13,184,79,308,24,3654.4,1190.2,5,0,iPhone
5320,retained,37,30,340,362,0,5,1060.4,713.2,13,13,iPhone
5321,retained,164,135,176,1436,171,20,14895.5,7165.4,5,4,iPhone
5322,retained,11,10,31,1550,455,2,4102.3,3275.5,11,11,iPhone
5323,retained,67,63,96,2859,41,0,2857.9,1122.4,17,13,Android
5324,retained,23,23,362,3072,84,0,5562.5,3534.3,6,6,iPhone
5325,retained,63,51,81,1345,32,0,4759.3,2745.1,12,12,Android
5326,retained,48,39,254,1177,211,43,5528.3,2907.7,7,1,Android
5327,churned,58,47,126,288,192,51,3607.4,1036.3,21,13,iPhone
5328,retained,90,76,207,732,7,0,6210.2,4588.1,13,6,iPhone
5330,retained,437,367,466,130,3,0,9110.4,1829.1,25,17,iPhone
5331,retained,32,32,127,3460,12,58,2455.6,575.3,10,10,iPhone
5332,churned,195,158,287,1139,0,42,3641.0,1955.0,3,3,Android
5333,retained,0,0,404,2562,194,40,4389.2,1219.4,11,10,iPhone
5334,retained,6,5,47,519,691,46,6022.8,1450.0,13,12,Android
5335,retained,22,22,86,1326,29,89,2241.2,960.3,29,28,iPhone
5336,retained,5,4,60,1523,0,5,2881.8,984.3,26,19,iPhone
5337,retained,25,21,390,1502,49,25,2711.9,355.7,29,24,iPhone
5338,retained,214,171,353,3000,233,0,8226.5,4512.0,7,3,iPhone
5339,retained,89,71,229,2603,154,18,3046.5,1750.0,25,22,Android
5340,churned,9,8,39,1083,93,73,2190.4,1482.2,3,3,Android
5341,retained,4,4,168,3442,72,0,7571.7,5692.9,14,12,iPhone
5342,retained,23,21,87,1333,57,0,9037.4,7282.3,9,8,iPhone
5343,retained,50,50,120,2006,166,0,2680.4,1592.7,26,16,Android
5344,retained,180,144,440,843,0,107,7261.6,5595.0,27,19,iPhone
5345,retained,20,19,56,2318,76,0,4675.5,2002.7,23,16,iPhone
5346,churned,79,64,110,83,263,0,6413.0,4067.3,21,17,Android
5347,retained,23,19,296,1297,0,77,8544.5,6483.0,26,21,Android
5348,retained,120,98,124,2966,364,1,4232.4,785.3,21,19,Android
5350,retained,14,14,250,2496,59,0,4633.1,3752.5,14,11,iPhone
5351,churned,93,75,165,3182,355,35,5881.8,1688.4,5,0,iPhone
5354,retained,36,30,64,529,12,0,17611.9,4325.2,22,15,iPhone
5355,retained,67,54,143,2101,223,0,2583.6,2096.3,27,24,iPhone
5356,retained,31,28,85,88,84,30,4058.4,2116.0,14,14,iPhone
5357,retained,24,20,173,1381,6,0,3812.8,234.0,2,2,iPhone
5358,retained,87,87,122,331,48,29,5714.9,1323.1,17,12,Android
5359,retained,30,25,59,648,36,30,4213.5,894.7,13,13,Android
5360,retained,99,80,134,2350,71,0,3547.5,2645.6,9,3,iPhone
5361,retained,5,4,272,2663,89,10,4642.3,1228.0,5,5,iPhone
5362,retained,115,95,241,887,205,0,2306.6,875.0,19,12,Android
5363,retained,109,96,155,345,45,38,1419.2,206.5,23,15,iPhone
5364,retained,63,55,131,3262,0,92,1851.7,1240.1,12,11,Android
5365,churned,45,36,375,152,0,0,6856.7,5676.4,12,5,iPhone
5366,retained,120,96,189,2124,230,29,3287.3,1901.7,28,24,iPhone
5367,churned,28,26,230,819,126,2,2745.5,2191.4,4,2,Android
5368,retained,76,63,91,2743,240,0,2113.0,1232.0,14,14,Android
5369,retained,201,178,235,2993,17,0,7345.1,1955.3,28,27,Android
5370,retained,14,12,99,2466,357,0,6137.6,931.6,17,15,iPhone
5371,churned,214,171,412,315,0,0,845.0,703.5,26,24,Android
5372,retained,41,35,95,3176,105,92,3423.8,2544.1,4,4,Android
5373,retained,5,4,145,753,10,6,11067.7,1103.0,21,16,iPhone
5374,retained,8,8,113,3439,102,11,3161.9,1368.8,18,14,iPhone
5375,retained,15,12,98,1476,109,0,3022.2,1546.6,16,14,iPhone
5376,retained,63,52,91,1331,55,68,7129.3,2931.6,29,22,iPhone
5377,churned,8,8,23,1162,54,0,1685.7,700.0,4,2,iPhone
5378,retained,180,145,184,872,246,6,3440.2,2864.0,30,26,Android
5379,retained,206,170,360,451,0,54,1693.7,724.3,31,29,iPhone
5380,retained,174,139,194,380,63,0,3819.5,2382.6,27,18,iPhone
5381,retained,44,35,61,1483,186,9,4641.4,2934.2,24,16,iPhone
5382,churned,22,18,302,575,208,0,3736.1,693.2,6,6,iPhone
5383,retained,70,57,267,1516,4,0,1095.3,512.9,12,12,Android
5384,churned,170,157,565,799,0,0,6006.3,1002.3,20,13,iPhone
5385,retained,25,20,209,1786,24,11,1707.2,1158.5,12,12,Android
5386,retained,109,87,370,3250,51,33,2545.6,271.3,16,10,iPhone
5387,churned,101,83,118,786,97,0,4096.0,2267.8,3,0,iPhone
5388,retained,173,142,326,2558,205,0,3951.2,568.0,12,9,Android
5389,retained,28,24,72,1027,0,82,3003.6,891.3,10,10,iPhone
5390,retained,14,13,143,850,164,153,2729.7,2119.7,7,3,iPhone
5391,retained,24,20,54,3283,408,37,4509.6,2226.9,13,13,iPhone
5393,churned,54,45,129,541,97,3,701.3,530.9,1,0,iPhone
5394,retained,66,54,95,296,79,0,1214.7,368.3,19,17,iPhone
5395,retained,103,87,110,2365,443,26,7818.4,4156.0,30,26,iPhone
5396,churned,100,99,160,236,90,0,1974.5,400.7,10,6,iPhone
5397,churned,8,8,310,1320,9,0,5312.8,967.7,11,11,iPhone
5398,retained,25,21,189,158,168,22,2909.5,1307.2,31,29,iPhone
5399,retained,4,4,49,225,0,0,4002.2,384.0,4,0,Android
5400,retained,373,373,497,1610,265,30,1950.4,1263.4,30,28,iPhone
5401,retained,138,110,226,3432,179,0,1937.1,1522.1,23,16,iPhone
5402,retained,50,43,320,236,241,76,2675.3,2060.2,28,18,Android
5403,retained,4,4,22,3449,58,0,14442.3,3507.2,19,15,iPhone
5404,retained,27,23,45,2929,73,0,4716.5,1040.6,30,25,iPhone
5405,retained,118,118,124,2469,340,0,1312.6,357.2,4,1,iPhone
5406,retained,3,3,23,906,366,0,3533.6,903.2,5,1,iPhone
5407,retained,671,538,889,1958,137,95,3998.7,564.0,19,11,iPhone
5409,retained,62,54,103,1316,121,41,4091.5,188.8,12,12,Android
5410,retained,33,27,146,3025,262,0,4207.9,2025.8,18,12,Android
5411,retained,169,152,178,1285,0,12,1916.0,678.6,18,18,iPhone
5412,retained,64,53,245,1292,63,0,3176.9,2029.2,13,11,Android
5413,retained,38,38,196,901,0,13,1396.2,943.1,5,4,iPhone
5414,retained,92,76,258,1284,0,21,2510.4,1049.4,15,12,Android
5415,churned,106,93,470,117,105,50,3196.5,1770.0,7,4,iPhone
5416,retained,100,85,308,748,55,58,1879.2,1494.8,30,23,iPhone
5417,churned,23,19,128,3380,0,0,4482.2,1640.9,17,10,iPhone
5418,retained,100,81,344,1856,32,107,1579.9,1209.1,20,16,Android
5419,retained,134,108,215,2968,54,29,5013.4,1621.7,17,11,iPhone
5420,retained,23,19,94,1119,15,0,5200.4,2596.9,18,18,Android
5421,retained,73,73,87,3421,25,21,7555.4,4720.9,7,3,iPhone
5422,retained,62,54,142,3246,177,0,4702.9,2214.9,25,21,Android
5423,retained,65,52,84,3463,3,0,895.3,740.0,29,23,iPhone
5424,retained,13,12,114,3015,49,0,2353.8,201.8,27,18,iPhone
5425,retained,130,119,151,1597,236,4,1147.9,939.7,5,5,Android
5426,churned,28,28,476,678,202,13,3386.0,1562.1,7,2,Android
5427,churned,54,49,121,926,0,0,5186.2,2599.2,4,2,iPhone
5428,retained,117,94,196,2758,127,0,2183.7,913.9,18,17,iPhone
5429,churned,19,15,182,2861,0,28,2095.7,1201.9,30,26,Android
5431,churned,5,5,273,518,304,30,3042.5,1124.3,3,3,iPhone
5432,retained,10,10,31,278,0,0,5841.1,3494.1,27,21,iPhone
5433,retained,291,285,295,1872,413,0,7671.1,6298.2,16,12,iPhone
5434,retained,151,127,373,1711,28,0,2215.9,197.1,29,20,Android
5435,retained,30,25,229,803,126,24,3783.9,402.3,25,24,iPhone
5436,retained,50,40,94,2200,24,0,574.0,208.3,18,14,Android
5437,churned,21,18,219,498,0,0,1255.4,582.2,17,13,iPhone
5438,retained,60,49,165,2917,290,0,2645.5,746.4,18,10,iPhone
5439,retained,106,91,323,1973,437,81,4660.6,3480.4,26,23,Android
5440,retained,147,126,182,1200,218,6,1583.9,669.8,23,20,iPhone
5441,churned,48,39,109,1592,0,0,4714.3,3477.3,3,2,iPhone
5442,retained,5,5,65,2784,114,0,1212.6,885.8,16,16,Android
5443,retained,6,6,9,1012,195,55,2419.4,1757.5,20,20,iPhone
5444,retained,231,186,359,1443,0,38,4956.0,2328.0,3,0,Android
5445,retained,20,17,87,444,44,4,6059.1,2754.5,13,11,iPhone
5446,churned,66,53,93,1108,120,0,4404.1,2699.0,9,9,Android
5447,retained,26,21,69,863,0,0,4620.0,1613.2,2,1,iPhone
5448,retained,168,138,226,922,71,74,3474.5,1102.4,16,12,iPhone
5449,churned,72,58,240,1284,305,25,4162.5,2691.3,7,7,iPhone
5450,retained,39,33,107,1786,130,153,2553.9,1901.3,13,7,Android
5451,retained,22,20,108,1931,99,60,4176.0,3322.4,21,18,Android
5452,churned,13,13,81,537,76,0,2729.1,2157.2,5,3,iPhone
5453,churned,103,83,289,2008,405,16,3070.5,1898.6,6,6,iPhone
5454,retained,166,135,284,2566,0,0,5902.5,4697.7,19,14,Android
5455,retained,17,14,108,2767,114,79,819.2,169.9,12,7,iPhone
5456,churned,146,117,195,1710,278,84,1461.3,524.6,0,0,Android
5457,retained,101,81,535,1094,154,17,4591.0,786.7,11,10,iPhone
5458,retained,349,279,358,1718,195,117,8747.2,1542.8,22,22,iPhone
5459,churned,219,177,646,1340,28,75,11713.8,7019.7,10,8,iPhone
5460,retained,262,211,347,222,0,0,1137.7,812.7,7,7,iPhone
5461,churned,7,7,115,1012,57,161,6625.6,844.6,10,7,iPhone
5462,retained,70,58,359,3117,245,25,3577.3,1717.1,27,27,iPhone
5463,retained,101,81,276,1167,0,0,5433.8,956.8,4,2,Android
5464,retained,61,49,219,1416,1,69,1216.0,761.6,18,15,Android
5465,retained,277,229,361,291,0,0,4874.0,3161.5,15,15,iPhone
5466,churned,64,58,68,3496,0,30,2534.2,1851.4,10,4,iPhone
5467,retained,43,34,760,1858,29,0,4207.4,2167.5,12,11,iPhone
5468,churned,40,33,47,2078,59,6,3171.5,2086.3,13,7,Android
5469,retained,7,7,573,2212,94,0,5845.4,3666.8,27,26,Android
5470,churned,54,48,106,1108,0,50,4319.1,1214.1,15,9,Android
5471,retained,1,1,159,4,0,0,3308.1,827.2,1,1,Android
5472,retained,138,110,146,2420,0,0,3039.5,1960.5,1,0,iPhone
5473,retained,115,92,349,699,52,0,3324.7,1927.8,25,24,iPhone
5474,churned,32,32,49,329,55,0,2670.4,1536.0,12,9,Android
5475,retained,9,9,185,1609,67,49,1722.4,1156.6,21,20,iPhone
5477,retained,129,105,248,1783,409,74,1604.4,498.1,24,24,iPhone
5478,retained,72,62,197,2305,2,0,4932.5,1778.2,7,6,iPhone
5480,retained,124,99,251,2311,51,0,1421.0,413.4,10,8,iPhone
5482,retained,95,89,112,119,9,57,4285.7,2017.9,7,2,iPhone
5483,retained,10,8,12,3024,449,2,575.0,357.5,19,13,Android
5484,retained,21,21,25,1351,50,20,3018.7,590.7,29,19,Android
5485,churned,128,128,246,1257,159,0,2913.1,1954.6,7,7,iPhone
5486,retained,12,12,116,2217,121,0,1646.6,1059.7,2,1,iPhone
5487,retained,290,235,349,2968,242,0,2147.1,1350.3,24,23,Android
5488,retained,56,53,61,3147,0,295,3398.1,1730.7,16,10,iPhone
5489,churned,76,62,95,1846,47,0,9805.1,7304.5,12,6,Android
5490,retained,137,110,149,2055,0,0,5245.3,3074.9,29,22,Android
5491,retained,2,2,95,3447,0,1,1619.5,1111.5,4,2,Android
5492,churned,75,62,186,1054,0,0,9390.9,6689.9,4,3,iPhone
5493,retained,127,102,302,1901,0,0,6131.9,2762.8,4,0,iPhone
5494,retained,41,35,137,394,2,90,2861.7,1240.4,28,18,iPhone
5495,retained,18,15,120,1324,85,0,2737.6,279.4,5,4,Android
5496,retained,205,165,501,2546,197,104,3302.3,1910.2,17,14,iPhone
5497,retained,84,69,185,1375,56,0,6234.8,909.3,11,10,iPhone
5498,retained,120,120,164,1681,18,5,13179.2,4783.6,23,17,Android
5499,retained,157,126,223,1750,52,4,1787.9,1054.0,3,3,iPhone
5500,retained,119,97,168,3250,458,0,6194.9,1032.6,20,18,iPhone
5501,retained,180,145,189,3300,4,17,2313.8,275.7,17,12,Android
5502,retained,94,77,215,1558,492,8,1771.2,253.3,12,12,Android
5503,retained,9,8,35,2587,476,7,3484.4,2335.6,29,20,Android
5504,retained,101,81,114,1718,234,69,3516.2,1820.5,7,7,Android
5505,retained,34,27,61,329,334,16,1885.6,870.5,30,26,iPhone
5506,retained,260,215,320,1076,0,0,1401.0,255.1,20,17,iPhone
5507,retained,34,28,102,682,106,0,1996.2,1658.7,28,21,iPhone
5508,churned,161,129,234,1393,139,75,7448.6,2214.5,14,8,iPhone
5509,retained,76,61,97,2458,0,103,9831.0,4526.8,17,17,iPhone
5510,retained,150,120,342,822,12,0,1961.8,1276.5,22,20,Android
5511,retained,64,51,97,599,208,16,606.5,114.6,20,11,Android
5512,retained,47,38,259,2710,192,59,4496.6,3310.9,12,12,Android
5513,retained,23,23,297,2910,35,0,2653.2,1720.1,5,0,Android
5514,retained,2,2,134,1974,165,88,3124.5,988.8,21,21,Android
5515,retained,95,77,111,2894,0,0,865.1,549.6,11,4,iPhone
5516,retained,47,38,128,759,40,0,2037.0,606.6,29,21,Android
5517,retained,148,119,264,3024,0,0,5181.6,1250.5,9,8,iPhone
5518,retained,63,53,140,1028,135,50,2053.8,1255.5,20,16,Android
5519,retained,141,114,170,1742,420,4,6008.3,3817.8,19,19,Android
5520,retained,40,33,148,992,28,0,4396.0,1420.8,23,15,Android
5521,churned,53,43,115,1242,31,0,7883.6,2435.2,2,2,iPhone
5522,retained,154,124,240,766,73,57,5557.5,157.1,16,9,Android
5523,retained,13,11,82,2122,0,98,4119.3,2176.7,22,14,iPhone
5524,retained,16,16,267,3433,132,0,2089.6,700.3,6,6,Android
5526,retained,35,28,405,22,508,5,7340.4,841.7,8,8,iPhone
5527,retained,115,98,269,969,126,5,3954.6,1636.6,4,1,Android
5528,retained,29,24,139,1061,49,25,7828.6,2625.1,29,26,iPhone
5529,retained,53,47,168,2709,0,78,1944.9,1226.5,21,14,iPhone
5530,retained,131,105,210,697,0,0,5595.1,2985.4,27,25,iPhone
5531,retained,93,75,97,1144,288,73,5714.6,4214.6,20,17,Android
5533,retained,73,64,391,1813,34,0,3335.2,844.7,27,24,iPhone
5534,retained,3,3,100,3378,0,59,4852.3,1506.6,17,17,iPhone
5535,retained,6,5,243,2288,0,84,5731.3,1134.8,20,15,Android
5536,churned,408,341,510,682,0,0,1298.7,1029.9,3,3,Android
5537,retained,244,231,466,32,249,71,2921.5,651.5,30,27,Android
5538,retained,151,121,240,762,70,11,4223.5,2399.2,30,21,Android
5539,retained,15,12,89,820,117,56,1916.8,820.2,10,8,iPhone
5540,retained,138,111,287,1479,0,0,1793.5,812.2,20,17,iPhone
5541,retained,115,92,126,1402,90,54,5099.7,2672.0,8,7,Android
5542,retained,18,16,56,191,214,35,4539.6,1935.2,31,27,Android
5543,retained,101,90,115,1762,83,0,1582.8,782.5,15,13,Android
5544,churned,154,123,253,686,106,21,3206.1,1579.7,4,3,Android
5545,retained,9,9,89,1821,0,4,6120.2,2317.7,11,11,iPhone
5546,retained,42,34,479,2200,517,0,6433.7,3826.7,9,8,iPhone
5547,retained,90,75,419,1324,0,0,3197.2,1324.7,18,13,Android
5548,churned,143,115,443,2344,33,0,1656.5,1228.7,24,16,iPhone
5549,retained,11,10,29,1455,0,46,2592.9,1559.9,20,19,iPhone
5550,retained,100,100,199,1587,485,0,3673.7,1864.4,4,2,Android
5552,retained,26,21,73,2768,163,0,2366.0,900.2,15,13,Android
5553,retained,25,25,224,1220,140,0,2445.3,753.6,7,4,iPhone
5554,retained,12,11,339,890,111,0,14299.3,4348.4,13,10,iPhone
5555,retained,34,28,46,3049,51,33,6797.6,3457.3,6,6,Android
5556,retained,156,126,230,2866,89,17,4794.6,2978.8,23,19,iPhone
5557,retained,2,2,18,2582,39,0,10908.0,6885.3,17,13,iPhone
5558,retained,184,147,321,617,208,0,1356.7,1001.5,29,19,Android
5559,retained,77,62,108,2329,0,0,4391.2,1178.3,1,1,iPhone
5560,retained,21,17,202,2733,12,27,1605.5,594.1,5,5,iPhone
5561,retained,60,54,191,777,0,8,4214.9,2577.4,12,12,iPhone
5562,churned,9,8,24,291,612,22,4257.9,2552.1,13,13,Android
5563,retained,84,67,93,1781,263,52,3324.3,933.5,18,10,iPhone
5564,churned,100,80,139,1586,33,46,8309.1,3111.6,1,1,iPhone
5565,retained,20,16,134,2625,0,25,863.5,705.0,13,8,Android
5566,retained,91,91,202,2531,40,16,11372.9,1938.0,1,1,iPhone
5567,retained,69,58,331,3453,0,37,4498.2,2349.8,23,19,iPhone
5568,churned,47,42,58,3310,25,105,4199.9,2224.0,0,0,iPhone
5569,retained,240,194,438,2848,13,15,6405.3,5265.5,25,19,Android
5570,churned,117,99,200,1732,700,46,5233.7,2290.3,3,0,iPhone
5571,retained,80,65,242,1471,111,41,2717.1,1604.4,26,21,iPhone
5572,retained,85,83,104,2253,0,18,1420.2,456.4,30,24,Android
5573,retained,50,40,120,3296,0,7,5040.2,1718.4,23,15,iPhone
5574,retained,164,134,334,2189,193,0,1356.4,512.5,30,25,iPhone
5575,retained,144,115,151,3308,20,53,1847.3,551.0,24,21,Android
5576,retained,30,30,32,399,36,9,4992.1,3947.1,11,11,Android
5577,retained,55,55,122,2015,42,0,1090.3,868.0,21,14,Android
5578,churned,4,4,29,493,375,35,3427.6,1181.8,16,13,Android
5579,retained,32,26,84,889,0,0,3290.6,1559.9,3,2,iPhone
5580,churned,102,82,125,2921,246,55,2094.2,1666.1,13,12,iPhone
5581,retained,152,123,155,2253,0,135,5843.7,3435.8,15,13,iPhone
5582,retained,5,5,190,2689,296,7,3597.6,879.0,26,16,Android
5583,retained,44,39,693,767,231,0,1019.0,654.8,19,17,iPhone
5584,churned,80,64,89,2902,407,25,5169.1,4296.0,8,2,iPhone
5585,retained,65,56,73,3395,55,20,3182.7,547.2,1,0,Android
5586,retained,163,132,195,1055,6,82,1303.9,539.9,7,3,Android
5588,retained,236,189,241,434,45,59,3579.8,1290.3,28,24,iPhone
5589,retained,41,33,55,2023,145,0,1793.9,268.6,29,23,iPhone
5590,retained,123,99,296,348,0,1,1512.8,780.6,5,0,iPhone
5591,churned,21,17,34,2524,258,70,956.3,715.0,10,6,iPhone
5592,retained,181,145,258,3240,12,0,2734.2,1867.1,11,11,iPhone
5593,retained,65,54,120,689,25,18,5103.6,1448.4,30,24,Android
5594,churned,154,124,168,1789,162,0,482.4,360.2,4,0,Android
5595,retained,42,34,138,1657,0,4,2643.8,1905.0,0,0,Android
5597,churned,98,79,303,1419,718,20,2416.8,1820.6,1,1,iPhone
5598,churned,204,167,361,1398,6,21,6859.7,3943.0,2,2,iPhone
5599,churned,35,29,78,1973,0,0,4978.8,3774.4,2,1,iPhone
5600,churned,79,64,162,1975,0,25,5710.4,1092.6,10,10,iPhone
5601,churned,32,26,133,1442,62,74,8405.3,4271.2,8,5,iPhone
5602,retained,154,125,256,1159,211,17,16321.7,542.5,0,0,Android
5603,churned,97,78,440,1607,51,0,414.6,155.7,13,10,iPhone
5604,retained,54,44,168,3221,380,0,6150.6,2123.4,22,13,iPhone
5605,retained,234,198,403,2632,0,65,2779.4,1274.8,20,16,Android
5606,retained,202,162,349,2530,690,59,3272.2,689.4,24,22,iPhone
5607,retained,103,88,352,1175,111,0,3051.9,1246.5,22,14,Android
5608,retained,33,27,97,3325,221,0,8076.0,5000.9,20,12,Android
5609,retained,12,12,44,1711,10,6,3913.3,2164.8,24,17,iPhone
5610,retained,77,65,126,1740,31,152,1331.7,946.3,6,3,iPhone
5612,retained,47,38,324,376,0,69,760.4,628.1,19,18,iPhone
5613,retained,245,197,482,2613,105,6,3555.5,1018.2,7,7,Android
5615,retained,53,44,283,579,104,0,890.9,560.4,29,24,iPhone
5616,retained,17,13,143,3141,163,0,3036.0,1630.8,26,22,iPhone
5617,retained,69,55,77,3152,0,94,5930.6,1054.9,31,25,iPhone
5618,retained,166,138,223,1136,113,0,5825.4,4450.0,14,8,iPhone
5619,churned,158,126,262,2865,112,20,3791.7,1175.6,16,16,iPhone
5620,retained,133,115,187,1857,26,45,9354.1,3530.9,20,13,Android
5621,retained,106,85,137,2564,471,19,1710.7,953.8,3,0,iPhone
5622,retained,35,35,52,399,1,0,1211.0,591.7,29,24,iPhone
5623,retained,26,22,45,3130,126,21,1983.3,668.0,16,10,Android
5624,churned,178,149,678,3246,148,16,2825.0,1455.2,25,20,iPhone
5625,churned,3,3,142,133,14,9,5349.1,2314.6,10,3,iPhone
5626,retained,21,18,40,1857,0,155,1698.2,1185.7,16,12,Android
5627,retained,54,44,58,2927,4,72,2427.9,1388.6,6,3,iPhone
5628,churned,230,211,295,2094,0,46,3594.7,1327.8,9,4,iPhone
5629,retained,7,7,61,2849,0,13,1453.4,722.6,0,0,Android
5630,retained,44,37,260,170,106,39,5492.6,1499.2,2,2,iPhone
5631,churned,42,35,90,1393,0,45,2133.7,1212.9,25,21,iPhone
5632,retained,158,131,222,3220,149,0,2339.7,1707.6,29,19,iPhone
5633,retained,203,167,216,276,11,7,1971.0,1071.2,26,24,iPhone
5634,retained,58,58,213,490,79,0,4164.5,2654.3,15,10,Android
5635,retained,28,23,222,99,139,14,4382.4,1245.3,18,17,iPhone
5636,retained,12,10,130,3121,204,274,3384.2,2234.9,3,3,iPhone
5637,retained,54,44,94,935,0,0,2221.3,1299.2,19,14,Android
5638,retained,75,60,130,513,0,48,14240.0,11328.7,16,8,iPhone
5639,retained,7,7,62,1983,0,0,2686.2,1819.3,1,0,iPhone
5640,retained,93,89,238,794,28,177,2783.1,1601.4,14,7,iPhone
5641,retained,241,193,261,1041,302,0,3035.8,2445.3,16,16,iPhone
5642,retained,36,36,187,2846,362,3,6324.6,5000.5,13,9,Android
5643,retained,41,36,98,2700,110,4,1556.7,618.8,30,28,iPhone
5644,retained,138,113,161,755,135,65,2784.0,1502.5,7,3,Android
5646,retained,63,51,216,531,259,0,2871.0,1479.4,23,22,Android
5647,retained,32,28,116,2120,36,45,5592.8,3743.7,11,10,Android
5648,retained,98,79,363,1583,0,0,3204.6,1113.6,1,0,Android
5649,retained,99,81,113,3382,0,0,6560.3,2548.7,24,16,iPhone
5650,retained,49,40,83,1836,194,9,3901.5,2829.7,10,8,iPhone
5651,retained,320,256,328,2816,127,4,1557.6,953.3,31,29,iPhone
5652,retained,57,45,227,2284,252,0,2794.6,1880.1,19,19,iPhone
5653,retained,18,18,166,3492,146,51,9519.1,6285.8,5,1,iPhone
5654,retained,107,107,263,1253,21,20,1270.6,633.6,19,12,iPhone
5655,retained,63,57,79,3366,0,86,5115.1,3950.6,26,26,iPhone
5656,retained,6,6,176,1392,62,0,479.4,319.5,1,0,iPhone
5657,retained,144,115,208,1138,18,0,3783.3,3115.6,17,9,Android
5658,churned,46,37,55,968,46,0,9105.2,2425.6,0,0,Android
5659,retained,252,209,390,379,104,0,12396.0,675.7,22,21,Android
5660,retained,121,99,149,2879,441,23,3383.1,2551.8,17,11,iPhone
5661,retained,40,40,136,1752,110,0,2044.6,1432.0,27,23,iPhone
5662,retained,73,73,114,2447,23,0,2810.6,1353.1,19,18,iPhone
5664,retained,80,68,270,512,129,0,5210.5,3266.4,25,19,Android
5665,retained,124,104,177,964,88,0,2195.5,768.0,16,16,Android
5666,retained,226,183,282,1540,0,0,3283.9,1239.5,15,11,iPhone
5667,retained,127,102,150,1998,71,37,1617.2,1141.0,13,11,iPhone
5668,churned,84,73,193,478,61,0,7643.3,289.2,3,3,iPhone
5669,retained,108,88,284,471,26,0,2629.1,867.1,7,4,Android
5670,retained,9,7,181,902,441,6,1497.8,682.7,25,18,iPhone
5671,retained,45,37,60,617,148,0,3402.0,1549.4,29,19,Android
5672,retained,17,14,24,862,170,33,3858.1,2746.7,11,11,Android
5674,retained,35,29,40,2848,429,90,3441.3,1564.4,29,26,Android
5675,retained,75,75,235,523,43,56,3215.3,1900.6,20,20,iPhone
5676,retained,31,25,110,1767,283,0,2168.9,864.3,18,15,iPhone
5677,retained,24,21,97,1847,41,14,3318.5,1788.5,2,0,iPhone
5678,retained,207,166,260,2926,469,0,2435.2,1151.9,22,14,Android
5679,retained,46,41,56,2069,0,72,3364.9,1131.3,24,23,iPhone
5680,retained,138,114,209,1688,57,2,1391.6,975.1,14,10,iPhone
5681,retained,204,167,231,916,0,0,3795.2,880.5,4,4,iPhone
5682,retained,4,3,126,1388,292,91,2043.9,1612.3,27,19,iPhone
5683,retained,51,43,100,2305,6,0,2454.5,2016.8,16,16,Android
5684,retained,180,146,248,2673,31,50,4730.4,3620.8,0,0,iPhone
5685,retained,2,2,153,1569,0,4,1117.8,799.6,7,6,iPhone
5686,churned,199,161,202,1068,510,125,4767.7,2937.9,14,6,Android
5687,retained,53,43,145,350,348,0,4139.9,879.8,29,23,iPhone
5688,retained,15,12,105,2947,49,37,4788.4,1144.5,23,23,iPhone
5689,churned,98,80,176,1658,500,85,5008.9,1838.4,24,22,Android
5690,retained,36,30,329,1131,82,0,2873.2,1769.0,16,14,iPhone
5691,retained,5,4,131,564,59,0,4552.3,2765.0,11,6,iPhone
5692,retained,37,30,143,2125,8,0,5484.9,2184.4,4,0,iPhone
5693,retained,0,0,179,2561,35,6,3826.8,1741.8,20,16,iPhone
5694,retained,59,59,83,2951,30,7,2582.1,1289.1,24,19,Android
5695,retained,122,122,137,1524,12,0,10205.3,2123.4,20,20,Android
5696,churned,33,26,55,1653,213,0,1053.0,804.7,18,11,iPhone
5697,retained,14,14,282,1222,71,24,3241.1,457.0,7,7,Android
5698,retained,362,297,386,1195,33,0,2626.0,1593.8,13,13,iPhone
5699,churned,281,227,389,572,104,24,6050.3,1988.8,29,26,iPhone
5700,churned,62,50,104,591,211,0,5622.2,3896.1,3,2,Android
5701,retained,134,107,147,1307,214,82,3829.5,1595.2,2,0,iPhone
5702,retained,9,7,322,140,354,15,1540.0,963.5,17,17,iPhone
5703,retained,328,266,371,1533,90,18,4734.6,2016.1,13,7,iPhone
5705,retained,305,245,423,104,0,41,3150.6,1220.3,22,19,iPhone
5706,retained,13,12,129,2373,0,61,7880.8,618.7,18,11,Android
5707,retained,14,14,139,1967,128,19,4209.4,2813.3,13,10,iPhone
5708,retained,23,18,59,67,63,0,14474.6,7608.6,9,7,iPhone
5709,retained,68,55,122,3370,143,0,4477.3,1472.4,13,9,iPhone
5710,retained,105,99,252,2440,67,0,9107.3,2468.0,21,17,iPhone
5711,retained,12,11,241,1725,98,6,2223.3,453.9,1,1,Android
5712,retained,28,28,157,2620,7,48,12920.9,4484.3,16,8,Android
5713,retained,233,188,236,2282,285,72,2252.6,723.7,30,28,iPhone
5714,retained,62,50,133,513,68,85,2094.8,1607.3,3,3,Android
5715,retained,4,4,11,484,347,34,6327.7,2395.4,11,6,iPhone
5716,retained,46,37,170,1100,0,53,4448.6,1211.6,25,19,iPhone
5717,retained,231,186,336,2688,25,0,2333.2,558.9,24,20,iPhone
5719,churned,1,1,26,713,0,43,4060.1,2362.2,6,1,iPhone
5720,retained,40,35,367,1388,118,19,4286.3,1670.6,22,22,iPhone
5721,churned,23,18,236,1789,79,63,2864.1,683.3,19,16,iPhone
5722,retained,39,39,42,2761,174,0,3963.0,3039.2,26,21,Android
5724,churned,55,47,157,442,23,18,3133.2,1067.8,11,7,Android
5725,churned,14,14,93,3259,101,14,3141.0,2084.7,3,3,iPhone
5726,churned,255,208,364,1932,75,0,1913.2,1222.3,13,6,iPhone
5727,retained,72,66,103,1618,0,10,1822.4,702.6,28,25,Android
5728,retained,50,41,159,1504,3,93,6915.7,2249.7,25,20,iPhone
5729,retained,14,11,246,153,449,18,6924.9,1133.3,22,19,iPhone
5730,retained,128,103,299,2822,52,0,4200.0,2985.4,7,7,iPhone
5731,churned,185,165,371,127,2,0,4696.8,1333.4,1,1,Android
5732,retained,5,4,69,1827,17,0,5258.6,671.4,1,0,iPhone
5733,retained,71,64,164,3253,296,38,1870.3,1404.6,6,6,iPhone
5734,retained,15,15,178,2805,146,40,1380.1,806.1,26,24,Android
5735,retained,343,274,465,2099,21,0,760.5,478.9,3,3,iPhone
5736,retained,27,22,69,3454,0,18,4463.0,3715.2,5,5,iPhone
5737,retained,28,28,63,2202,290,0,6948.8,3221.8,16,14,iPhone
5738,retained,25,25,300,2912,0,4,4850.4,1490.4,21,14,Android
5739,retained,291,237,518,2654,17,23,3855.4,581.4,17,11,iPhone
5740,retained,3,3,360,2667,16,3,4310.9,560.6,19,14,iPhone
5741,churned,8,6,80,1234,166,0,1850.5,834.6,2,0,Android
5742,retained,9,9,31,3178,122,93,1962.7,1339.9,10,8,iPhone
5743,retained,72,59,105,186,134,10,1521.0,721.6,19,17,Android
5744,retained,113,91,168,3306,52,0,2748.0,1618.2,7,1,Android
5745,retained,43,35,271,1576,234,0,1124.0,908.6,6,6,iPhone
5746,churned,18,15,42,2185,202,0,4711.3,526.0,0,0,iPhone
5747,retained,25,22,87,1536,175,0,3409.0,1697.8,21,19,iPhone
5748,retained,55,47,313,21,211,0,4561.9,2987.3,17,11,iPhone
5750,retained,31,25,192,1671,1,0,4276.9,501.6,21,17,iPhone
5751,retained,88,71,190,1739,472,0,4117.8,1302.8,20,20,iPhone
5753,retained,28,23,268,1011,263,0,3342.8,1466.4,16,15,iPhone
5754,retained,27,23,79,275,115,0,3719.8,1506.9,8,5,iPhone
5755,retained,204,165,422,375,315,30,1654.8,318.1,23,20,Android
5756,retained,79,69,87,3114,102,10,6675.7,1542.5,28,20,Android
5758,retained,2,2,14,2402,0,12,1447.4,588.0,14,10,iPhone
5759,retained,39,33,80,2252,27,4,1733.3,64.1,11,8,iPhone
5760,retained,4,3,46,796,123,105,2411.4,1221.0,18,16,Android
5761,retained,117,94,416,731,634,1,3324.2,1923.0,29,26,iPhone
5762,retained,63,63,173,966,12,0,1589.6,909.5,18,18,iPhone
5763,retained,61,61,183,985,75,0,2202.7,1255.3,5,2,Android
5764,retained,1,1,176,1993,0,57,8560.3,5325.8,5,5,iPhone
5765,retained,143,115,203,48,54,24,742.7,415.1,28,26,iPhone
5766,retained,39,31,128,3410,22,3,5315.3,1182.9,21,13,iPhone
5767,retained,21,19,255,2821,0,0,5990.8,1001.0,2,0,iPhone
5768,retained,272,219,366,2399,54,19,4191.8,483.8,22,15,iPhone
5769,retained,8,8,49,2900,75,0,3661.2,2305.6,27,21,Android
5770,churned,104,104,110,1135,123,0,6085.7,2227.0,14,9,iPhone
5771,retained,70,60,293,1924,70,58,3841.0,2404.5,23,17,Android
5772,retained,18,14,102,2454,0,0,4718.3,567.6,23,20,Android
5773,retained,18,15,82,682,0,0,2831.9,347.1,8,5,iPhone
5774,retained,69,56,80,1405,96,0,4088.4,1189.2,18,14,Android
5775,retained,42,34,84,534,0,0,5975.4,4495.6,9,5,Android
5777,retained,261,210,262,2797,170,43,2254.1,1620.6,17,17,Android
5778,retained,48,39,201,2694,107,8,2126.3,988.1,30,20,iPhone
5779,retained,2,1,172,2862,62,28,1502.4,705.5,8,6,iPhone
5781,retained,153,123,473,1032,0,0,1132.7,779.9,3,0,iPhone
5783,retained,61,49,240,101,79,2,7077.8,5060.0,25,22,iPhone
5784,retained,5,5,148,336,0,123,1743.4,46.4,15,8,Android
5785,retained,81,66,93,2137,127,9,1720.9,480.6,6,2,iPhone
5786,retained,21,21,130,2475,131,0,2690.6,1400.9,19,11,Android
5787,retained,106,85,136,2286,0,34,2880.3,2354.6,20,16,Android
5788,retained,1,1,29,2240,13,17,4835.7,3614.9,20,19,Android
5789,retained,33,27,299,1485,341,0,1551.8,651.1,28,25,Android
5790,churned,81,65,131,1287,364,0,949.7,209.7,2,2,iPhone
5791,retained,14,14,29,2968,0,0,3930.3,1615.8,6,6,Android
5792,retained,97,79,162,1797,250,63,5287.3,3826.8,11,6,Android
5793,retained,44,35,49,1326,0,2,5579.0,2882.5,1,0,iPhone
5794,churned,8,7,108,2961,55,17,1659.1,640.6,21,15,Android
5795,retained,15,15,172,1500,20,1,5187.9,2578.8,20,12,Android
5796,churned,74,61,101,57,295,63,2785.3,2217.1,8,2,iPhone
5797,churned,358,287,451,2735,51,54,1811.6,615.6,2,0,Android
5798,churned,17,14,126,2639,48,9,4585.2,394.3,10,8,Android
5799,retained,274,220,329,1442,447,46,5893.8,3641.4,26,23,Android
5800,retained,93,76,110,461,418,21,7301.9,2915.3,17,14,Android
5802,churned,50,40,128,788,0,7,3244.5,1451.2,14,9,iPhone
5803,retained,88,81,175,2163,0,83,2688.8,1190.9,13,8,iPhone
5804,retained,414,364,489,2165,0,24,3299.8,437.0,3,3,iPhone
5805,retained,40,32,138,3360,158,0,3626.0,2791.1,19,14,Android
5806,churned,144,144,253,925,168,0,2314.6,1767.6,15,10,Android
5807,retained,58,46,116,1333,142,0,2176.4,1689.0,21,17,iPhone
5808,churned,73,60,597,519,43,0,5443.3,574.3,22,16,iPhone
5809,retained,50,40,145,179,277,46,6156.7,5023.9,26,21,iPhone
5810,retained,12,12,49,1131,8,0,2057.9,1364.8,17,17,Android
5811,retained,15,14,194,997,301,41,924.0,634.7,27,18,iPhone
5812,retained,2,2,79,933,67,22,1681.1,1314.5,22,19,Android
5813,retained,18,15,130,1939,187,25,2627.9,1570.2,24,15,iPhone
5814,retained,175,141,262,1841,0,0,2694.5,1896.3,27,22,Android
5815,retained,194,157,251,2228,8,171,3567.9,1934.7,5,4,iPhone
5816,retained,54,44,67,1533,49,53,6259.6,299.4,24,21,iPhone
5817,retained,17,14,169,835,58,0,1564.3,871.4,12,6,iPhone
5818,churned,179,148,194,1068,0,0,4760.0,2152.4,18,16,iPhone
5819,retained,23,18,181,423,0,0,4064.0,2631.7,30,28,iPhone
5820,churned,1,1,10,1269,229,26,8384.0,3163.6,23,14,iPhone
5821,retained,16,13,148,1929,227,97,1315.4,687.6,11,11,iPhone
5822,retained,131,105,314,2689,30,42,911.8,430.3,26,25,iPhone
5823,churned,239,199,239,473,119,1,1433.4,1182.6,20,18,Android
5824,retained,53,53,88,1002,201,0,5293.3,949.0,4,1,iPhone
5825,retained,32,26,238,3049,0,0,2599.4,1107.3,4,1,iPhone
5826,churned,45,45,138,638,66,28,6503.9,1426.1,19,14,Android
5827,retained,24,19,137,466,0,3,4866.0,2751.8,21,18,Android
5828,churned,134,111,147,1910,0,34,12496.8,6658.9,6,1,iPhone
5829,retained,54,43,95,1125,196,0,2843.0,1338.7,28,26,iPhone
5830,retained,8,7,113,213,0,0,5652.4,4010.8,5,1,iPhone
5832,retained,207,169,263,2617,0,21,4342.5,1831.8,4,2,Android
5833,retained,118,103,312,26,25,0,4676.7,3866.3,26,20,Android
5834,retained,9,9,136,3229,107,144,2447.3,1814.6,12,11,iPhone
5835,retained,105,84,429,3466,0,16,4422.8,233.8,27,18,iPhone
5836,retained,180,144,525,3489,173,0,2281.0,863.8,20,11,iPhone
5837,churned,69,56,84,2899,240,180,4049.1,2678.9,5,5,Android
5838,retained,7,6,181,3022,0,94,2911.1,2290.6,28,19,Android
5839,retained,6,5,55,2555,20,34,7784.8,3652.6,7,7,Android
5840,retained,210,169,302,3211,224,73,3248.9,937.2,20,20,iPhone
5841,churned,7,7,119,144,18,0,3517.9,2891.3,1,1,Android
5843,retained,152,122,410,740,107,15,13053.3,6182.0,26,18,Android
5844,retained,91,73,120,2353,521,0,3898.9,2224.3,6,4,iPhone
5845,retained,53,53,129,2385,65,0,6115.6,1410.1,10,4,Android
5846,retained,24,24,199,247,23,0,6021.9,961.7,24,23,iPhone
5847,retained,68,68,147,784,20,145,3312.8,1759.6,18,18,iPhone
5848,retained,42,42,48,2840,29,0,1814.4,383.1,23,23,iPhone
5849,retained,46,40,75,3421,298,9,4494.4,645.6,25,16,iPhone
5850,churned,85,85,372,294,81,0,5732.8,1154.4,3,0,iPhone
5852,retained,16,14,148,3109,30,0,627.3,299.3,16,11,Android
5853,retained,90,73,221,2598,0,0,1040.7,362.2,16,12,iPhone
5854,retained,133,106,304,1557,63,0,6840.2,2531.2,17,15,Android
5855,churned,14,11,206,298,101,33,1791.9,480.0,10,5,iPhone
5856,retained,83,83,125,3188,116,8,11959.0,8717.5,16,12,Android
5857,retained,22,19,182,1729,148,0,4823.2,1301.9,30,19,Android
5858,retained,75,60,79,1398,66,160,5589.5,1193.5,15,13,iPhone
5859,retained,93,84,198,2682,0,34,1181.0,701.5,27,26,iPhone
5860,retained,13,10,163,2215,61,0,6502.2,185.0,13,5,iPhone
5861,retained,86,69,360,2131,418,19,4269.9,1213.3,27,20,iPhone
5862,churned,81,66,273,1574,161,55,6423.1,4672.5,10,6,Android
5863,churned,33,27,152,2614,0,146,4660.8,2253.6,8,5,iPhone
5864,retained,2,2,55,496,254,4,3279.7,2024.4,23,18,iPhone
5865,retained,59,48,192,787,34,6,2532.3,901.5,15,10,iPhone
5866,retained,48,39,77,27,13,7,9193.5,1356.8,26,19,Android
5867,retained,16,14,94,3049,325,5,2439.5,1692.8,18,12,iPhone
5868,retained,78,62,297,1038,11,0,3094.4,1095.8,22,17,Android
5869,retained,15,13,458,1572,0,38,2199.1,917.6,8,6,Android
5870,churned,1,1,49,1537,24,0,7080.8,3644.1,4,2,iPhone
5871,retained,11,9,43,2796,0,92,4176.1,1263.4,26,23,Android
5872,retained,35,35,113,2076,55,77,4912.7,1393.3,9,9,iPhone
5873,retained,14,11,178,1094,0,130,885.2,367.4,16,16,Android
5874,retained,44,38,55,2434,60,143,9153.5,2213.9,19,15,iPhone
5875,retained,31,25,80,1498,314,0,2560.5,1639.1,5,0,iPhone
5876,retained,105,84,257,2840,264,38,8640.9,3994.7,5,5,iPhone
5877,retained,253,208,286,3445,4,29,6101.4,2215.2,30,25,iPhone
5878,churned,72,64,85,72,473,59,2018.2,1271.8,22,13,iPhone
5879,retained,41,35,46,2069,145,78,5455.8,4374.7,30,24,Android
5881,retained,74,74,89,3136,434,0,2944.7,432.4,12,11,iPhone
5882,churned,22,22,76,1059,95,189,4766.4,2782.1,14,8,Android
5883,retained,139,112,191,239,41,13,3582.5,2917.7,6,2,iPhone
5884,retained,4,4,87,3159,225,0,1799.6,731.3,5,5,iPhone
5885,retained,44,41,539,2969,53,0,7319.2,5632.7,14,12,Android
5886,retained,129,105,265,110,0,5,2366.0,1376.4,24,21,iPhone
5887,churned,17,17,80,112,0,0,2288.3,1014.1,28,20,iPhone
5888,retained,46,46,117,1132,341,0,1979.1,1585.8,9,9,Android
5889,retained,147,118,257,1945,595,44,5845.4,4568.2,7,7,iPhone
5890,retained,37,29,54,1622,292,61,1736.9,853.9,20,13,Android
5891,retained,40,34,80,2670,15,0,1584.6,318.0,1,1,Android
5892,retained,3,3,591,1430,384,0,991.4,811.3,16,9,iPhone
5893,retained,116,93,120,1831,166,20,2797.2,312.2,22,13,iPhone
5894,retained,32,26,146,711,46,78,2936.0,1250.6,3,2,iPhone
5895,retained,671,546,839,1304,162,10,3204.1,1625.8,20,11,iPhone
5897,retained,138,110,175,1984,0,16,3744.5,2590.9,5,1,iPhone
5898,retained,48,39,186,2722,30,36,3317.2,633.8,15,14,iPhone
5899,retained,12,12,164,963,0,59,5694.3,602.6,29,20,iPhone
5900,retained,23,19,283,3439,261,0,5306.4,3544.7,10,10,iPhone
5901,retained,45,43,469,3342,274,0,2287.1,1865.3,22,20,iPhone
5902,retained,91,73,138,154,290,0,2789.4,1906.3,8,3,Android
5903,retained,68,59,149,772,454,50,2700.8,902.5,19,17,iPhone
5905,retained,39,34,40,1897,0,0,1316.4,922.0,6,6,Android
5906,retained,36,31,465,1890,392,0,847.2,255.9,18,15,iPhone
5907,retained,44,44,393,2257,130,51,3714.2,1748.7,23,17,Android
5908,churned,57,48,101,1267,0,0,495.0,336.6,4,0,iPhone
5909,churned,116,101,253,78,0,0,3764.3,1333.9,4,3,iPhone
5911,retained,0,0,133,2825,46,36,3340.6,2067.8,5,5,iPhone
5912,retained,54,44,353,2497,41,0,4939.2,1091.1,13,12,Android
5913,retained,16,14,366,2095,290,0,5565.2,833.5,14,10,Android
5914,retained,7,6,9,1648,120,0,666.8,308.9,7,2,iPhone
5915,retained,55,44,108,1477,701,65,4768.6,2336.7,16,16,iPhone
5916,retained,8,7,141,2887,43,0,2289.9,1038.8,29,24,Android
5918,retained,116,93,379,166,377,0,1083.3,674.9,9,9,iPhone
5919,churned,64,52,106,2271,131,0,5336.0,3719.4,5,5,iPhone
5920,churned,9,9,42,1153,222,140,1691.9,1027.4,7,1,iPhone
5923,retained,114,101,250,862,64,26,4708.2,3628.1,27,17,Android
5924,retained,3,3,127,2309,152,0,2310.2,1858.2,20,20,Android
5925,retained,55,45,155,39,1104,45,3560.9,1274.5,20,12,iPhone
5926,retained,9,8,225,657,0,243,5260.5,391.1,17,9,iPhone
5927,retained,178,144,453,2916,246,35,4457.4,1262.5,26,19,Android
5928,retained,130,112,468,1213,13,40,12097.8,3433.7,18,18,Android
5929,retained,22,22,72,2212,80,0,1293.4,456.7,1,0,iPhone
5930,retained,7,6,304,2528,0,75,6870.1,4882.3,25,22,iPhone
5931,retained,10,9,17,2551,0,65,6302.7,3978.4,26,24,Android
5932,retained,50,41,143,2849,119,10,4358.3,3127.6,20,17,iPhone
5933,churned,49,40,97,1778,0,0,2090.8,1465.8,0,0,Android
5934,retained,67,54,131,1089,0,8,6280.0,304.7,26,19,iPhone
5935,retained,28,23,42,298,0,6,6148.7,1920.2,10,6,Android
5936,churned,285,229,286,1795,43,60,3856.9,1057.1,8,3,Android
5937,churned,211,169,417,1101,723,31,831.8,689.2,10,7,iPhone
5938,retained,23,18,90,3245,271,22,8192.6,2120.2,9,9,iPhone
5939,retained,126,101,373,1231,256,169,7236.8,712.2,1,1,Android
5941,retained,36,36,40,2941,80,22,5408.8,2490.1,25,18,iPhone
5942,retained,12,10,28,3462,113,0,3905.2,2800.9,2,0,iPhone
5943,churned,22,22,40,516,0,117,2053.3,1700.2,8,7,iPhone
5944,retained,32,30,40,3376,75,0,6086.7,782.0,25,18,Android
5945,retained,8,8,126,2510,0,0,3830.8,1090.5,13,13,Android
5946,retained,7,7,262,2005,45,11,4448.7,1764.0,3,2,iPhone
5947,retained,25,20,164,1704,122,52,6320.7,1326.6,10,9,Android
5948,retained,49,49,248,1951,321,105,2669.7,676.1,24,24,iPhone
5949,retained,105,85,135,1995,324,0,5505.8,898.1,21,20,iPhone
5950,churned,27,23,281,3209,125,0,4858.9,3043.1,7,7,iPhone
5951,retained,12,10,40,2804,215,0,2843.9,490.7,16,10,iPhone
5952,retained,49,40,304,142,0,0,7914.7,329.9,17,17,iPhone
5953,retained,150,121,191,1911,0,0,6229.4,2571.5,29,18,Android
5954,retained,170,140,216,1383,7,88,2851.3,735.0,28,24,Android
5955,retained,58,58,71,970,190,11,6386.5,5160.9,2,2,Android
5956,retained,61,49,177,2907,412,88,5051.8,2835.0,10,7,iPhone
5957,churned,63,52,484,1537,480,0,3212.9,1012.5,9,8,iPhone
5958,retained,409,333,514,758,117,0,2177.7,1018.8,30,24,iPhone
5959,retained,208,169,426,1169,41,63,2815.5,1437.2,24,24,Android
5960,retained,84,67,167,3081,86,138,4656.0,3650.3,17,13,iPhone
5961,retained,82,67,141,254,39,16,2798.0,853.5,12,5,iPhone
5962,retained,53,43,54,3053,110,41,2683.8,1146.8,3,3,iPhone
5963,retained,18,16,39,2173,49,8,2398.6,1835.7,28,27,iPhone
5964,retained,67,54,69,3010,66,0,578.2,471.7,31,23,Android
5965,churned,326,261,364,2258,106,0,5712.7,2382.9,10,5,iPhone
5966,retained,130,104,154,1744,8,0,2794.7,1239.2,22,13,iPhone
5967,retained,24,20,27,720,475,0,5743.8,1861.0,0,0,iPhone
5968,retained,87,70,151,797,43,0,3672.8,2786.3,14,13,iPhone
5969,retained,5,5,70,1107,161,0,15258.1,2022.3,28,19,iPhone
5970,retained,28,23,86,1851,199,0,2655.4,1742.6,26,21,Android
5971,retained,22,18,111,2135,112,0,4963.7,1504.9,14,13,iPhone
5972,retained,126,103,182,2561,0,0,1895.7,584.7,30,25,iPhone
5973,retained,75,60,298,501,66,52,3595.0,935.8,5,2,iPhone
5974,churned,107,86,135,94,61,0,4116.9,1703.1,1,1,Android
5975,retained,68,55,245,148,486,76,5931.2,1060.1,24,15,iPhone
5976,retained,104,84,240,3314,203,0,10891.4,2267.0,21,19,Android
5977,retained,244,202,266,3105,131,0,711.6,532.0,31,25,iPhone
5978,retained,103,83,145,2542,316,0,4841.7,924.7,30,20,iPhone
5979,retained,62,50,92,3009,14,25,4602.9,1574.9,29,19,iPhone
5980,retained,4,4,35,2176,4,41,1685.6,1320.3,25,16,iPhone
5981,retained,277,223,305,2673,5,0,2175.5,303.6,27,26,iPhone
5982,retained,5,4,295,775,268,0,4362.2,1992.4,23,20,iPhone
5983,retained,8,8,98,1266,283,0,4649.4,952.6,24,23,iPhone
5984,retained,105,105,208,3398,108,0,7052.8,2665.2,31,21,Android
5985,retained,133,114,189,2428,27,55,3849.0,1871.4,24,17,iPhone
5986,retained,169,136,285,1954,0,5,1512.8,1222.2,25,16,Android
5987,retained,1,1,18,560,92,43,2943.8,861.8,12,5,iPhone
5988,retained,27,27,202,2060,53,0,7278.6,1704.3,19,18,Android
5989,retained,123,123,201,1556,124,0,13890.1,10340.8,23,19,Android
5990,retained,113,91,270,2620,0,35,6428.8,1908.1,18,12,Android
5991,churned,12,12,260,2137,0,59,3800.7,2186.9,5,5,iPhone
5992,retained,41,37,210,2033,0,0,3669.0,400.1,20,12,Android
5993,retained,271,217,456,961,68,35,1379.7,432.5,27,18,iPhone
5994,retained,66,66,85,2632,0,0,8846.5,1008.1,19,16,Android
5995,churned,0,0,384,49,0,25,8958.6,5830.9,8,6,iPhone
5996,retained,131,105,254,1287,99,10,1661.0,654.1,16,16,iPhone
5997,churned,93,93,257,1310,1,0,1851.4,921.0,0,0,iPhone
5998,retained,45,36,118,287,254,38,3577.4,1496.5,21,18,Android
5999,retained,48,41,230,661,126,21,3068.0,1666.3,26,18,iPhone
6000,retained,7,7,112,3034,0,45,2309.2,507.1,4,4,iPhone
6001,retained,38,32,106,2350,6,0,8026.0,1837.4,21,15,Android
6002,retained,20,20,188,3284,40,6,5864.0,1708.3,31,25,Android
6003,churned,1,1,91,1201,0,31,3069.7,982.1,6,6,Android
6004,retained,21,19,455,1263,137,48,6314.1,3309.2,11,10,Android
6006,retained,19,16,165,1150,136,43,1643.5,1274.5,19,19,iPhone
6007,retained,67,54,279,1876,0,3,4483.5,456.3,15,13,iPhone
6008,retained,30,27,37,1170,10,0,6084.8,2568.8,4,0,iPhone
6009,churned,83,66,114,2361,167,31,3462.5,2179.0,1,1,Android
6010,retained,133,107,276,1864,0,0,3474.5,340.7,29,22,iPhone
6011,retained,174,142,353,89,22,0,1159.5,770.7,5,5,iPhone
6012,retained,66,54,70,3252,142,0,2734.5,2080.4,29,22,Android
6013,retained,14,14,165,353,68,37,10778.4,3792.6,8,4,iPhone
6014,retained,21,20,168,2413,291,197,8112.4,4526.9,24,24,iPhone
6015,retained,220,176,280,375,14,0,11018.2,3337.1,13,12,iPhone
6016,retained,190,153,224,2471,31,128,3811.1,1410.9,19,19,iPhone
6017,retained,288,230,353,1537,50,28,2346.7,1055.1,17,17,Android
6018,retained,60,60,561,1234,37,0,3421.6,1977.5,3,3,Android
6019,retained,62,62,336,3415,0,47,7136.4,4107.4,19,19,Android
6020,retained,56,46,123,331,83,15,4392.6,2490.6,19,13,Android
6021,churned,29,25,211,933,214,24,1599.1,1202.5,1,1,iPhone
6022,retained,68,68,71,1111,0,0,4934.0,1588.4,23,20,iPhone
6023,churned,195,158,455,527,170,0,4204.6,3454.7,27,20,Android
6024,retained,14,14,25,1991,2,0,4489.7,3456.7,29,27,iPhone
6025,retained,211,180,298,2409,19,0,5398.4,1178.8,30,29,iPhone
6026,retained,172,138,194,1802,254,0,1266.9,866.4,14,13,Android
6027,retained,63,51,76,1971,35,0,8858.9,782.4,31,29,Android
6028,retained,81,70,87,1894,0,13,3531.3,1532.8,14,11,Android
6029,retained,21,17,188,447,389,80,7814.0,1137.9,20,20,iPhone
6030,retained,14,11,20,422,403,31,3214.0,1970.3,31,20,iPhone
6031,retained,187,176,232,3145,42,0,477.7,321.2,19,12,iPhone
6032,retained,38,34,541,922,0,0,5666.2,2404.8,26,17,Android
6033,retained,163,145,170,874,0,141,3146.9,1424.8,25,21,Android
6034,retained,15,12,18,3068,179,54,2453.7,2028.0,18,9,iPhone
6035,retained,190,153,225,23,141,43,523.7,147.0,23,19,iPhone
6036,churned,12,10,288,3128,56,0,2271.1,708.8,1,1,Android
6037,retained,2,2,79,457,32,15,1511.1,1210.4,4,0,iPhone
6038,retained,104,83,204,1147,98,6,6390.5,338.8,19,19,iPhone
6039,retained,62,50,73,3280,219,74,10283.9,7098.9,19,15,Android
6040,retained,48,48,88,1511,15,33,3639.0,2531.3,6,4,iPhone
6041,churned,82,66,124,2522,47,0,2862.0,2285.6,28,18,iPhone
6042,retained,288,230,446,1884,218,26,3549.8,2137.3,24,19,Android
6043,retained,84,68,112,2664,183,38,3456.4,2760.5,13,8,iPhone
6044,retained,45,36,46,1343,118,0,2902.0,1231.7,4,4,iPhone
6045,retained,197,158,303,2628,0,31,1148.3,850.0,14,11,iPhone
6046,retained,228,204,248,1952,0,26,2637.9,673.7,22,20,Android
6047,retained,51,41,63,2103,236,0,4562.4,2700.0,16,10,iPhone
6048,churned,5,4,6,783,394,2,3780.1,2867.1,8,8,iPhone
6049,retained,22,18,69,2449,59,132,2165.8,1673.4,21,16,iPhone
6050,retained,4,3,171,1812,44,35,2124.1,447.9,5,4,iPhone
6051,retained,49,40,125,1469,39,44,7485.2,3544.4,27,19,iPhone
6052,churned,89,71,233,2876,241,0,4579.3,2052.9,1,0,iPhone
6053,retained,10,9,149,298,0,11,3232.2,1959.0,21,12,iPhone
6054,retained,2,2,20,2157,227,0,3095.0,741.1,29,27,iPhone
6055,retained,19,15,464,729,62,12,3350.1,2647.5,30,29,iPhone
6056,retained,43,35,294,446,10,0,1233.5,937.5,8,6,iPhone
6057,retained,10,10,17,27,123,0,2020.4,1185.4,27,26,iPhone
6058,churned,73,59,252,2975,142,50,5841.4,1914.5,0,0,iPhone
6059,retained,54,48,62,737,362,3,2575.2,1407.7,16,11,Android
6060,churned,65,52,77,1156,134,85,2537.0,1623.0,8,7,Android
6061,retained,352,282,364,2321,40,6,613.6,474.1,27,25,Android
6062,retained,189,151,301,2630,0,2,5538.7,2646.8,24,23,iPhone
6063,retained,111,89,263,3054,0,15,3052.8,2066.3,24,19,iPhone
6064,retained,279,224,391,1458,497,8,1227.3,902.0,16,9,Android
6065,retained,6,5,129,1519,84,0,9224.7,2169.7,2,2,iPhone
6066,retained,152,123,159,611,0,3,7693.6,1548.7,11,11,iPhone
6067,retained,0,0,24,551,55,16,6690.5,4546.3,15,12,iPhone
6068,retained,211,169,253,922,69,0,5193.9,944.7,5,4,iPhone
6069,retained,138,110,141,2557,56,49,1776.2,683.7,1,1,iPhone
6070,retained,68,55,94,134,247,0,1647.2,1075.5,22,16,Android
6072,retained,62,57,319,1825,865,0,3479.5,1881.1,21,21,Android
6073,retained,117,95,311,3260,0,117,445.1,226.6,7,5,Android
6074,retained,51,41,192,675,0,223,3930.0,974.3,26,23,Android
6075,churned,159,158,235,1193,52,0,2974.1,638.9,17,12,iPhone
6076,retained,143,115,145,3097,79,0,7934.8,5306.9,21,21,Android
6077,churned,8,8,46,2428,163,0,7607.2,4668.1,4,2,Android
6078,retained,1,1,21,2105,91,95,3004.1,1372.8,8,2,iPhone
6079,retained,29,24,115,3387,0,0,1706.9,928.8,20,12,iPhone
6080,retained,45,37,239,3358,7,3,3881.1,1383.9,7,1,Android
6081,retained,144,118,221,2062,136,0,1734.6,636.1,30,21,iPhone
6082,retained,11,11,124,2300,81,0,11702.2,8067.5,13,13,iPhone
6083,retained,72,58,101,2431,96,19,3775.0,104.9,11,10,iPhone
6084,churned,18,18,67,2144,112,0,4864.7,1967.1,14,11,iPhone
6085,retained,17,17,112,371,19,0,7845.7,5584.6,25,22,Android
6086,retained,92,75,99,1778,201,23,1578.1,268.6,19,18,iPhone
6087,retained,109,87,111,3155,17,15,10121.0,7183.8,28,18,Android
6088,churned,15,15,199,841,0,0,2582.4,1304.7,23,14,iPhone
6089,retained,61,49,88,957,652,0,2660.7,1899.6,23,18,iPhone
6090,retained,53,44,62,130,116,53,2654.2,747.9,27,18,Android
6091,churned,51,44,116,353,55,34,1606.9,967.1,14,10,Android
6092,retained,55,50,245,3486,132,0,2491.8,763.0,16,15,Android
6093,retained,65,61,118,3294,85,0,1625.4,547.7,27,26,Android
6094,retained,193,155,277,186,0,0,11458.2,3475.9,5,3,iPhone
6095,retained,103,95,184,1552,0,27,1941.8,1026.2,4,4,Android
6096,retained,123,108,232,789,0,0,2306.8,1372.7,27,19,iPhone
6097,retained,87,71,191,1183,0,0,4931.6,2694.3,18,11,Android
6098,retained,15,12,76,1498,13,13,4292.4,2895.3,28,22,Android
6099,retained,8,8,128,354,0,36,2414.2,1844.1,18,18,iPhone
6100,churned,58,52,78,3345,118,9,4827.5,1993.4,14,12,iPhone
6101,retained,28,25,227,1700,0,32,2528.8,1000.2,0,0,iPhone
6102,retained,128,103,144,1568,193,87,487.9,319.4,21,15,Android
6103,retained,20,16,248,2985,0,64,5513.0,2596.5,14,6,Android
6104,retained,172,157,190,3034,0,31,3344.3,1055.9,1,0,iPhone
6105,retained,8,8,115,1283,211,2,10444.8,3957.0,4,0,iPhone
6106,retained,34,29,307,3212,0,16,2171.9,1128.6,11,6,iPhone
6107,retained,104,84,287,2063,0,0,4114.8,3166.0,31,29,iPhone
6108,retained,106,85,229,2142,41,0,4001.7,2999.2,21,18,iPhone
6109,retained,3,3,4,1384,45,0,2676.5,691.4,15,7,iPhone
6110,retained,152,122,192,2082,111,18,4037.6,3139.3,5,0,iPhone
6111,retained,165,137,317,560,119,64,2961.9,2346.4,10,3,iPhone
6112,churned,54,45,333,2434,0,0,7193.6,3363.3,7,6,Android
6114,retained,115,109,145,2474,493,0,3990.9,798.7,19,17,iPhone
6115,retained,151,121,233,295,232,36,6061.3,3221.8,21,15,Android
6116,churned,152,122,367,3336,360,10,2098.1,1034.0,8,6,iPhone
6118,retained,13,13,56,984,13,0,5487.5,602.0,5,4,iPhone
6119,retained,134,134,163,1546,192,10,4872.9,3801.5,27,26,Android
6120,retained,71,61,103,3007,32,0,4246.8,1255.5,20,13,iPhone
6121,retained,113,92,213,1461,0,25,1153.0,802.1,23,21,iPhone
6122,retained,165,132,410,174,0,9,4104.1,3185.9,4,0,iPhone
6123,retained,124,99,127,2585,71,43,4805.5,2883.4,14,7,Android
6124,retained,54,46,216,2096,121,20,2727.9,2187.6,19,11,Android
6125,retained,43,34,108,2715,94,118,669.4,492.0,12,10,iPhone
6126,retained,181,148,237,2355,26,0,5955.3,1845.2,10,4,Android
6127,churned,61,52,77,1147,224,11,2476.8,1592.3,8,8,Android
6128,churned,116,95,208,3260,121,0,2877.0,981.8,11,5,iPhone
6129,retained,10,10,189,1614,36,0,990.3,288.9,10,6,iPhone
6130,retained,121,101,199,1238,4,73,4034.9,2646.4,25,20,iPhone
6131,churned,104,84,109,723,92,0,5482.6,714.4,5,3,Android
6132,churned,189,152,299,173,15,0,3869.9,2342.9,19,14,iPhone
6133,retained,3,3,29,1680,0,0,1667.7,1133.2,26,22,iPhone
6134,retained,97,78,181,2186,142,100,7673.9,3498.4,9,2,iPhone
6136,retained,313,250,429,2874,16,71,9350.1,2613.8,21,19,iPhone
6137,churned,19,18,42,1087,0,28,1585.1,566.3,5,5,iPhone
6138,churned,237,191,398,2888,132,0,2946.5,1939.9,31,23,Android
6139,retained,72,58,144,2006,0,33,8145.5,6305.1,17,13,Android
6140,retained,44,44,116,1885,309,0,3837.6,2726.9,31,28,iPhone
6141,retained,71,57,128,2576,360,0,3328.0,1222.2,7,2,iPhone
6142,retained,73,61,214,217,213,27,1611.8,386.0,9,8,iPhone
6143,churned,2,2,12,1331,80,13,4969.4,1809.1,4,1,Android
6144,retained,108,108,167,337,43,0,1682.6,859.9,26,18,iPhone
6145,retained,147,118,270,705,30,0,2680.6,1414.4,20,19,Android
6146,retained,5,4,97,1026,174,0,5069.1,3228.7,17,16,Android
6147,retained,208,168,519,837,91,43,4471.6,3203.1,10,7,Android
6148,retained,6,5,241,3040,148,94,1736.5,875.4,22,17,Android
6149,retained,145,116,267,68,148,2,7808.9,2138.6,27,20,iPhone
6151,retained,85,72,93,1155,0,30,2579.3,1809.4,2,2,Android
6152,retained,122,122,152,500,0,64,6986.3,2129.6,4,4,iPhone
6153,retained,5,4,41,1997,0,0,9180.4,2948.6,29,27,iPhone
6154,churned,98,79,244,2766,215,0,10904.2,3076.7,21,14,Android
6155,retained,106,106,132,2835,161,98,4525.8,1876.8,19,18,iPhone
6156,retained,25,20,30,193,52,37,5388.9,4292.8,2,0,iPhone
6157,retained,25,20,174,398,103,0,4235.0,2930.7,29,26,Android
6158,retained,79,66,351,2981,0,1,4016.0,1668.9,3,0,iPhone
6159,churned,2,2,66,1555,91,0,2169.9,1130.3,0,0,Android
6160,retained,11,9,84,199,0,0,1596.7,978.3,31,26,iPhone
6161,churned,6,5,29,3192,181,0,9980.4,883.5,15,10,iPhone
6162,churned,14,11,368,807,52,24,6143.1,2051.4,4,4,iPhone
6163,retained,41,38,92,1975,0,10,2599.8,556.0,11,11,iPhone
6164,retained,112,112,462,1689,44,0,9700.2,5347.2,18,18,iPhone
6165,retained,37,30,41,3479,6,0,4839.9,2257.9,26,25,Android
6166,retained,146,125,483,388,113,4,4759.3,864.8,17,10,Android
6167,retained,16,15,105,835,0,0,5911.4,449.8,19,11,iPhone
6168,retained,50,49,107,2703,1,0,4067.7,1607.9,23,17,iPhone
6169,retained,52,42,105,2269,494,0,2762.9,1483.0,7,7,iPhone
6170,retained,5,5,152,764,750,88,1451.8,422.8,8,5,iPhone
6171,churned,107,86,494,194,198,1,4103.4,1776.4,3,2,iPhone
6172,retained,82,67,123,3023,152,0,4597.7,2328.7,25,25,iPhone
6173,retained,39,31,135,524,0,14,5921.8,2125.6,6,6,iPhone
6174,retained,93,75,116,463,66,0,4465.5,3267.9,29,27,iPhone
6175,retained,39,37,128,1033,0,64,3750.7,1876.3,29,26,iPhone
6176,retained,125,102,610,2396,92,35,7730.1,2164.1,18,12,Android
6177,retained,2,2,131,2815,301,24,9737.7,6354.3,4,4,Android
6178,retained,35,31,204,1959,24,32,2171.2,271.0,21,14,Android
6179,retained,17,14,37,246,48,10,798.4,390.2,13,13,Android
6180,retained,13,12,67,1834,0,0,3797.0,1115.6,25,18,iPhone
6181,retained,16,13,97,3075,14,44,2907.6,2177.7,20,20,iPhone
6182,churned,19,19,48,795,383,13,3920.2,2510.0,21,20,Android
6183,retained,65,61,88,1066,24,0,1514.5,750.4,27,24,iPhone
6184,retained,41,37,157,1441,0,0,1782.6,427.5,21,14,iPhone
6185,retained,29,24,101,278,281,0,3240.3,572.5,15,15,iPhone
6186,churned,236,190,284,497,50,34,3411.1,997.5,12,8,Android
6187,retained,18,15,52,2864,0,53,4920.8,2607.4,28,21,iPhone
6188,retained,80,67,99,32,25,90,5576.5,4405.5,5,1,iPhone
6189,retained,37,29,95,1528,93,0,1421.8,1048.5,8,8,iPhone
6190,retained,6,6,14,51,407,0,4931.2,1017.7,21,20,iPhone
6191,retained,17,17,30,2192,0,0,1582.9,1214.1,26,18,iPhone
6192,churned,228,186,512,360,97,74,5863.2,1194.4,20,12,iPhone
6193,retained,10,8,38,494,327,0,5143.0,3450.0,17,17,iPhone
6194,retained,30,27,41,1607,76,0,1813.2,1500.6,27,18,Android
6195,churned,121,97,299,557,401,0,5119.6,3909.0,6,3,iPhone
6196,retained,1,1,38,3405,26,99,2775.8,2139.3,3,2,Android
6197,retained,133,130,216,323,207,54,4053.0,1478.7,28,27,Android
6198,retained,132,105,153,925,337,0,4095.7,528.9,13,7,iPhone
6199,retained,50,50,142,275,329,48,2549.5,681.1,23,21,Android
6200,churned,34,28,438,1603,201,114,2104.8,1367.7,9,3,iPhone
6201,churned,42,34,179,928,0,54,7905.8,891.0,21,13,iPhone
6202,retained,120,97,276,560,97,1,1061.0,611.8,6,2,iPhone
6203,retained,6,5,135,268,15,0,4360.4,2616.7,21,17,iPhone
6204,retained,12,10,145,906,976,32,5503.4,3607.1,6,4,iPhone
6205,retained,172,138,181,2122,0,10,3157.5,525.6,29,26,Android
6206,retained,30,24,100,2256,196,78,6144.8,1987.9,5,5,Android
6207,retained,24,20,157,2221,373,0,7012.7,1521.7,0,0,Android
6208,retained,1,1,3,3147,115,58,2761.5,2195.4,31,23,iPhone
6209,retained,158,127,171,3238,242,99,3911.5,946.2,25,17,iPhone
6210,retained,94,76,102,39,63,11,4198.3,2769.3,30,23,iPhone
6211,retained,51,41,143,636,17,33,4611.3,2342.1,19,14,iPhone
6213,retained,198,160,212,2147,332,0,4139.9,2485.7,11,9,iPhone
6214,retained,18,18,151,1912,208,33,7417.8,4831.2,2,2,iPhone
6215,retained,7,6,12,2471,37,0,3016.7,1680.5,22,13,Android
6216,churned,187,154,554,2268,0,15,14936.0,3128.8,1,0,iPhone
6217,churned,196,161,367,1798,603,21,8415.5,1957.2,3,3,iPhone
6219,retained,220,182,228,3120,343,13,3910.4,2448.6,26,17,Android
6220,retained,88,77,248,1775,19,13,7439.5,4284.5,17,15,iPhone
6221,retained,129,115,151,2800,218,81,5933.8,3589.7,31,27,iPhone
6222,retained,99,80,339,2178,92,12,1791.9,1241.6,6,6,iPhone
6223,retained,245,197,249,2127,0,0,5663.7,3353.8,17,14,iPhone
6224,retained,170,157,227,1891,239,73,1385.7,711.2,25,16,iPhone
6226,retained,67,56,170,1861,4,15,4142.1,1127.6,19,13,iPhone
6227,churned,63,52,89,1026,188,23,2340.1,1051.4,14,8,iPhone
6228,retained,130,106,149,3295,424,0,6391.0,4278.5,20,12,iPhone
6229,churned,3,3,64,485,682,39,1593.6,1036.6,9,9,Android
6230,retained,22,18,128,2819,31,40,706.8,563.3,17,17,iPhone
6231,churned,64,59,66,846,7,0,940.7,520.1,26,26,iPhone
6232,retained,31,26,303,1082,230,128,7595.6,2920.4,14,8,iPhone
6234,churned,8,7,42,355,110,0,2490.5,863.4,18,14,Android
6235,retained,29,29,139,354,43,51,3212.8,789.5,9,4,iPhone
6236,retained,17,14,62,1823,216,36,2975.8,1877.3,25,18,Android
6237,retained,49,40,105,2460,0,14,1788.7,799.4,28,24,iPhone
6238,retained,81,65,173,1550,0,0,1254.0,491.0,20,20,iPhone
6239,retained,341,294,356,2260,111,0,5634.1,1675.7,8,8,iPhone
6240,retained,33,26,67,1268,150,35,6887.6,5067.1,17,11,iPhone
6241,retained,108,87,216,465,187,67,2177.8,1383.1,8,5,iPhone
6242,retained,83,67,207,2442,355,6,2544.6,806.2,21,14,iPhone
6243,retained,67,54,98,3397,211,0,8904.3,4504.7,28,25,Android
6244,retained,15,15,51,1691,128,21,872.7,212.7,20,11,iPhone
6245,retained,96,77,118,93,72,37,1610.8,941.4,23,21,Android
6246,retained,80,74,159,2375,190,0,4796.3,1053.8,19,17,iPhone
6247,retained,137,110,403,612,265,0,1403.5,324.9,27,18,iPhone
6248,retained,33,26,106,2530,73,72,6305.6,1559.2,11,11,Android
6250,churned,38,30,107,652,511,0,9107.9,2386.4,3,3,Android
6251,retained,177,142,233,2569,109,0,2646.2,1643.5,21,21,iPhone
6252,retained,207,171,227,1818,0,0,1910.8,1258.2,28,19,iPhone
6253,retained,219,179,301,992,464,15,6284.7,4457.3,28,18,iPhone
6254,churned,33,28,105,2143,61,3,4025.6,1159.3,0,0,iPhone
6255,retained,100,80,147,107,83,0,3756.5,1004.6,2,2,iPhone
6256,retained,74,64,122,2688,140,2,2339.5,1016.5,21,13,iPhone
6257,retained,0,0,17,3458,36,82,15420.2,10319.0,1,1,Android
6258,retained,190,152,259,983,412,94,5431.3,4344.0,17,11,iPhone
6259,retained,88,70,169,2624,471,0,3998.6,2330.6,2,2,iPhone
6260,churned,296,248,348,879,176,130,7956.0,1965.1,0,0,iPhone
6261,retained,18,18,146,1897,54,7,2823.6,2219.2,22,16,iPhone
6262,churned,538,431,566,983,306,3,4543.8,1512.1,8,8,iPhone
6263,retained,62,49,76,2421,50,0,3488.4,2246.9,5,0,Android
6264,retained,38,33,279,368,0,14,6611.6,4871.4,28,21,Android
6265,retained,143,143,171,1439,148,22,2156.5,1780.3,1,1,Android
6266,retained,48,42,127,380,154,145,925.6,125.0,20,20,iPhone
6267,churned,132,122,144,2205,16,52,1768.1,1181.3,3,3,iPhone
6268,retained,45,38,48,2327,0,34,1796.7,846.6,12,7,iPhone
6269,retained,124,100,298,698,37,51,8685.6,801.5,17,17,iPhone
6270,retained,29,25,74,1473,34,0,1497.4,1138.7,20,12,iPhone
6271,retained,56,45,147,2126,2,0,6574.1,2013.8,7,3,iPhone
6272,retained,28,28,200,1817,78,0,5079.8,3590.9,5,5,iPhone
6273,retained,52,42,278,1498,91,161,9166.6,4517.5,3,0,iPhone
6274,retained,82,66,187,1297,98,18,2595.1,1325.8,9,8,iPhone
6275,retained,70,57,517,957,67,0,3418.0,2650.4,25,23,iPhone
6276,retained,193,157,277,983,159,111,1907.3,1205.0,30,29,iPhone
6277,retained,0,0,99,3292,88,0,6992.5,3378.9,11,11,Android
6278,retained,15,12,80,2146,12,20,4150.8,3189.4,15,15,iPhone
6279,retained,237,190,352,2258,193,4,2977.7,748.2,11,5,Android
6280,retained,49,42,83,1044,69,34,6821.9,3383.8,15,10,iPhone
6281,retained,65,53,103,2993,87,0,1927.9,446.4,9,8,iPhone
6282,churned,184,149,534,1924,41,37,1338.0,855.3,9,9,iPhone
6283,retained,23,19,70,2415,400,0,1419.2,938.3,14,10,iPhone
6284,retained,58,47,542,2711,0,0,5360.7,1549.9,6,3,iPhone
6285,retained,99,81,300,2065,97,13,1284.3,393.4,30,27,iPhone
6286,retained,14,14,192,909,1,14,4471.9,594.5,10,5,iPhone
6287,retained,84,70,97,682,0,0,6460.9,4704.4,17,15,iPhone
6288,retained,22,22,127,62,0,128,3186.5,2654.5,0,0,iPhone
6289,retained,75,60,293,1750,139,67,745.7,357.6,10,10,iPhone
6290,retained,62,50,408,3255,159,74,1763.2,446.1,13,7,iPhone
6291,retained,27,27,66,77,89,0,6619.1,3134.4,30,26,Android
6292,retained,48,48,241,2264,235,0,1423.0,244.4,26,17,iPhone
6293,retained,72,64,195,3124,29,31,1988.2,1198.7,17,16,Android
6294,retained,38,31,166,222,240,28,3002.5,1126.3,9,6,iPhone
6295,retained,35,30,55,1846,65,0,5297.8,1448.1,24,14,iPhone
6296,retained,34,28,285,1583,0,12,2042.7,759.5,5,3,iPhone
6297,retained,27,22,137,3329,88,13,2344.9,1817.9,30,28,iPhone
6298,retained,35,31,45,1938,0,176,3551.7,591.0,24,14,Android
6299,churned,161,138,358,822,83,0,4265.6,2461.0,4,3,iPhone
6300,churned,10,10,114,1101,140,74,3112.3,1833.5,29,20,Android
6301,churned,17,16,89,737,0,11,11127.1,4659.9,7,1,iPhone
6302,retained,50,40,104,2476,74,0,8562.4,386.5,2,2,Android
6303,retained,13,10,358,1613,88,18,5210.4,3004.4,13,9,iPhone
6304,churned,518,423,527,1365,756,0,1453.9,380.9,5,5,Android
6305,retained,74,73,200,2357,0,141,8952.1,4891.8,3,0,Android
6306,retained,4,3,137,2777,24,0,653.1,538.9,23,14,Android
6307,retained,50,40,99,2928,0,0,1430.4,440.1,28,25,iPhone
6308,retained,8,8,198,3292,81,121,6085.5,3681.6,26,26,Android
6309,retained,26,21,78,243,3,0,8084.7,6161.7,4,0,iPhone
6310,churned,53,53,232,1365,365,0,1869.9,1232.4,16,10,iPhone
6311,retained,28,25,37,3369,13,140,2734.1,1234.8,15,13,Android
6312,retained,106,87,170,1165,504,28,7690.7,5359.0,15,15,iPhone
6313,retained,3,2,575,1768,16,94,423.2,176.3,3,3,iPhone
6314,retained,48,39,159,353,122,0,3129.7,2101.1,17,10,Android
6315,churned,51,44,275,2818,0,0,5721.7,3917.2,23,19,iPhone
6316,retained,85,69,198,1581,129,0,3231.5,2156.8,6,5,iPhone
6317,retained,131,105,368,1126,125,16,6655.0,2063.8,18,18,Android
6318,retained,98,84,193,2337,2,25,7200.2,1363.4,21,18,iPhone
6319,retained,86,69,242,913,16,0,4805.7,3756.2,4,0,Android
6320,retained,55,44,91,3461,75,0,3691.7,2533.2,8,8,Android
6321,retained,26,21,163,2806,62,101,2646.7,1943.6,18,16,iPhone
6322,retained,137,112,340,984,190,0,5109.9,2201.9,28,27,iPhone
6323,retained,82,66,313,3086,0,110,3554.3,1314.9,12,9,Android
6324,retained,5,4,12,2987,210,36,9183.6,1588.7,5,5,iPhone
6325,retained,181,153,215,3272,300,154,4038.7,2991.1,9,9,iPhone
6326,retained,19,16,29,2589,332,59,1400.5,1011.2,30,24,Android
6327,retained,4,3,132,2126,34,0,3769.1,460.3,3,0,Android
6328,retained,34,27,38,1325,0,0,5434.6,3091.1,9,9,Android
6329,retained,9,7,58,3007,49,0,3357.7,1898.7,29,27,iPhone
6330,retained,22,19,75,3047,269,0,4114.5,1036.2,16,8,Android
6331,retained,182,146,405,3460,16,6,7410.8,1919.0,21,21,iPhone
6332,retained,56,53,127,430,26,0,1647.1,1116.7,13,11,iPhone
6333,retained,264,213,492,1854,0,0,1593.7,511.0,31,24,iPhone
6334,retained,77,63,273,2179,118,0,2769.5,1949.9,8,8,iPhone
6336,retained,94,76,146,1309,8,57,5101.6,3287.1,7,6,iPhone
6337,retained,80,66,139,1105,124,13,6470.4,1895.1,23,17,Android
6338,retained,75,65,298,543,0,0,2915.4,1684.7,26,20,iPhone
6339,retained,65,52,241,2748,260,94,9401.2,4272.2,28,18,Android
6340,retained,74,60,250,1802,0,120,3053.3,2002.4,11,6,Android
6341,retained,127,102,140,620,24,57,7783.8,4215.7,27,26,Android
6342,retained,169,137,460,2480,969,160,2944.5,1999.8,20,19,Android
6343,retained,86,71,110,2272,0,76,4507.6,3346.2,8,7,Android
6344,churned,76,61,169,18,82,147,4428.9,2757.2,9,6,iPhone
6345,retained,46,37,84,3339,263,0,3274.7,1244.8,30,25,iPhone
6346,churned,165,133,242,2960,82,0,2365.7,1697.7,8,5,Android
6347,retained,8,7,271,3477,429,0,3798.0,1867.9,18,11,Android
6348,retained,39,38,48,882,28,112,4132.7,1599.0,24,20,Android
6349,churned,71,58,125,923,211,48,4247.1,899.1,2,2,iPhone
6350,retained,63,50,82,2324,32,4,2599.2,1691.0,1,0,iPhone
6351,retained,36,28,106,2156,0,6,5952.7,4186.1,19,16,Android
6352,retained,74,69,77,1517,47,0,2294.5,272.6,27,24,iPhone
6353,retained,4,4,324,927,55,0,10417.8,2671.8,19,18,iPhone
6354,retained,142,114,220,2756,287,0,1398.4,921.2,13,6,iPhone
6355,retained,7,7,86,631,45,0,5733.5,3726.0,29,19,iPhone
6356,churned,166,133,320,844,0,62,3967.8,2221.6,10,6,iPhone
6357,retained,116,94,656,3397,0,54,3815.2,2840.7,19,17,iPhone
6358,retained,126,101,171,2048,335,0,1360.1,903.8,3,0,iPhone
6359,retained,25,24,136,3262,218,128,2606.7,1452.4,22,20,iPhone
6360,retained,57,46,155,1081,8,44,7324.0,1267.6,14,10,Android
6361,retained,71,58,151,2805,46,0,1349.9,1000.6,3,0,Android
6362,churned,39,33,116,513,328,0,4939.1,674.1,13,9,iPhone
6363,retained,32,27,195,1992,26,41,1930.1,1267.5,23,15,Android
6364,retained,158,127,248,2499,134,0,2690.9,985.4,9,6,Android
6365,retained,63,51,75,3418,453,16,1413.2,988.7,12,8,iPhone
6366,retained,75,60,136,963,0,7,2056.5,1509.4,2,2,Android
6367,retained,26,21,50,2773,324,72,12789.4,2388.4,20,19,iPhone
6369,retained,20,16,117,3016,19,67,4326.3,309.9,16,13,iPhone
6370,retained,43,36,150,498,64,43,4736.9,1320.2,27,18,iPhone
6371,retained,48,40,260,3310,0,9,11262.5,427.0,17,14,Android
6372,retained,37,30,63,1549,46,148,6477.5,1049.6,27,24,iPhone
6373,retained,150,120,187,3411,53,17,4120.7,1539.7,30,25,Android
6374,churned,56,45,173,805,0,26,6689.6,1151.5,2,0,iPhone
6375,retained,0,0,100,1386,21,0,4169.7,3154.9,2,0,Android
6376,retained,13,12,221,1508,99,4,4376.5,3578.0,1,0,iPhone
6377,retained,62,53,97,1642,52,75,3270.3,2091.0,21,13,Android
6378,retained,222,179,236,1074,52,0,2509.9,1896.4,17,17,Android
6379,retained,12,12,107,1619,254,0,2530.6,213.1,28,27,iPhone
6380,retained,28,22,37,3334,148,41,2032.4,1218.2,3,3,iPhone
6381,churned,288,237,301,1911,25,8,3086.8,1345.8,6,1,iPhone
6382,retained,76,62,155,3033,0,19,4435.8,897.1,14,14,iPhone
6383,retained,1,1,8,2276,201,62,2225.6,1349.3,26,21,Android
6384,retained,23,23,84,2821,26,37,1844.7,875.4,17,13,iPhone
6385,churned,59,49,141,601,97,12,4526.5,3409.3,6,4,iPhone
6386,retained,98,79,280,2195,0,16,3305.7,1202.9,21,14,Android
6387,retained,62,50,64,715,315,0,3519.5,2257.2,3,1,iPhone
6388,retained,68,55,619,2477,28,0,3497.8,533.9,14,9,iPhone
6389,retained,158,127,339,3102,14,2,8420.7,2840.9,13,13,iPhone
6390,retained,215,172,282,2441,262,181,5396.5,3042.2,29,23,Android
6391,retained,122,99,263,2986,173,0,3150.5,1320.7,26,19,Android
6392,retained,113,100,472,818,49,0,5531.7,1710.1,17,17,iPhone
6394,churned,10,9,215,2358,130,0,4084.7,1203.0,2,2,Android
6395,churned,78,62,567,2273,0,7,2113.1,667.4,18,10,iPhone
6396,retained,15,14,119,2663,73,34,7641.1,5324.2,21,21,Android
6397,retained,57,49,61,843,121,27,1504.6,693.8,5,5,iPhone
6398,churned,91,80,257,1120,397,40,7949.8,1612.3,16,12,Android
6399,retained,98,79,101,2594,266,0,1773.9,957.9,25,25,iPhone
6400,retained,47,47,102,490,0,0,1264.0,638.6,17,16,iPhone
6401,retained,129,104,296,35,0,51,9623.3,5806.2,14,10,iPhone
6402,retained,5,4,197,1688,0,35,2433.0,1162.1,20,15,iPhone
6403,retained,63,51,240,2401,600,74,3825.5,1340.1,20,16,iPhone
6404,retained,26,25,68,3077,205,0,3195.4,1492.6,1,1,iPhone
6405,churned,153,124,333,765,70,0,2616.1,766.4,8,8,iPhone
6406,retained,158,127,363,3209,9,157,1398.2,206.8,11,9,Android
6407,retained,41,33,350,2732,29,21,1827.3,978.7,0,0,Android
6408,retained,58,47,156,20,568,13,4144.1,3182.4,20,18,iPhone
6409,retained,4,3,9,1593,65,29,8342.5,5582.0,14,11,iPhone
6410,retained,145,116,245,192,269,0,5956.8,531.8,8,2,iPhone
6411,retained,148,119,156,2182,141,0,4283.5,651.5,10,7,Android
6412,retained,71,61,370,3266,668,0,6609.0,2768.6,11,11,iPhone
6413,churned,10,10,289,1823,471,100,3647.6,1552.1,7,2,iPhone
6414,retained,26,21,102,3068,330,0,2965.2,551.8,24,20,iPhone
6415,retained,41,41,54,2700,422,0,5223.2,2061.9,14,8,iPhone
6416,retained,120,97,342,1362,11,0,1853.4,1502.3,22,15,iPhone
6417,retained,178,178,288,804,0,12,3940.2,1502.6,12,7,iPhone
6418,retained,8,8,9,1418,29,52,2558.8,749.1,2,1,iPhone
6419,retained,14,14,191,1037,306,0,2457.3,1298.8,22,16,Android
6420,churned,8,8,198,1573,288,0,5600.0,662.8,21,21,iPhone
6421,retained,29,23,223,1280,0,0,2034.7,272.0,0,0,iPhone
6422,retained,9,9,176,540,76,64,1833.9,592.6,28,20,iPhone
6423,retained,146,118,160,1937,64,22,3454.6,2517.5,13,11,iPhone
6424,retained,36,36,47,1178,20,76,5522.3,1048.5,22,20,iPhone
6425,retained,39,32,165,2617,96,0,4366.5,3481.7,9,5,iPhone
6426,retained,32,27,87,747,0,0,2145.3,1081.0,3,3,iPhone
6427,retained,38,30,596,160,79,125,3658.6,1593.1,23,21,Android
6428,retained,115,92,119,2819,36,1,2957.6,2021.2,21,15,Android
6429,retained,192,154,271,2997,30,114,4460.6,1503.7,19,19,iPhone
6430,retained,107,89,124,341,141,12,853.0,496.2,10,4,iPhone
6431,churned,31,25,37,3205,0,0,5565.0,996.5,4,2,iPhone
6433,retained,30,25,51,1902,55,13,4040.8,417.6,20,19,Android
6434,retained,10,8,76,653,335,0,5771.8,3643.9,28,18,Android
6435,retained,59,47,59,1763,60,126,6273.2,3497.5,24,21,iPhone
6437,retained,40,35,48,1377,0,94,4276.0,902.6,25,19,Android
6438,retained,289,232,334,706,166,0,2379.7,1160.3,28,21,iPhone
6439,churned,11,11,342,951,271,0,5199.5,803.7,4,4,iPhone
6440,retained,24,24,32,3132,0,31,2400.8,1352.7,12,12,iPhone
6441,churned,106,86,132,3450,0,14,5786.8,2402.2,30,25,iPhone
6442,retained,81,65,168,1501,53,0,1902.6,1065.6,1,1,iPhone
6443,retained,166,134,169,3436,0,32,5886.1,2967.7,23,19,iPhone
6444,retained,21,19,147,1347,179,8,6080.5,2382.1,31,21,iPhone
6445,retained,20,16,72,860,59,105,1650.2,969.8,2,2,iPhone
6446,churned,16,13,84,975,6,36,3597.1,2086.8,17,11,iPhone
6447,retained,115,92,278,1725,42,2,2246.5,507.7,2,0,iPhone
6448,retained,136,111,367,313,130,27,1435.1,420.6,28,24,Android
6449,retained,26,21,56,393,113,0,7088.7,556.5,12,5,iPhone
6450,retained,11,11,14,1487,2,0,1957.8,817.9,18,11,iPhone
6451,retained,51,44,158,1019,0,0,2452.9,646.2,10,6,iPhone
6452,retained,141,113,269,3356,337,40,2878.1,1197.7,30,22,iPhone
6453,retained,41,37,58,3064,117,42,8910.3,5316.8,25,18,iPhone
6454,retained,101,85,106,2940,0,0,3098.8,2568.6,19,14,Android
6455,retained,225,181,566,68,0,0,4351.8,1592.0,8,3,iPhone
6456,retained,83,77,309,1481,63,45,4409.1,1195.5,7,2,iPhone
6457,retained,92,92,172,2684,145,3,3129.4,727.8,17,11,Android
6458,retained,164,132,178,400,424,0,2480.3,1354.3,2,1,iPhone
6459,retained,36,36,96,3071,232,33,1404.1,979.6,29,21,iPhone
6460,churned,62,51,88,1938,16,76,1759.2,999.6,1,0,iPhone
6461,retained,46,46,144,942,11,0,430.4,185.6,29,24,Android
6462,retained,124,100,702,2552,46,30,5891.4,1711.5,1,1,iPhone
6463,retained,50,40,54,2532,47,17,4456.4,1728.1,17,14,iPhone
6464,retained,38,30,124,2353,260,0,2962.9,713.2,0,0,Android
6465,retained,28,23,291,2028,0,0,1489.9,1175.2,22,17,iPhone
6466,retained,44,35,138,2425,125,12,5223.3,1652.7,5,2,iPhone
6467,retained,9,9,27,250,4,37,3402.2,2647.0,16,11,iPhone
6468,retained,0,0,34,2373,373,120,8475.4,6809.3,9,7,iPhone
6469,retained,69,55,181,1278,317,64,8642.7,5020.2,30,21,iPhone
6470,retained,49,49,200,2797,297,0,2514.9,1421.5,19,18,Android
6471,retained,333,273,344,2613,382,37,2868.7,1174.6,29,21,iPhone
6472,retained,15,12,35,3362,292,20,4539.8,496.9,26,18,Android
6473,churned,120,96,159,1723,104,0,1233.7,732.0,3,3,iPhone
6474,retained,22,18,43,2242,80,0,2640.7,1569.2,1,1,Android
6475,retained,49,41,147,1401,497,0,1095.6,747.4,19,11,iPhone
6476,retained,41,33,63,2085,268,34,4167.4,2451.5,11,6,iPhone
6477,retained,122,98,194,3179,124,62,6166.4,4213.1,26,22,iPhone
6478,retained,69,56,149,3412,111,0,1363.4,790.1,15,12,iPhone
6479,retained,8,8,46,1596,147,0,1994.9,712.4,20,17,Android
6480,retained,23,19,174,1464,221,0,7886.9,3878.3,27,18,Android
6481,retained,27,27,56,999,17,30,4172.4,2821.2,8,8,Android
6482,retained,8,8,36,1209,0,19,1385.8,1064.7,20,18,iPhone
6483,retained,64,53,76,36,487,116,2018.8,1650.9,21,15,Android
6484,retained,80,66,200,3203,55,78,1628.6,862.6,13,11,Android
6485,retained,90,75,180,1248,506,202,3052.1,656.5,12,12,iPhone
6486,retained,21,21,91,1277,47,16,2179.2,1728.2,21,15,iPhone
6487,retained,160,128,167,2254,265,23,6268.7,5111.2,31,23,iPhone
6488,retained,8,6,226,1696,287,0,3699.8,1544.7,22,18,iPhone
6489,retained,91,74,251,601,0,46,2608.2,775.7,19,17,iPhone
6490,retained,43,37,70,1027,177,8,3771.6,2437.4,20,12,iPhone
6491,churned,12,12,171,1569,78,31,6303.4,1887.3,7,7,Android
6492,retained,7,7,35,593,142,0,2152.2,1606.9,7,7,Android
6493,retained,93,78,112,398,10,0,2454.4,1926.1,22,15,iPhone
6494,retained,136,110,150,340,0,97,4615.1,1843.0,15,10,iPhone
6495,churned,276,221,318,1020,40,12,2695.0,1763.3,11,4,iPhone
6496,retained,7,6,246,3292,89,205,4845.0,1427.5,27,24,iPhone
6497,retained,66,53,124,2470,64,19,3298.1,1061.3,4,4,Android
6498,retained,119,98,180,3492,146,110,6456.2,1434.7,23,18,iPhone
6499,retained,29,24,114,1404,13,0,1867.0,597.5,18,11,iPhone
6500,retained,122,100,131,132,21,52,5875.5,1074.5,29,19,iPhone
6501,retained,361,289,369,1127,0,120,2587.2,2092.1,21,19,iPhone
6502,retained,52,44,72,3264,0,0,4222.7,3367.9,18,18,Android
6503,retained,75,60,112,728,91,0,5507.3,1591.9,28,26,Android
6504,churned,128,102,848,1460,56,8,1506.5,574.7,30,24,Android
6505,retained,47,41,177,3019,259,3,448.9,341.1,21,18,iPhone
6506,retained,4,4,12,1390,191,0,2162.1,1008.1,19,11,Android
6507,churned,316,253,488,239,118,0,4687.2,2984.1,7,4,Android
6508,retained,26,23,293,1018,0,0,869.2,541.1,20,11,iPhone
6509,retained,143,117,243,2456,316,29,5247.0,2317.2,30,26,Android
6510,retained,350,282,611,467,46,0,4984.1,2603.3,13,6,Android
6511,retained,66,55,111,1974,45,178,2179.3,1341.2,20,18,iPhone
6512,retained,108,87,208,2722,0,122,2355.8,1596.8,9,5,Android
6513,churned,25,20,60,2901,319,0,3517.9,2097.1,8,2,Android
6514,retained,120,97,205,2753,0,0,4852.7,3762.2,18,14,Android
6515,retained,64,53,91,2619,0,71,3217.9,849.6,17,9,Android
6516,retained,16,16,254,801,128,0,1633.1,879.5,26,20,Android
6517,churned,87,74,191,2473,216,0,1797.4,513.4,2,0,iPhone
6518,retained,20,18,152,484,169,92,4333.3,1862.8,6,5,Android
6519,churned,33,27,35,568,0,0,5626.4,2043.3,20,18,iPhone
6520,retained,221,190,236,322,0,86,9437.5,1560.8,21,14,Android
6521,churned,34,28,77,2957,0,0,2226.6,1749.0,12,6,iPhone
6522,churned,277,264,443,1244,44,0,2613.4,1889.2,9,5,iPhone
6523,retained,15,15,59,3464,1,0,5508.7,1847.6,29,26,iPhone
6524,churned,31,25,164,3360,403,0,3623.4,1697.7,27,23,Android
6525,retained,70,56,315,1241,30,0,1930.3,495.6,10,4,iPhone
6526,retained,74,59,99,337,0,38,11269.1,7483.3,5,5,Android
6527,retained,37,29,134,2634,184,0,4508.7,2241.7,5,5,Android
6528,retained,0,0,147,2677,0,11,4804.5,1369.8,24,15,Android
6529,retained,3,3,12,572,0,0,9831.7,6734.8,25,15,iPhone
6530,retained,132,107,147,2763,55,61,2156.2,1510.4,7,5,Android
6531,churned,74,60,370,396,54,0,3077.9,1398.6,14,8,iPhone
6532,churned,22,18,236,1057,317,0,710.6,346.9,6,6,Android
6533,retained,21,21,44,1140,176,20,6721.0,2833.1,18,18,Android
6534,churned,103,103,398,405,257,38,2631.1,1061.5,6,1,iPhone
6535,churned,23,21,126,380,497,68,1488.9,522.1,27,24,Android
6536,retained,3,2,17,1498,3,31,2979.3,1843.3,25,23,iPhone
6537,churned,80,70,236,1066,14,0,6615.7,4306.8,23,23,iPhone
6538,retained,21,17,154,1506,712,0,3633.0,1726.9,27,23,iPhone
6539,retained,73,60,237,3497,86,0,6193.9,177.2,13,13,iPhone
6541,churned,72,72,355,1552,3,215,3281.2,1700.7,11,7,iPhone
6542,retained,53,44,76,2054,294,29,2929.6,1134.9,3,2,iPhone
6544,retained,21,18,111,2084,10,75,2335.2,1091.9,0,0,iPhone
6545,churned,41,37,165,703,57,7,1343.7,566.1,23,18,iPhone
6546,retained,90,76,209,3086,57,244,4773.4,2891.9,18,15,iPhone
6547,retained,25,20,163,2137,61,0,3229.2,1332.3,31,22,iPhone
6548,churned,36,29,76,1043,406,27,1687.4,176.3,17,13,Android
6549,retained,64,54,204,2888,442,0,2600.5,1241.1,19,17,iPhone
6550,retained,20,20,60,1438,248,165,8972.0,7473.7,17,13,iPhone
6551,retained,35,28,121,1619,0,22,8171.4,4167.1,10,4,iPhone
6552,retained,6,6,88,696,152,0,1723.2,1251.9,23,17,iPhone
6553,retained,49,40,173,3035,0,1,5029.0,1180.4,29,25,iPhone
6554,retained,60,60,138,3307,246,38,3812.6,3169.0,13,7,iPhone
6556,retained,1,1,30,779,0,0,3365.0,997.2,3,3,iPhone
6557,retained,21,17,51,630,110,0,5886.8,1618.8,15,15,iPhone
6558,retained,3,3,178,1388,0,0,3049.3,709.7,25,16,iPhone
6559,retained,58,47,66,2575,23,4,935.0,317.5,3,0,iPhone
6560,retained,162,130,254,2657,234,62,14372.2,5237.5,18,15,iPhone
6561,retained,15,15,63,1588,179,41,1133.3,802.9,23,17,Android
6562,retained,122,98,229,1873,30,42,3626.7,358.3,25,22,Android
6564,retained,451,369,629,2787,64,169,1375.8,969.7,5,5,iPhone
6565,retained,104,84,172,1243,138,18,8014.1,3394.1,28,18,iPhone
6566,retained,143,115,257,1025,188,41,6176.3,3345.9,22,16,Android
6567,retained,77,64,78,3433,0,0,1550.3,762.8,6,0,iPhone
6568,retained,9,9,209,1186,0,0,918.3,297.9,14,13,iPhone
6569,retained,236,189,548,2870,71,55,3655.1,1538.8,10,4,Android
6570,retained,153,125,184,613,0,0,1805.4,1090.0,16,16,Android
6571,churned,10,10,33,955,347,21,3643.0,440.1,18,12,iPhone
6572,churned,68,55,288,1441,140,155,3047.3,758.6,15,11,iPhone
6573,retained,73,73,130,33,32,32,7768.4,808.9,18,18,iPhone
6574,retained,78,67,136,1626,253,28,1840.0,1205.1,17,15,Android
6575,retained,28,23,121,2165,41,0,1892.5,1113.4,8,8,iPhone
6576,churned,161,161,439,2380,0,0,3645.9,587.1,4,4,iPhone
6578,churned,72,64,104,1086,362,0,4904.3,1730.8,17,17,iPhone
6579,retained,17,14,294,3399,11,0,3234.7,2170.0,30,25,iPhone
6580,retained,56,46,58,860,10,0,2926.1,1723.0,7,7,Android
6581,retained,16,14,24,2273,359,13,4898.2,3249.8,1,1,Android
6582,retained,121,119,276,2554,21,0,2111.3,1364.4,21,20,iPhone
6583,retained,11,11,11,2695,325,8,6557.3,134.1,1,1,iPhone
6584,retained,37,29,82,1480,451,0,2956.8,1082.2,31,24,iPhone
6585,retained,147,118,175,2079,656,0,1621.5,453.1,0,0,Android
6586,retained,56,48,128,2045,6,23,1593.7,975.6,2,0,Android
6588,retained,39,39,226,3418,238,41,6306.4,3535.2,28,20,Android
6589,retained,35,29,98,1699,0,27,4529.8,787.5,25,17,iPhone
6590,retained,61,51,67,2772,124,0,2870.8,993.9,10,10,iPhone
6591,retained,135,109,154,1413,231,70,2703.0,1352.7,7,7,iPhone
6592,retained,52,47,85,1703,72,84,2652.0,1995.2,7,7,iPhone
6593,retained,49,49,93,3012,0,89,3730.1,2941.1,0,0,Android
6594,retained,121,97,249,3396,0,0,11207.9,2541.8,18,18,iPhone
6595,retained,4,4,317,2886,354,55,2231.6,914.8,24,23,iPhone
6596,churned,2,2,204,561,0,0,4884.7,2022.1,4,4,iPhone
6597,retained,66,54,102,8,259,42,3210.1,1906.3,8,3,iPhone
6598,retained,18,14,405,332,0,0,6184.1,1962.8,20,14,Android
6599,retained,36,36,180,301,0,21,4539.5,3582.1,28,25,iPhone
6600,retained,105,84,129,755,35,0,3081.0,981.1,9,6,iPhone
6601,retained,19,17,133,1237,44,0,5132.3,2069.4,8,6,Android
6602,retained,21,17,121,1870,74,134,8325.5,3577.2,14,13,iPhone
6603,retained,78,64,95,702,63,0,6116.2,1480.6,10,10,iPhone
6604,retained,22,18,43,2005,254,2,3864.1,2864.6,2,2,iPhone
6605,retained,31,31,238,2066,6,0,4518.0,1437.0,16,16,iPhone
6606,retained,59,48,267,1805,61,0,1730.8,539.2,13,10,Android
6607,retained,7,7,117,27,178,20,1287.3,581.6,27,19,iPhone
6608,retained,13,10,119,1619,20,7,1524.9,1089.7,11,5,Android
6609,retained,8,7,226,904,290,30,2461.7,826.4,4,4,iPhone
6610,retained,29,28,45,198,124,27,711.7,237.9,3,0,iPhone
6612,retained,295,238,310,2525,530,57,5370.4,2150.2,29,27,Android
6613,retained,3,3,106,901,308,144,2218.7,1075.7,28,22,iPhone
6614,retained,40,32,41,1699,2,2,3247.9,972.6,0,0,Android
6615,churned,168,168,274,711,24,45,7466.9,2462.0,1,0,iPhone
6616,churned,1,1,188,809,0,0,4585.1,2115.2,2,0,iPhone
6617,retained,126,102,206,3449,37,86,999.0,628.4,11,5,iPhone
6618,retained,33,27,156,834,55,51,8256.1,5244.2,18,10,iPhone
6619,retained,26,21,93,1122,0,0,4285.7,1870.2,5,2,iPhone
6620,churned,365,292,482,1457,0,36,7845.1,5590.1,6,6,Android
6621,retained,115,93,296,1469,441,0,2234.8,710.7,30,23,iPhone
6622,retained,180,144,182,2820,84,8,4747.0,3945.7,30,24,iPhone
6623,retained,75,61,77,2521,206,0,552.6,175.4,15,9,iPhone
6624,retained,109,89,201,2005,214,0,1771.4,1464.3,10,5,Android
6625,retained,80,66,258,529,133,0,9577.9,3896.5,31,25,iPhone
6626,retained,102,83,164,1860,221,2,1017.7,645.3,12,12,Android
6627,retained,68,57,257,3419,40,0,4640.6,1223.3,22,14,Android
6628,retained,269,215,302,1520,411,0,2879.9,1410.1,9,5,iPhone
6629,retained,47,40,146,2572,0,38,1580.5,892.9,16,9,Android
6630,retained,74,59,996,1791,299,15,1794.0,225.4,10,10,Android
6631,churned,271,218,633,3451,129,0,7664.6,6292.3,4,4,iPhone
6632,retained,118,96,441,1445,0,0,2219.4,1383.8,29,21,iPhone
6633,retained,4,4,45,2570,48,0,3663.5,2414.7,26,21,iPhone
6634,retained,15,15,140,171,165,255,3027.6,1680.6,12,12,iPhone
6635,retained,51,41,98,644,216,55,5847.2,797.1,10,6,Android
6636,retained,195,160,297,3323,14,0,5692.4,4211.3,9,9,iPhone
6637,churned,31,31,47,784,0,1,1398.5,930.9,15,10,iPhone
6638,retained,211,169,279,2469,0,0,907.4,269.9,26,21,iPhone
6639,retained,11,10,223,1028,0,33,1388.3,325.5,9,3,iPhone
6640,churned,54,43,93,1137,0,3,6622.7,216.2,7,2,iPhone
6641,retained,126,103,254,2975,73,7,6028.8,4563.5,14,14,Android
6642,retained,83,67,91,1388,130,49,3561.7,2668.7,31,23,iPhone
6644,churned,73,61,75,341,0,8,2987.0,1740.1,0,0,Android
6645,retained,7,6,97,2915,33,5,3810.6,2828.2,13,8,iPhone
6646,retained,6,6,111,2393,275,1,1962.7,1324.6,13,13,iPhone
6647,retained,216,210,270,3487,109,25,7776.8,5954.7,11,11,Android
6648,retained,74,59,84,600,10,0,901.0,334.2,0,0,iPhone
6649,retained,15,12,16,1448,65,69,1222.5,943.7,25,19,iPhone
6650,retained,33,33,183,1043,0,53,3482.8,2681.9,24,15,iPhone
6651,retained,46,37,108,2537,48,0,2755.3,417.6,7,2,Android
6652,retained,6,5,191,817,149,11,968.4,582.6,29,19,iPhone
6653,retained,197,158,296,1431,0,1,3271.6,1525.2,18,12,Android
6655,retained,62,50,78,2336,0,0,4214.1,2460.0,4,0,iPhone
6656,retained,2,2,125,87,85,0,4220.5,2903.4,23,20,iPhone
6657,retained,130,104,460,244,20,124,2051.1,914.4,24,15,iPhone
6658,retained,41,35,107,1548,0,58,1610.9,972.9,17,12,iPhone
6659,churned,1,1,19,961,0,0,10711.8,1722.8,27,22,Android
6660,retained,15,15,45,3166,59,4,2451.6,832.8,18,12,Android
6661,retained,260,215,283,645,53,30,3173.2,742.9,12,7,iPhone
6662,retained,50,41,162,2281,0,0,6868.1,4065.5,10,10,iPhone
6663,retained,55,45,63,3454,73,44,5772.2,1920.8,26,21,iPhone
6664,retained,20,16,160,1387,330,53,4233.1,2374.3,23,19,iPhone
6665,retained,15,15,70,656,175,0,3061.8,740.8,10,10,iPhone
6666,retained,23,22,118,1146,59,0,2842.4,2093.1,11,9,iPhone
6667,retained,135,108,169,2506,21,0,6132.3,1950.3,24,22,iPhone
6668,churned,12,12,29,333,139,136,3141.1,911.7,3,3,iPhone
6669,retained,71,57,224,3468,58,5,7619.0,3023.3,27,17,iPhone
6670,retained,33,27,57,2853,66,0,697.5,222.4,19,17,iPhone
6671,retained,56,45,193,3334,468,4,3029.6,1560.2,29,21,Android
6672,churned,56,46,198,2042,0,0,1699.2,1152.8,7,4,Android
6673,churned,30,30,203,2635,29,109,711.8,106.5,4,0,Android
6674,retained,8,8,15,2899,70,0,6065.7,2094.0,17,11,iPhone
6675,retained,91,74,105,3425,456,0,1732.5,984.2,11,4,iPhone
6676,retained,68,58,226,3248,143,0,2469.6,1575.6,30,22,iPhone
6677,retained,48,48,178,2595,276,0,2441.1,563.9,3,3,Android
6678,churned,6,5,297,1818,144,0,9479.2,2599.9,12,10,iPhone
6679,retained,108,86,135,19,644,86,2262.5,1113.9,19,19,iPhone
6680,retained,45,45,228,3284,19,34,3769.0,2160.9,13,10,iPhone
6681,retained,2,2,154,1305,85,0,5316.5,2030.5,17,9,Android
6682,retained,203,163,282,3106,22,0,4809.3,937.4,6,5,iPhone
6683,churned,47,38,119,2224,554,0,928.4,736.5,11,5,Android
6684,retained,55,55,162,1107,0,68,1476.6,558.3,25,22,iPhone
6685,retained,53,44,211,3359,121,4,2713.4,1465.3,23,21,iPhone
6686,retained,59,48,170,2952,331,0,4578.4,2705.9,18,18,iPhone
6687,retained,32,25,151,3395,0,46,6235.5,4608.3,28,18,iPhone
6688,retained,162,132,228,3227,225,0,2070.4,436.9,12,10,Android
6689,retained,13,11,77,3336,7,0,2678.2,1408.2,1,0,iPhone
6690,retained,243,194,317,895,0,0,1836.6,318.0,5,5,iPhone
6691,retained,132,106,307,3038,251,14,2766.8,1166.5,19,15,Android
6692,retained,25,25,105,2382,188,0,1759.1,1439.5,28,19,Android
6693,retained,64,52,267,303,97,1,3249.3,1898.1,8,8,Android
6694,retained,2,2,158,2864,60,2,4179.9,785.6,24,17,Android
6695,retained,95,76,262,2177,45,57,8992.6,3182.6,23,16,Android
6696,retained,52,52,92,586,0,88,7703.4,902.6,13,6,iPhone
6697,retained,94,76,328,1503,274,35,3093.1,1287.2,6,6,Android
6698,retained,28,22,213,2475,0,29,1639.7,990.2,28,27,iPhone
6699,retained,184,147,257,2506,266,0,2793.9,1647.6,17,11,Android
6700,retained,12,10,307,2922,0,0,8899.1,6871.9,3,3,iPhone
6701,retained,88,73,322,2753,154,0,2217.3,1325.2,21,20,iPhone
6702,churned,101,82,438,286,40,0,4787.6,2728.1,14,8,iPhone
6703,retained,5,5,217,2329,108,0,1010.1,536.9,6,4,iPhone
6704,churned,25,23,68,599,32,0,7725.0,4508.1,1,1,Android
6705,retained,158,136,359,2506,0,16,11183.6,2318.9,12,11,iPhone
6706,retained,159,130,323,341,5,62,2922.0,1239.8,5,0,iPhone
6707,retained,10,9,181,2416,13,64,6772.8,2248.8,11,7,Android
6708,churned,4,4,120,983,11,7,1825.5,971.1,19,18,Android
6709,retained,211,171,237,2959,47,10,8220.3,752.4,6,4,iPhone
6710,retained,23,19,182,280,184,29,2851.0,506.3,10,6,iPhone
6711,retained,219,176,390,875,95,0,2344.2,1707.4,12,7,Android
6712,retained,74,62,149,2326,130,66,3062.8,1569.0,21,21,iPhone
6713,retained,66,53,189,3398,11,17,2336.3,1908.5,30,20,Android
6714,retained,37,31,199,1215,249,0,2135.6,376.9,5,3,iPhone
6715,churned,225,187,302,384,4,0,3763.6,558.9,1,1,iPhone
6716,retained,13,10,62,958,0,47,550.3,222.5,19,17,iPhone
6717,retained,52,52,104,3346,176,38,342.7,190.4,22,15,iPhone
6718,retained,38,38,140,2552,35,42,5993.0,4659.2,29,25,iPhone
6719,churned,63,54,117,96,0,135,5851.9,4745.5,10,6,iPhone
6720,churned,51,41,89,1213,0,147,3533.0,1809.2,13,7,iPhone
6721,retained,14,14,29,2789,0,46,1454.9,1065.9,5,5,iPhone
6722,churned,119,95,317,2222,0,64,2758.4,1073.8,8,8,iPhone
6723,retained,121,97,193,473,34,24,4344.4,2264.2,27,20,Android
6724,retained,99,80,292,1140,0,15,3273.3,110.5,10,8,Android
6725,retained,21,17,52,763,46,0,5644.5,511.1,21,17,Android
6726,retained,24,20,83,2343,0,5,4776.9,3965.5,28,20,iPhone
6727,retained,33,27,178,2017,62,0,4734.4,768.3,26,24,iPhone
6728,retained,6,6,84,894,36,0,4803.5,3845.8,15,15,iPhone
6729,retained,143,115,162,2399,78,28,2074.4,1351.5,5,3,iPhone
6730,retained,6,6,382,3432,16,79,4048.8,1546.6,26,25,Android
6731,retained,57,57,239,3166,80,0,8361.1,1031.3,23,23,Android
6732,retained,70,56,127,1021,165,10,6313.9,4927.8,16,16,iPhone
6733,churned,13,11,575,1943,161,57,5717.8,3589.2,2,2,iPhone
6734,retained,268,218,551,1843,16,4,8776.1,4595.9,21,13,Android
6735,churned,186,149,214,1069,99,0,1286.5,551.5,1,0,Android
6736,retained,25,20,145,1760,246,0,3623.1,730.4,22,14,iPhone
6737,retained,143,115,290,2067,51,20,3956.8,1574.7,16,16,iPhone
6738,retained,47,38,102,3062,218,0,7253.2,4816.2,21,13,iPhone
6739,retained,1,1,36,3451,92,10,2210.6,1772.5,29,21,iPhone
6740,retained,26,24,183,2482,96,28,5149.6,3538.5,22,21,iPhone
6742,retained,21,17,71,3163,111,0,3177.2,1468.0,9,9,Android
6743,retained,21,18,57,174,5,0,5488.9,2532.3,20,18,Android
6744,retained,214,172,299,2626,0,148,2965.9,260.5,4,0,iPhone
6745,retained,11,9,184,3452,79,32,1415.4,1172.1,25,23,Android
6746,retained,10,8,151,2853,264,0,3370.5,2330.9,28,22,Android
6747,retained,41,41,125,2202,0,133,1658.5,771.9,3,3,iPhone
6748,retained,11,9,167,418,330,0,3015.2,2237.3,22,17,iPhone
6749,retained,70,56,91,2955,237,0,2631.3,1710.6,15,15,iPhone
6750,retained,156,126,297,1136,26,0,930.8,684.7,6,2,iPhone
6751,churned,11,9,46,1268,168,118,9326.9,5861.2,1,1,Android
6752,retained,51,41,214,1116,0,87,2452.6,1035.5,25,24,iPhone
6753,retained,42,34,189,2537,74,34,2597.6,776.8,3,0,iPhone
6754,retained,50,40,65,1433,259,79,2432.3,570.7,21,14,Android
6755,retained,26,26,460,3102,58,30,5493.6,634.6,19,12,iPhone
6756,retained,43,34,62,2904,0,0,3804.5,389.6,7,7,iPhone
6757,retained,17,13,40,19,0,0,7818.4,4630.0,19,13,iPhone
6758,retained,13,11,60,1344,577,27,3238.6,2679.3,4,4,iPhone
6759,retained,20,20,74,1309,0,0,2456.2,1003.5,5,0,Android
6760,churned,131,105,267,483,443,45,4512.0,2512.4,7,7,iPhone
6761,retained,158,128,373,1777,204,0,7051.7,2456.1,21,14,iPhone
6762,churned,46,38,347,2057,39,0,709.6,208.7,19,17,iPhone
6763,retained,13,13,624,1325,18,56,3305.8,1225.3,31,23,Android
6764,retained,95,76,355,721,112,53,2560.2,1175.9,15,9,iPhone
6765,retained,106,85,112,492,163,55,3367.5,1403.4,11,6,iPhone
6766,retained,118,95,125,3418,220,0,5083.6,2264.3,28,20,iPhone
6767,retained,186,149,268,2433,57,0,1158.3,799.2,22,22,Android
6768,retained,29,29,39,1793,83,0,7455.1,6028.0,18,15,iPhone
6770,retained,13,11,43,2206,0,355,5586.9,2352.9,1,1,Android
6771,retained,89,72,164,3219,39,0,6957.8,2107.1,19,11,iPhone
6772,retained,64,52,67,3195,445,0,4541.3,3531.0,31,20,Android
6773,retained,34,32,63,2765,95,17,9551.0,2355.3,16,16,Android
6774,retained,10,8,85,1490,80,106,1223.1,699.4,5,5,Android
6775,retained,308,308,358,1256,369,83,6622.1,2590.6,30,23,iPhone
6776,retained,56,45,58,2203,30,32,3002.2,1423.6,8,5,iPhone
6777,churned,77,61,147,2647,178,0,976.8,494.5,3,3,iPhone
6778,retained,11,11,51,644,0,0,4352.6,3589.5,23,15,iPhone
6779,retained,43,35,117,2085,227,4,1788.5,1423.5,5,5,Android
6780,retained,392,314,408,41,0,0,1202.7,687.9,16,11,iPhone
6781,retained,78,63,209,1633,0,0,2458.9,188.2,24,16,Android
6782,retained,10,10,20,2042,0,18,2878.7,666.0,26,23,iPhone
6784,retained,23,18,220,10,103,17,3497.7,2078.6,10,10,iPhone
6785,retained,62,62,94,2117,117,118,2989.8,347.7,15,14,Android
6786,churned,56,47,123,622,109,184,4335.0,2492.4,9,5,iPhone
6787,retained,1,1,31,2875,4,0,4781.1,2564.0,21,13,iPhone
6788,retained,15,12,33,3024,0,19,2431.6,623.0,2,1,Android
6789,retained,1,1,160,3305,121,0,3912.5,1029.8,15,10,iPhone
6790,retained,171,137,540,1938,384,10,4966.8,2837.9,9,6,Android
6791,retained,65,52,67,542,302,73,6281.8,3337.4,28,19,iPhone
6792,retained,5,5,158,866,34,86,4937.1,3047.3,30,19,iPhone
6793,retained,6,5,77,1010,164,0,3069.3,2034.0,26,18,iPhone
6794,retained,99,80,163,227,0,0,3675.1,1803.1,3,3,iPhone
6795,churned,64,55,133,1308,110,49,2150.2,1188.8,2,0,iPhone
6796,retained,52,44,231,588,0,12,2352.2,82.7,24,23,Android
6797,retained,9,8,117,2171,168,105,6564.3,1530.1,24,17,iPhone
6798,retained,143,115,305,490,489,56,3088.8,547.7,7,5,iPhone
6799,churned,240,193,515,1638,204,84,5725.4,2518.5,4,3,iPhone
6800,churned,84,67,84,1572,4,0,1591.0,907.0,9,9,Android
6801,retained,98,78,180,2081,205,59,6627.4,304.7,3,0,iPhone
6802,retained,14,13,65,72,75,28,2692.3,796.0,25,16,iPhone
6803,churned,27,27,38,2031,114,37,5427.6,4024.7,3,3,Android
6804,retained,99,84,132,1304,85,0,7098.9,4172.2,30,19,iPhone
6805,retained,33,29,55,3108,105,33,3874.6,2850.2,25,23,iPhone
6807,churned,244,206,266,33,0,110,2411.6,1128.8,1,0,Android
6808,retained,51,51,104,584,0,41,4648.3,3227.5,26,23,iPhone
6809,retained,63,51,216,555,393,221,5500.1,2540.1,3,0,iPhone
6810,retained,68,55,110,2090,454,0,7284.2,2572.9,13,5,iPhone
6811,churned,126,101,178,58,403,0,5070.3,3679.9,10,10,iPhone
6812,retained,10,8,29,115,297,13,2011.1,1173.0,14,9,iPhone
6813,retained,52,42,138,19,156,1,597.5,448.4,19,17,Android
6814,retained,8,7,128,807,9,15,4562.9,2398.3,3,0,iPhone
6815,retained,20,16,44,3435,41,52,1684.2,620.6,29,21,iPhone
6816,retained,134,109,191,2555,53,0,606.1,336.5,3,2,iPhone
6817,retained,18,14,32,409,0,39,2403.8,1990.6,12,7,Android
6818,retained,96,84,155,593,0,174,1751.1,865.9,12,9,Android
6819,retained,5,5,24,2839,235,47,5430.7,2335.6,8,7,iPhone
6820,retained,11,10,101,855,0,0,4507.5,3358.9,10,6,Android
6821,retained,293,236,407,2182,0,0,3170.3,2120.3,23,21,Android
6822,retained,71,65,137,458,83,4,2736.3,1624.0,17,16,Android
6823,retained,32,27,53,3069,13,86,5420.1,3110.8,3,3,Android
6824,retained,8,8,189,2162,136,152,4115.3,2962.7,20,13,iPhone
6825,retained,15,14,59,2225,13,35,5954.8,4463.2,23,20,Android
6826,retained,14,14,110,778,43,140,4780.5,3888.7,17,11,iPhone
6827,retained,121,97,141,373,0,37,1576.5,613.9,9,7,iPhone
6828,retained,21,18,85,408,193,2,6396.0,1235.6,2,1,iPhone
6829,retained,132,106,279,2450,248,0,4351.1,1386.3,16,10,Android
6830,retained,15,13,36,3475,0,0,2750.7,787.3,9,9,iPhone
6831,retained,153,124,376,3298,190,30,7196.0,3234.9,31,28,Android
6832,retained,19,18,28,2033,54,0,1673.6,1031.0,23,17,Android
6833,retained,98,98,337,715,183,21,4146.9,2661.0,23,19,Android
6834,retained,149,123,343,453,647,0,1699.3,628.1,25,20,Android
6835,retained,19,18,38,3327,0,127,2975.2,331.4,11,9,iPhone
6836,churned,54,43,590,465,188,0,178.2,85.2,4,4,iPhone
6837,retained,60,48,276,1175,0,140,5382.5,3437.5,4,3,iPhone
6838,retained,27,27,129,1943,66,0,1878.2,1293.3,9,3,iPhone
6839,retained,34,31,57,1872,158,32,2935.6,1477.4,22,13,iPhone
6840,retained,117,94,250,908,239,4,2006.1,932.3,10,5,iPhone
6841,retained,21,17,156,3255,0,22,6635.6,4533.5,9,9,Android
6842,retained,32,25,37,1181,113,0,4808.4,2401.8,26,24,iPhone
6843,retained,4,4,12,692,51,0,1128.5,465.9,16,9,Android
6844,retained,21,21,111,3274,36,23,5411.0,4104.4,10,7,Android
6845,retained,120,97,245,3355,4,0,4310.3,840.8,8,3,Android
6848,churned,193,155,213,3369,488,0,3594.2,1005.4,8,8,Android
6849,retained,4,4,64,3125,0,0,2815.8,1478.8,26,24,iPhone
6850,churned,219,181,346,1243,377,83,4911.8,2221.5,22,14,iPhone
6851,retained,75,69,185,3035,141,0,6214.8,3209.9,12,12,iPhone
6852,retained,4,4,203,1635,322,13,2788.7,1573.0,16,8,iPhone
6853,retained,93,74,193,416,206,0,8580.0,4589.7,30,22,iPhone
6854,retained,169,136,459,2682,183,4,1908.2,953.0,5,5,iPhone
6855,retained,60,50,271,652,0,68,8104.7,5890.9,18,11,iPhone
6856,churned,9,9,26,313,9,5,9066.3,1512.3,7,7,Android
6857,retained,13,13,114,1626,0,119,1993.9,409.4,17,13,Android
6858,retained,28,26,261,380,56,25,5885.6,858.8,3,3,iPhone
6859,retained,145,117,166,1866,8,10,11090.5,1016.7,15,8,Android
6860,retained,44,35,446,1601,49,77,3070.5,387.2,6,6,iPhone
6861,churned,5,5,191,2843,101,46,2567.0,1095.1,2,0,iPhone
6863,retained,17,17,56,1909,15,0,2806.6,663.6,29,25,Android
6864,retained,236,190,339,1237,0,0,2297.5,662.5,14,13,iPhone
6865,retained,208,166,420,965,73,0,4638.0,1994.9,27,18,Android
6866,retained,117,94,176,1922,38,19,1812.8,411.5,27,24,iPhone
6867,retained,359,288,724,1308,52,0,3596.6,2805.2,9,6,iPhone
6868,retained,2,2,238,49,0,35,5912.9,1262.3,21,16,iPhone
6870,retained,4,4,17,698,487,4,2904.2,590.5,25,15,iPhone
6871,retained,1,1,3,1706,112,0,1734.2,974.5,8,8,iPhone
6872,churned,5,4,46,769,101,9,7137.5,4480.9,2,1,Android
6873,retained,43,43,447,504,277,73,1680.0,960.4,20,13,iPhone
6874,retained,0,0,6,51,0,0,4273.7,3560.7,12,12,iPhone
6875,retained,0,0,43,131,98,0,1805.2,1279.1,20,12,Android
6876,churned,22,22,141,1506,205,62,5703.5,4593.8,15,7,Android
6877,retained,64,56,218,1815,3,0,2033.5,1503.3,26,24,iPhone
6878,retained,33,26,39,1590,301,72,1959.5,1355.0,20,18,iPhone
6879,retained,21,17,175,3175,293,138,2947.9,2040.7,1,0,iPhone
6880,retained,188,150,208,215,51,58,1516.3,1204.3,25,24,iPhone
6881,retained,2,2,77,2319,50,51,3104.3,423.8,16,9,iPhone
6882,retained,7,7,23,1241,23,0,5166.4,4152.8,9,9,iPhone
6883,retained,33,33,202,1336,68,11,3437.3,1747.3,30,23,iPhone
6884,retained,64,59,136,1889,32,0,2129.5,1199.0,4,4,Android
6885,retained,19,16,120,1012,0,0,2674.0,1855.7,29,19,iPhone
6886,churned,130,104,139,2865,28,44,4119.6,1229.2,1,0,iPhone
6887,retained,5,4,313,3273,0,0,2128.7,922.0,14,13,iPhone
6888,retained,64,51,436,3027,27,20,3715.4,1306.2,14,10,iPhone
6889,churned,23,19,158,1481,223,0,670.4,326.8,5,5,Android
6890,retained,41,33,625,1481,412,9,2514.8,1948.0,16,8,iPhone
6891,retained,7,7,64,231,338,35,1837.7,1482.5,16,16,iPhone
6892,retained,2,2,18,3115,42,2,2907.5,2118.1,19,11,iPhone
6893,retained,183,146,242,2481,0,0,2066.9,762.9,28,27,iPhone
6894,retained,3,3,351,3243,235,125,5414.8,1544.6,7,7,Android
6895,retained,316,253,337,1650,3,135,2077.7,1261.6,4,0,iPhone
6896,retained,53,43,173,372,2,27,14367.3,3315.0,20,20,Android
6898,retained,25,20,89,1326,0,0,3107.4,520.8,27,17,iPhone
6899,retained,125,100,227,2694,252,4,5115.0,736.0,25,19,iPhone
6901,retained,93,75,96,2949,138,17,4200.0,495.0,22,15,iPhone
6902,churned,7,6,211,713,90,0,2881.8,955.4,28,25,iPhone
6903,retained,103,83,204,1235,164,0,3591.1,617.4,21,15,iPhone
6904,retained,29,24,200,357,125,0,3433.1,829.0,30,25,iPhone
6905,retained,58,51,234,335,0,65,724.9,544.4,20,13,Android
6906,retained,92,73,120,972,59,0,2337.0,736.3,6,6,iPhone
6907,retained,9,9,110,1320,0,0,1029.6,359.1,28,22,Android
6908,retained,177,152,228,2863,389,27,1607.4,696.4,30,29,Android
6909,churned,54,44,74,1096,0,0,2652.2,1704.2,19,18,iPhone
6910,churned,296,296,360,733,190,34,6266.3,3028.4,2,2,Android
6911,retained,105,105,107,1141,264,22,1492.8,608.0,5,1,iPhone
6912,retained,84,71,125,2663,48,137,3956.8,2356.3,24,18,Android
6913,retained,64,64,104,1280,0,0,4690.5,2284.3,7,5,Android
6914,churned,1,1,80,3471,115,83,2329.9,1029.2,6,6,Android
6915,retained,48,38,345,2305,0,0,8889.8,4149.1,13,13,iPhone
6916,retained,36,30,66,2530,346,4,1657.6,1373.4,18,18,Android
6917,churned,22,19,115,2293,0,80,1842.9,380.2,0,0,iPhone
6919,retained,97,79,130,2759,445,0,8592.8,3234.5,20,18,iPhone
6920,churned,39,39,205,3000,0,205,4895.2,1680.2,21,15,Android
6921,retained,3,2,29,1248,55,65,7593.7,1696.2,22,18,Android
6922,churned,32,26,64,2275,266,143,4404.8,1549.3,17,9,iPhone
6923,retained,32,32,47,1838,144,152,279.2,117.7,25,16,iPhone
6924,retained,54,44,319,876,103,0,3378.6,2204.2,8,8,iPhone
6925,retained,38,37,331,2912,3,0,4212.6,3509.0,28,26,Android
6926,retained,92,75,293,845,0,0,2309.7,957.9,30,21,Android
6927,retained,67,54,98,3443,576,4,6579.2,2451.5,21,14,Android
6928,retained,18,15,205,3061,125,20,3649.6,2161.9,19,11,Android
6929,retained,69,69,145,2556,42,0,6277.7,4156.7,17,16,Android
6930,retained,28,23,118,2253,411,0,5066.8,4109.1,11,11,Android
6931,retained,105,85,199,1075,0,76,3770.8,2400.9,10,7,iPhone
6932,churned,132,107,194,2156,491,73,2740.6,1070.5,5,5,iPhone
6933,retained,34,28,50,1731,102,0,1583.3,1105.0,22,18,iPhone
6934,retained,278,225,316,3031,250,31,8741.5,6328.1,24,23,iPhone
6935,churned,56,51,244,1294,120,84,4616.3,2900.2,1,0,iPhone
6936,retained,82,66,137,1515,20,0,1132.5,403.0,10,5,Android
6938,retained,30,25,84,2713,110,0,7779.3,4387.8,28,21,Android
6939,retained,4,4,57,1986,0,66,4598.1,3410.4,19,11,iPhone
6940,retained,6,6,124,3212,4,9,2863.5,370.4,27,25,Android
6941,retained,134,107,207,2646,24,0,2904.2,623.0,17,17,Android
6942,retained,183,147,283,2395,0,51,798.6,417.3,30,20,Android
6943,retained,241,193,280,2875,0,111,3938.3,1810.1,21,20,iPhone
6944,retained,82,66,127,74,86,13,2857.7,1095.2,29,25,Android
6945,retained,18,16,190,2710,170,20,3670.8,1204.4,11,8,iPhone
6946,retained,89,89,147,1756,43,10,3856.4,632.2,22,21,iPhone
6947,churned,48,39,66,2755,0,45,6530.0,3093.0,15,10,Android
6948,churned,101,90,278,1049,0,0,3170.9,1450.8,16,16,Android
6949,retained,43,36,156,2364,126,5,2865.2,159.1,14,11,iPhone
6950,retained,77,64,210,2579,49,11,4485.2,1708.1,24,21,iPhone
6951,retained,54,48,55,779,0,17,3361.8,1724.7,3,3,Android
6952,retained,51,45,260,3102,569,0,1323.8,994.3,16,16,iPhone
6953,retained,11,10,22,708,0,6,2424.4,385.2,1,1,iPhone
6954,retained,36,36,197,3379,90,37,3163.0,854.6,17,15,Android
6955,retained,284,232,297,2746,0,0,3082.2,2064.7,26,26,Android
6956,churned,136,109,324,1251,153,0,6444.4,1460.0,13,9,iPhone
6957,retained,30,24,136,948,409,16,819.3,382.1,11,11,iPhone
6958,retained,94,76,127,1550,413,0,3591.4,281.5,10,10,Android
6959,retained,3,3,99,1393,67,0,3131.1,1745.8,29,28,iPhone
6960,retained,32,32,334,756,506,112,4711.3,2197.5,0,0,Android
6961,retained,140,112,150,15,137,0,2725.3,1553.4,14,14,iPhone
6962,retained,4,4,97,291,82,0,815.2,277.6,29,25,Android
6963,retained,93,86,118,1698,62,0,1978.3,1156.0,17,16,iPhone
6965,retained,95,76,204,42,66,0,3108.3,1553.6,19,17,iPhone
6966,retained,51,41,59,1644,288,0,9421.2,3888.0,6,6,iPhone
6967,churned,27,27,67,2180,151,13,5188.3,2073.8,12,12,iPhone
6968,retained,29,25,134,454,597,0,4024.2,631.5,2,0,iPhone
6969,retained,22,18,32,605,22,6,6216.6,3079.4,25,18,Android
6970,retained,127,102,128,2640,132,37,2460.8,1215.3,12,10,iPhone
6971,churned,326,261,328,1560,307,71,2792.6,1372.2,13,13,iPhone
6972,retained,14,13,168,1514,494,0,4387.4,2185.6,25,21,Android
6973,churned,49,39,240,2860,23,0,2624.4,1601.5,29,22,iPhone
6974,retained,3,3,27,2487,134,56,2774.3,1891.2,29,19,iPhone
6975,retained,48,39,143,759,5,0,1121.8,602.8,25,20,iPhone
6976,retained,351,281,435,2069,75,37,8567.2,5021.0,18,11,iPhone
6977,retained,62,53,162,1831,0,0,5749.0,4208.7,19,17,iPhone
6978,retained,140,113,272,2210,127,0,10167.8,2842.6,15,9,iPhone
6979,churned,231,215,345,3231,0,43,1616.7,1015.8,4,4,iPhone
6981,retained,54,44,180,1889,226,0,1622.6,533.3,18,16,iPhone
6982,retained,37,37,206,2506,3,108,1502.7,951.0,14,9,Android
6983,retained,0,0,38,3381,0,57,16480.9,4369.6,27,25,Android
6984,retained,148,119,210,892,583,0,5455.6,4145.8,25,25,iPhone
6985,retained,52,52,259,2550,42,0,3349.5,2149.6,10,10,iPhone
6986,retained,31,31,96,1760,107,0,2919.4,902.3,20,16,iPhone
6987,retained,79,63,111,1166,67,11,2714.4,971.5,15,10,iPhone
6988,retained,78,63,124,833,4,29,3709.6,2986.8,22,17,iPhone
6989,churned,70,70,149,995,26,45,4969.1,3353.4,5,5,Android
6990,retained,80,67,233,2303,139,0,4100.3,1970.0,9,3,Android
6991,retained,104,104,218,3431,0,20,2065.2,1293.2,17,17,iPhone
6992,retained,8,8,31,2752,395,0,3704.2,2030.2,3,3,Android
6993,churned,37,30,321,2484,0,9,6028.3,3636.4,16,14,Android
6994,retained,250,200,383,3104,12,66,3915.9,647.6,16,15,iPhone
6996,churned,53,53,57,1174,21,0,2972.2,992.0,4,1,iPhone
6997,retained,31,31,230,2048,35,1,395.9,207.5,10,6,iPhone
6998,retained,131,131,171,3185,191,191,4903.7,3332.0,22,22,iPhone
6999,retained,41,41,445,2427,260,28,2855.0,469.6,13,13,iPhone
7000,churned,158,127,175,879,181,24,1160.2,847.4,9,9,iPhone
7001,retained,51,42,162,605,0,93,1550.3,1212.5,11,5,iPhone
7002,churned,298,239,396,83,73,43,4556.1,3026.7,4,4,Android
7003,retained,190,155,413,1455,121,0,2906.6,1710.5,15,10,Android
7004,retained,26,26,89,1944,0,0,2464.0,1352.9,22,16,Android
7005,retained,248,199,325,1137,0,158,3154.2,1586.0,11,11,iPhone
7006,retained,48,39,80,1244,0,0,5696.1,3612.4,0,0,Android
7007,retained,145,116,169,102,384,42,4704.8,2750.1,14,13,Android
7009,retained,101,81,197,2609,0,0,1251.1,666.3,30,20,iPhone
7010,retained,191,153,230,34,0,73,2143.2,1123.2,3,3,iPhone
7011,retained,160,140,519,1514,322,0,3408.0,2199.1,27,20,iPhone
7012,retained,89,74,172,1896,0,47,3231.5,1373.5,1,1,Android
7013,retained,45,42,275,2621,253,0,6361.9,4940.2,26,19,Android
7014,retained,25,22,203,1766,185,43,12394.8,7815.3,20,16,Android
7016,retained,19,19,71,716,46,88,4650.3,3323.1,23,14,iPhone
7017,retained,40,32,176,1375,119,0,8890.6,1099.2,20,20,iPhone
7018,retained,357,286,359,1982,72,153,4308.5,1660.1,11,9,iPhone
7019,retained,29,24,176,1884,95,29,11051.9,1254.3,7,5,iPhone
7020,retained,7,7,191,1759,0,64,3493.9,2829.6,5,3,Android
7021,retained,21,18,269,377,206,66,1606.0,354.8,6,6,iPhone
7022,churned,86,69,252,1032,150,32,1687.5,1393.1,24,18,Android
7023,retained,41,37,94,838,0,11,1337.4,618.0,3,0,iPhone
7024,retained,80,65,97,2080,159,0,7945.6,6216.3,0,0,iPhone
7025,retained,9,8,54,3445,62,63,1968.1,1043.7,13,13,iPhone
7026,retained,97,81,243,1011,229,55,5475.8,2935.7,21,14,iPhone
7027,retained,85,70,195,502,16,88,1371.8,352.8,23,20,iPhone
7028,retained,77,68,197,1595,6,8,7853.3,5069.2,29,22,iPhone
7029,retained,23,20,211,2917,9,0,3822.0,1000.1,26,20,iPhone
7030,retained,196,182,316,169,74,30,3341.0,2195.2,14,7,iPhone
7031,retained,70,60,195,811,0,0,1840.4,1084.4,28,27,Android
7033,churned,13,11,285,3194,103,0,4358.9,1176.4,2,1,iPhone
7034,retained,95,77,190,1829,178,0,1455.2,1142.7,17,15,iPhone
7035,churned,189,165,456,2507,45,98,2614.4,1724.4,1,0,Android
7036,retained,132,107,151,3498,31,0,2329.2,1704.6,3,0,Android
7037,retained,157,126,223,1148,90,42,5778.8,1740.1,21,21,Android
7038,retained,46,37,82,2507,16,3,3935.6,753.2,6,2,iPhone
7039,retained,12,11,16,760,26,78,2639.2,726.3,30,28,Android
7040,retained,18,15,32,2197,140,0,2848.5,1918.3,22,19,Android
7041,retained,158,127,216,3265,66,71,4274.8,2901.4,27,24,Android
7042,retained,11,11,30,684,109,1,3312.2,2489.3,13,7,iPhone
7043,retained,100,80,304,2213,137,0,4467.3,1283.1,26,20,Android
7044,retained,108,97,306,1479,66,249,2376.9,1146.6,11,4,Android
7045,retained,140,123,270,1023,321,0,6298.0,1404.6,3,0,iPhone
7046,retained,85,68,166,3020,7,33,1756.3,1042.3,26,20,iPhone
7047,retained,12,12,32,1897,43,29,6213.9,3264.3,21,16,iPhone
7048,retained,89,72,430,1660,27,0,3956.6,2056.9,29,28,iPhone
7049,retained,92,74,359,2246,29,0,3058.9,2455.1,3,2,iPhone
7050,churned,261,218,264,3083,293,0,2242.6,1607.1,8,6,Android
7051,retained,0,0,82,725,211,0,3449.7,2706.5,9,8,iPhone
7052,churned,123,100,578,2465,17,24,5267.2,3746.6,12,12,Android
7053,retained,171,138,265,2640,73,13,4677.9,1257.7,31,21,iPhone
7054,retained,133,108,270,1435,447,0,4945.7,1484.3,10,8,iPhone
7055,retained,23,23,27,1137,90,0,3707.0,1320.4,10,10,iPhone
7056,retained,153,123,212,1123,83,7,2586.8,1502.2,12,5,Android
7057,churned,16,13,30,171,68,42,1887.2,1526.3,0,0,Android
7058,retained,155,126,177,1725,165,0,5636.1,1463.8,12,8,iPhone
7059,retained,32,32,359,306,0,0,5082.8,1694.8,15,8,iPhone
7060,retained,57,45,137,3166,0,33,3756.8,2790.1,8,8,Android
7061,retained,136,135,216,1077,311,0,4318.2,2774.7,29,28,iPhone
7062,retained,12,12,411,1631,0,58,6958.4,2873.5,9,5,Android
7063,retained,192,163,331,3177,49,0,2600.1,1585.1,30,19,Android
7064,retained,17,16,94,275,6,0,1026.5,822.4,27,20,iPhone
7065,retained,120,104,180,2945,63,66,2371.2,598.3,22,13,Android
7066,retained,67,67,142,2124,6,75,3117.8,2277.1,11,10,Android
7067,retained,2,1,5,1329,0,0,2647.7,1698.1,1,1,iPhone
7068,churned,10,10,86,636,479,39,5769.2,2213.4,14,6,iPhone
7069,retained,61,49,256,2748,94,0,1685.0,1364.9,18,12,Android
7070,retained,0,0,71,168,264,0,1842.7,1164.4,6,2,Android
7071,churned,8,7,84,1351,49,0,4787.2,1280.4,6,1,Android
7072,churned,29,23,138,630,153,0,6607.7,2690.1,28,24,iPhone
7073,retained,75,69,273,359,0,41,2002.0,1589.5,13,13,iPhone
7074,retained,15,15,176,602,47,0,10320.2,7427.3,2,2,iPhone
7075,retained,8,8,345,2721,547,0,4411.9,2441.6,14,14,Android
7076,retained,26,26,49,3102,112,5,834.9,328.5,18,13,iPhone
7077,retained,25,20,123,1667,25,44,3107.9,1515.3,3,3,iPhone
7078,retained,99,80,102,1873,37,0,7561.2,4899.4,4,1,iPhone
7079,retained,141,113,388,2522,172,0,1342.4,228.2,26,25,Android
7080,retained,22,18,74,2664,170,0,2921.5,1464.5,9,7,iPhone
7081,retained,84,68,219,2238,47,43,1809.1,1251.5,30,29,iPhone
7082,retained,3,3,487,2302,148,83,4043.7,679.6,29,28,Android
7083,retained,26,22,31,106,104,41,1500.8,349.4,16,12,iPhone
7084,retained,88,73,209,281,1,239,4931.2,2054.0,15,11,Android
7085,retained,144,117,260,863,317,67,906.0,225.6,12,8,iPhone
7086,churned,83,67,517,395,349,40,4331.3,2688.0,24,19,iPhone
7087,retained,22,22,161,2385,0,88,6526.8,4223.7,12,10,iPhone
7088,churned,7,7,109,2757,2,0,6097.5,4681.3,7,5,iPhone
7089,retained,12,11,16,2994,91,59,1871.2,851.8,17,16,Android
7090,retained,64,52,197,195,17,147,2196.5,1725.5,21,21,iPhone
7091,retained,193,161,244,647,0,117,1360.6,342.7,19,13,iPhone
7092,churned,112,90,123,2073,0,0,1122.3,552.8,23,15,iPhone
7093,retained,48,39,89,1109,206,0,2579.5,949.1,14,10,Android
7094,retained,64,52,469,2824,206,64,2382.7,1618.5,6,5,Android
7095,retained,10,9,55,21,38,32,2226.5,182.4,18,14,Android
7096,churned,38,36,79,224,237,4,5805.5,2913.9,2,1,iPhone
7097,retained,30,25,40,2787,447,25,9985.8,2045.8,20,16,iPhone
7098,retained,82,66,183,2415,0,3,3869.2,3196.3,28,21,iPhone
7099,retained,199,160,291,2348,20,119,6915.5,3907.6,23,18,iPhone
7100,retained,56,45,248,3473,51,142,1571.1,908.5,16,16,iPhone
7102,retained,82,68,130,95,0,0,5272.0,4129.9,16,10,iPhone
7103,retained,79,79,177,219,76,56,3139.5,1723.0,16,12,iPhone
7104,retained,158,127,178,3174,2,16,5134.2,1672.7,19,13,Android
7105,retained,79,65,89,2068,134,0,8032.1,355.1,3,0,iPhone
7106,retained,20,20,93,2118,221,31,7904.8,2747.7,27,18,Android
7107,retained,9,9,73,2841,18,0,2497.8,329.9,26,24,Android
7108,retained,107,85,143,2089,395,7,6290.8,2867.4,15,7,iPhone
7109,retained,4,3,10,239,4,0,11654.6,7675.0,28,22,iPhone
7110,churned,33,30,37,2889,137,155,2659.7,1438.8,22,16,iPhone
7111,retained,179,152,211,2963,0,0,1390.5,997.5,2,1,Android
7112,retained,176,141,263,2202,124,26,1413.8,725.9,3,3,iPhone
7113,retained,115,93,165,123,110,56,3467.9,1731.6,21,21,iPhone
7114,retained,52,44,224,2122,43,42,4121.2,2422.5,23,17,Android
7115,retained,44,44,203,2505,51,20,1641.9,879.1,11,7,Android
7116,retained,375,301,534,542,161,41,791.6,591.1,2,2,iPhone
7117,churned,138,111,241,2854,59,7,1805.0,1415.3,28,24,Android
7118,retained,265,244,314,3008,314,14,2180.9,1700.0,15,8,Android
7119,retained,176,141,182,2856,179,32,3905.7,1187.1,2,2,iPhone
7120,retained,31,25,380,779,318,0,3239.2,1174.8,15,14,iPhone
7121,retained,17,15,144,2684,75,31,3678.6,3064.3,24,19,iPhone
7122,retained,371,301,413,3437,18,44,1068.7,756.4,28,26,iPhone
7123,churned,49,41,68,1471,134,15,6157.6,1513.5,6,2,iPhone
7124,retained,42,42,43,2477,0,20,3911.4,314.1,1,1,Android
7125,retained,86,69,96,671,2,0,1902.6,1049.4,2,2,iPhone
7126,retained,26,22,33,102,0,172,5856.5,626.7,15,13,iPhone
7127,retained,68,58,71,2960,0,9,4624.2,3449.4,27,19,iPhone
7128,retained,84,70,168,586,194,98,2692.4,933.2,1,0,iPhone
7129,churned,15,12,70,1087,194,244,496.0,116.5,13,12,Android
7130,retained,188,151,260,1950,272,29,6722.9,3914.3,18,18,iPhone
7131,retained,50,48,130,2145,21,415,2724.7,720.8,16,11,Android
7132,retained,8,7,226,2424,5,38,6661.7,2911.8,7,5,iPhone
7133,retained,60,54,74,1490,0,0,4568.1,1963.4,29,21,iPhone
7134,retained,36,31,64,427,127,0,7208.6,1717.1,21,19,Android
7135,retained,137,113,350,2725,0,26,3009.1,1765.7,18,10,Android
7136,retained,105,88,198,3240,179,256,9449.6,415.1,10,7,Android
7137,retained,85,68,496,2588,0,40,3352.3,1620.0,8,3,iPhone
7138,churned,19,16,230,2497,193,0,3231.8,2523.2,3,3,iPhone
7139,retained,6,6,26,2105,0,0,2496.3,1875.7,19,16,iPhone
7140,churned,224,194,317,2712,241,0,4669.6,1556.1,21,15,Android
7141,churned,24,22,98,1947,5,75,2934.3,1284.8,15,12,iPhone
7142,retained,0,0,120,3076,125,7,1055.8,372.9,5,4,iPhone
7143,churned,19,16,83,716,55,51,5120.7,1155.3,17,9,Android
7144,retained,4,3,58,1880,44,11,2510.4,889.4,31,20,Android
7145,retained,34,31,155,772,0,29,2952.5,2006.6,2,2,iPhone
7146,retained,125,102,294,898,441,62,8405.5,5845.2,18,15,iPhone
7147,retained,0,0,212,438,84,0,5342.9,4065.8,18,18,iPhone
7148,retained,6,5,75,2324,219,1,1627.2,246.3,15,7,iPhone
7149,churned,179,143,194,3376,31,0,2177.0,1018.1,1,1,iPhone
7150,churned,126,102,174,1350,57,0,3555.7,2546.7,8,8,iPhone
7151,retained,190,155,236,2300,197,79,6228.6,3771.1,15,14,iPhone
7152,churned,72,58,134,398,40,20,2131.7,1116.7,10,8,Android
7154,retained,52,42,129,2191,130,0,4471.5,3494.6,8,8,Android
7155,retained,287,242,383,3165,116,21,694.2,431.5,14,10,Android
7156,churned,97,94,151,808,275,0,3014.7,1388.2,4,2,iPhone
7157,retained,77,77,137,2350,0,44,1208.3,343.3,22,22,Android
7158,churned,52,42,101,2285,45,0,2147.2,629.3,10,10,Android
7159,churned,13,10,112,1074,176,12,2760.1,2115.0,5,0,iPhone
7160,retained,90,72,192,3458,331,0,5774.3,283.4,21,14,Android
7162,retained,185,149,475,488,58,0,3538.8,2476.0,29,28,iPhone
7163,retained,84,67,410,3311,357,65,2087.3,1048.9,20,13,iPhone
7164,retained,88,72,125,1469,0,3,4186.2,3184.7,30,20,Android
7165,retained,103,85,150,3212,7,47,5119.1,3555.0,8,8,Android
7166,retained,35,30,63,987,79,0,5725.3,347.7,25,21,iPhone
7167,retained,14,14,50,2884,20,50,2640.1,1358.8,23,14,iPhone
7168,retained,287,230,446,1281,0,0,3683.7,1394.7,21,12,Android
7169,retained,21,21,41,1664,285,55,3184.1,2605.2,11,11,Android
7170,retained,69,58,119,2682,102,72,3876.5,3045.4,19,17,iPhone
7171,churned,346,277,586,345,44,17,2375.4,1067.0,3,3,iPhone
7172,churned,40,33,101,3053,338,1,6202.2,689.9,4,4,iPhone
7173,churned,34,28,73,898,0,2,3035.3,2376.5,0,0,iPhone
7174,retained,50,43,74,2409,62,6,3351.2,90.6,8,3,iPhone
7175,churned,25,25,40,197,3,18,2407.4,1437.2,14,8,Android
7176,retained,2,2,333,2242,73,194,3564.2,2453.7,18,11,iPhone
7177,retained,15,12,86,3026,163,0,3553.0,1964.8,27,23,Android
7178,retained,86,69,109,1941,0,0,10142.4,6382.5,1,0,iPhone
7179,churned,39,33,292,2082,29,24,1553.8,1267.6,0,0,iPhone
7180,retained,4,4,63,2578,155,43,2953.7,1412.2,11,6,iPhone
7181,retained,11,11,38,1944,0,95,3177.8,794.8,29,26,Android
7182,retained,0,0,11,3236,173,2,5517.5,1590.3,6,6,iPhone
7183,retained,68,55,315,2331,107,7,4660.6,2133.0,19,19,iPhone
7184,churned,7,7,71,701,23,0,12527.2,6483.2,28,20,Android
7185,retained,105,105,145,3030,17,84,10559.2,5463.5,31,30,iPhone
7186,retained,126,105,222,2983,0,40,8859.1,4004.9,28,23,iPhone
7187,retained,31,25,63,393,0,51,2922.1,1492.0,16,11,iPhone
7188,churned,39,39,101,20,0,26,9901.1,4669.7,20,13,Android
7189,retained,109,87,183,1792,34,0,5364.8,1903.6,10,7,iPhone
7190,retained,146,117,156,852,41,4,4201.1,679.4,31,24,iPhone
7191,retained,52,42,106,1976,207,0,7280.0,4430.6,24,18,Android
7192,churned,223,178,287,1327,218,0,953.9,500.2,6,6,iPhone
7193,churned,58,47,97,1511,0,82,794.0,545.8,17,17,iPhone
7194,retained,8,8,184,1433,68,0,7674.7,2819.3,28,26,Android
7195,retained,16,13,306,2678,13,9,7495.6,3306.6,7,1,Android
7196,retained,34,27,64,2285,185,79,626.2,503.0,24,20,iPhone
7197,retained,110,101,183,3080,380,9,3938.2,1207.0,7,7,iPhone
7198,retained,34,28,205,2286,138,1,6844.7,2047.9,14,6,Android
7199,retained,100,83,305,1768,58,56,2464.1,577.8,6,5,Android
7200,retained,22,19,52,2829,3,3,2027.7,1474.6,9,7,Android
7201,retained,140,117,169,3364,77,0,4483.2,1042.2,28,19,iPhone
7202,retained,3,2,72,3149,32,0,5896.2,1851.5,11,5,iPhone
7203,retained,2,2,86,47,389,12,1910.7,888.2,31,27,Android
7204,retained,53,44,179,1047,0,19,3539.0,2143.9,26,22,iPhone
7205,retained,73,73,74,1180,117,0,6135.9,1299.5,15,15,Android
7206,retained,12,9,101,2122,193,0,3070.0,2383.2,11,9,iPhone
7207,retained,208,167,226,2997,0,18,4138.1,2834.2,12,7,iPhone
7208,retained,99,79,145,2310,286,76,3300.9,1366.5,31,20,Android
7209,retained,71,57,92,1436,191,0,2337.4,679.6,14,12,Android
7210,retained,175,140,271,2020,73,90,4066.0,1464.6,7,7,iPhone
7212,churned,42,34,112,557,390,23,1117.0,291.6,17,12,Android
7213,churned,39,32,316,640,32,51,1804.5,588.3,1,1,iPhone
7214,retained,32,27,80,396,236,39,5422.4,2254.1,19,17,iPhone
7215,retained,69,55,351,1796,515,0,629.4,66.9,9,6,Android
7216,churned,18,15,99,1844,41,34,2557.4,990.5,1,1,iPhone
7217,retained,9,7,158,1089,35,0,3109.0,1256.8,29,25,Android
7218,retained,21,17,270,3201,195,36,5849.0,3324.7,26,23,iPhone
7219,retained,69,56,161,3080,348,0,5444.4,3817.0,7,7,iPhone
7220,retained,17,14,365,1008,44,0,3979.9,1011.9,19,11,Android
7221,retained,42,35,80,1183,88,0,8526.1,4941.1,24,22,iPhone
7222,retained,143,115,469,761,284,87,8609.6,6857.3,18,18,iPhone
7223,churned,61,54,118,227,242,24,7117.2,4492.9,13,6,Android
7224,churned,14,13,255,847,34,9,3560.4,2850.9,3,0,Android
7225,retained,53,44,300,447,48,0,2401.5,1320.5,22,21,iPhone
7226,retained,3,3,90,3145,0,0,11021.5,4120.7,5,5,iPhone
7227,retained,93,75,376,2602,525,0,1093.2,492.3,29,25,Android
7228,retained,64,51,148,2226,63,12,2433.3,380.6,28,27,iPhone
7229,retained,69,57,88,2276,0,21,5642.8,2446.3,28,18,Android
7230,churned,53,50,135,2128,288,42,5161.4,1558.6,2,0,iPhone
7231,retained,51,41,665,800,0,82,3272.7,454.4,17,11,iPhone
7232,retained,15,13,71,2382,0,16,1195.9,657.0,25,17,Android
7233,retained,13,11,358,383,127,0,2043.9,1267.7,30,21,iPhone
7234,retained,68,54,172,1274,119,0,5121.4,1269.1,29,22,iPhone
7235,retained,44,43,309,460,77,111,1336.9,459.0,30,20,Android
7236,retained,35,35,139,305,104,29,4166.1,529.3,19,16,iPhone
7237,retained,128,105,164,1719,29,50,1540.5,1113.5,7,6,Android
7238,churned,381,381,396,1223,353,0,4216.9,2273.7,29,21,iPhone
7239,churned,7,7,163,1878,384,26,1668.2,1230.1,4,2,iPhone
7240,churned,25,25,150,304,0,14,1318.5,822.7,7,7,iPhone
7241,retained,74,60,135,2780,224,0,3967.0,3206.7,10,8,Android
7242,retained,52,52,256,2033,118,0,4494.0,1303.3,8,6,iPhone
7243,retained,103,88,304,3486,143,0,1657.7,1307.0,29,26,iPhone
7244,retained,89,72,92,1332,105,0,2445.3,1942.4,5,1,iPhone
7245,retained,243,200,310,3136,0,0,1724.3,1112.9,21,18,Android
7246,retained,72,61,134,2515,232,7,6780.9,3475.9,19,16,Android
7247,retained,21,17,119,951,0,0,3242.2,2664.5,13,8,iPhone
7248,retained,17,15,174,2568,93,0,6555.9,3602.5,8,8,Android
7249,retained,79,74,135,1359,0,0,2556.0,1777.1,6,0,iPhone
7250,retained,27,21,31,1811,43,0,2763.6,1139.2,28,20,iPhone
7251,retained,75,60,88,1798,0,0,4145.3,1713.4,9,7,iPhone
7252,retained,73,59,293,1550,0,0,6164.5,4712.5,28,19,Android
7253,retained,68,66,113,870,186,7,7599.8,5729.8,8,8,iPhone
7254,retained,161,133,235,3353,368,122,2301.0,1259.8,11,11,iPhone
7255,retained,7,7,62,204,0,0,5000.9,3204.8,17,14,Android
7256,retained,11,10,131,1472,0,0,2593.3,775.2,7,7,Android
7257,retained,31,26,407,2133,227,66,7263.8,828.5,28,25,Android
7258,retained,6,5,80,1594,170,0,1318.5,985.6,21,15,Android
7259,churned,8,8,24,1494,63,52,1193.0,919.1,0,0,iPhone
7260,retained,36,30,90,3079,96,5,8094.0,5509.7,9,3,Android
7261,retained,6,6,86,1416,0,144,3305.5,1624.4,3,3,iPhone
7262,retained,85,68,144,1402,114,107,3277.8,1149.3,16,12,iPhone
7263,retained,214,172,380,75,0,0,1699.5,947.8,18,14,Android
7264,retained,22,22,165,246,747,177,8732.6,6439.6,8,8,iPhone
7265,retained,9,7,293,193,358,0,19157.6,10727.0,26,25,iPhone
7266,retained,92,75,128,1941,155,52,3578.9,1401.8,9,3,Android
7267,retained,7,7,74,741,51,0,1459.4,902.4,29,28,iPhone
7268,retained,45,37,117,1649,68,32,1449.2,1173.9,10,5,iPhone
7269,retained,44,43,318,1406,11,0,3265.3,2093.7,1,1,iPhone
7270,retained,2,2,180,3040,250,0,5774.6,4281.8,24,24,iPhone
7271,churned,128,104,165,935,36,0,4154.8,1640.7,21,18,iPhone
7272,churned,4,4,108,979,0,0,2317.0,1552.6,3,0,Android
7274,retained,6,6,202,2947,58,0,5124.3,2816.9,5,3,iPhone
7275,churned,136,109,206,1307,0,95,8247.9,763.0,1,0,iPhone
7276,retained,40,40,110,1005,240,0,4075.9,3133.8,16,8,iPhone
7277,retained,136,111,138,2079,167,41,1597.8,902.6,26,19,iPhone
7278,churned,4,3,193,686,172,28,1699.3,1127.6,14,9,iPhone
7279,retained,57,45,116,2935,456,48,3543.6,2947.0,21,19,iPhone
7280,retained,10,8,20,1723,197,72,5866.7,1839.1,8,7,Android
7281,retained,0,0,41,1529,192,0,6669.0,976.2,14,14,iPhone
7282,retained,11,10,43,456,508,0,1300.5,164.2,27,23,iPhone
7283,retained,100,86,104,1397,306,74,3125.5,351.9,25,24,iPhone
7284,retained,182,149,242,2916,65,0,3704.9,1573.0,9,9,iPhone
7285,churned,44,41,60,820,0,24,9602.2,1954.6,26,20,iPhone
7286,retained,113,93,371,2102,206,0,3122.9,1457.5,27,24,iPhone
7287,churned,67,53,80,3013,226,19,1495.0,1055.2,3,3,iPhone
7288,retained,175,148,283,2076,11,0,3408.1,622.0,16,16,iPhone
7289,retained,139,113,171,1058,171,0,6832.5,4063.1,13,13,iPhone
7290,retained,73,60,175,797,0,29,2329.0,912.5,29,24,Android
7291,churned,30,30,45,2589,99,0,2120.9,711.4,1,0,iPhone
7292,retained,85,69,85,2280,286,0,4280.5,1249.6,4,4,iPhone
7293,retained,435,348,706,2842,133,0,2215.4,1125.6,24,15,iPhone
7294,retained,66,54,339,3481,52,28,3966.4,2255.6,5,4,iPhone
7295,churned,115,95,138,3135,494,8,3341.5,1681.6,5,2,iPhone
7296,retained,3,3,44,1189,37,14,3613.9,2236.3,24,17,Android
7297,churned,174,143,339,2996,11,23,6552.0,455.2,2,0,Android
7298,churned,112,90,157,911,44,67,9920.6,3359.7,1,0,Android
7299,retained,53,43,355,2068,326,0,3291.2,2608.7,17,13,iPhone
7300,retained,6,5,24,481,69,0,4723.3,1352.2,22,15,iPhone
7301,retained,38,31,300,638,0,69,3534.4,2186.9,30,24,iPhone
7302,retained,68,55,75,1967,56,8,2807.0,1606.8,18,12,iPhone
7303,retained,18,16,128,814,327,0,1831.0,899.2,27,18,iPhone
7304,churned,4,3,149,74,140,0,2227.3,980.3,14,12,Android
7305,retained,56,56,126,1772,171,40,16611.7,7037.3,18,17,iPhone
7306,retained,86,69,138,543,0,82,2670.0,762.6,3,2,Android
7307,retained,298,239,376,2984,0,38,2113.1,759.5,23,15,iPhone
7308,churned,153,125,208,2788,246,9,4282.0,542.1,22,21,Android
7309,retained,29,29,161,1322,78,40,1762.3,1315.4,5,5,Android
7310,retained,4,4,37,2861,140,133,2516.9,2039.2,25,16,iPhone
7311,retained,86,69,112,2144,66,0,5314.0,3558.6,16,16,iPhone
7312,retained,151,122,212,2150,274,0,2710.2,1791.3,12,8,Android
7313,churned,89,76,185,2508,217,0,3090.9,2119.6,10,8,iPhone
7314,retained,38,31,50,2537,186,0,7104.7,5699.4,21,14,iPhone
7315,retained,50,45,168,536,30,13,4614.2,644.0,3,0,iPhone
7316,retained,375,310,397,2417,224,8,2972.0,1841.2,17,9,Android
7317,retained,5,5,12,1495,0,0,4116.8,2488.4,31,25,Android
7318,retained,32,29,122,2068,43,0,1278.8,1003.8,10,4,Android
7319,retained,156,125,191,2255,216,18,1503.2,548.8,9,7,iPhone
7321,retained,32,26,134,278,0,54,1020.3,775.3,15,14,iPhone
7322,retained,74,60,170,692,30,49,4678.0,1673.3,14,13,iPhone
7323,retained,9,8,35,1695,176,61,796.1,512.2,12,12,iPhone
7324,retained,51,41,343,2859,381,45,5204.7,579.6,27,21,Android
7325,retained,24,24,83,2758,0,20,4978.5,883.8,4,3,Android
7326,retained,18,16,119,1348,0,48,3997.9,3004.6,3,1,iPhone
7327,retained,2,1,39,2312,158,43,7744.0,486.4,16,13,iPhone
7328,retained,18,18,43,1100,51,3,1689.3,1353.4,23,16,Android
7329,retained,77,62,138,2603,0,107,1006.1,648.2,0,0,iPhone
7330,retained,193,160,258,1949,37,0,6545.6,4168.6,23,17,iPhone
7331,retained,4,4,59,2542,200,0,2661.1,1993.8,27,25,Android
7332,retained,199,166,362,3177,34,0,2748.2,1841.7,8,6,Android
7333,retained,224,181,229,736,0,87,5030.7,411.2,24,17,iPhone
7334,churned,63,51,118,3101,281,46,2867.0,880.0,19,13,Android
7335,retained,22,18,465,3486,31,0,5342.7,2114.4,16,10,iPhone
7336,retained,104,83,106,949,39,0,891.9,673.2,13,9,iPhone
7337,retained,9,7,60,167,439,190,3228.4,497.8,24,23,iPhone
7338,churned,80,65,124,2514,238,88,7598.0,1238.4,1,1,Android
7339,retained,191,156,459,3066,46,104,2648.7,1565.2,21,20,Android
7340,retained,162,130,209,782,138,72,5300.2,3485.5,29,25,iPhone
7341,retained,142,117,153,1241,166,37,6554.2,111.3,23,18,Android
7342,retained,138,114,254,1095,394,88,2701.0,454.3,28,26,Android
7343,retained,75,60,77,152,41,0,2317.0,1373.2,22,20,iPhone
7344,retained,36,31,174,2730,0,42,6392.6,4107.8,14,11,Android
7345,churned,106,86,118,1778,161,0,2142.2,1438.8,5,5,iPhone
7346,retained,141,115,381,2320,11,18,5918.5,2581.1,21,21,Android
7347,churned,210,173,311,2075,22,0,3827.6,2025.6,1,0,iPhone
7349,retained,163,139,227,542,179,14,1544.1,935.9,0,0,iPhone
7350,churned,21,17,211,1404,174,5,851.2,376.0,2,2,iPhone
7351,retained,1,1,91,2836,128,0,2237.1,693.5,7,1,iPhone
7352,retained,341,277,365,1749,49,22,5521.8,3946.2,19,16,iPhone
7353,retained,27,21,365,2654,335,33,6175.4,826.3,4,3,Android
7354,retained,90,72,158,2762,245,0,2201.0,1520.1,24,19,iPhone
7355,retained,85,68,175,934,355,16,716.1,505.9,2,2,iPhone
7356,churned,63,63,72,2115,547,51,6276.7,1021.0,31,20,iPhone
7357,retained,30,24,68,484,134,0,1307.7,966.2,23,20,iPhone
7358,retained,103,83,234,1668,150,0,5494.2,3464.6,26,18,Android
7359,retained,49,44,72,481,92,0,2813.2,1645.0,23,15,iPhone
7360,retained,21,17,40,2203,473,0,2965.1,2305.5,21,15,iPhone
7361,retained,50,40,50,100,0,120,1690.5,930.8,6,5,Android
7362,retained,3,3,331,1644,609,0,2627.6,1216.4,18,12,iPhone
7363,retained,0,0,55,1102,125,32,5588.7,2004.6,18,10,iPhone
7364,churned,116,102,141,829,34,27,3580.3,591.6,6,6,Android
7365,retained,139,112,370,1637,101,0,5612.9,1359.5,27,25,iPhone
7366,retained,5,4,46,1146,14,0,2377.7,1442.6,5,5,iPhone
7367,retained,67,54,171,2902,208,4,5984.7,4119.3,14,11,iPhone
7368,retained,52,42,246,2143,298,14,1673.8,630.6,12,12,iPhone
7369,retained,42,34,351,2874,0,24,4655.1,1947.3,31,23,iPhone
7370,retained,210,185,305,209,205,11,6656.0,719.0,28,25,iPhone
7371,retained,156,156,655,2507,147,0,4647.6,3357.2,2,2,iPhone
7372,retained,77,62,152,859,566,34,897.6,290.1,5,3,iPhone
7373,retained,173,142,270,925,28,0,2608.9,1261.4,22,21,iPhone
7374,retained,46,38,131,21,57,0,2573.1,937.5,21,17,iPhone
7375,retained,43,35,186,3000,266,0,5405.4,1202.0,17,10,iPhone
7376,churned,98,80,127,97,140,88,2742.6,1957.3,7,2,iPhone
7377,retained,117,94,196,1158,252,100,2159.9,810.3,27,25,iPhone
7378,retained,175,144,246,2802,353,0,2197.8,861.4,19,13,iPhone
7379,churned,24,20,201,498,305,0,2064.3,1375.0,9,3,iPhone
7380,retained,188,165,192,2437,0,0,6456.1,3767.4,17,15,iPhone
7381,churned,103,86,576,658,81,0,1706.3,879.0,4,0,Android
7382,retained,55,45,390,3387,62,55,7515.4,4733.2,27,20,Android
7383,retained,197,158,235,1302,180,0,5900.1,2293.2,19,19,iPhone
7384,churned,238,192,278,3139,121,67,4493.7,3663.0,18,18,iPhone
7385,retained,49,47,54,942,114,33,6549.7,3227.9,15,12,Android
7386,retained,132,106,169,159,60,16,1882.9,954.2,14,9,Android
7387,churned,25,25,117,2230,337,14,2120.0,958.8,6,2,iPhone
7388,retained,246,197,299,1222,374,26,574.0,176.9,18,10,iPhone
7389,retained,39,33,124,2490,0,0,980.9,771.8,14,14,iPhone
7390,retained,31,25,243,2551,134,137,4648.1,560.2,16,15,iPhone
7392,churned,5,5,25,431,51,0,4801.1,3498.8,2,0,iPhone
7393,churned,13,11,15,1560,134,12,3178.1,1852.7,12,5,iPhone
7394,retained,54,44,172,2819,105,0,422.8,341.0,26,16,iPhone
7395,retained,24,24,164,1596,7,0,5734.3,3270.2,16,16,iPhone
7396,retained,10,9,44,387,17,6,4106.0,2797.7,9,6,Android
7397,retained,57,46,177,1418,88,0,2437.9,1598.2,13,6,iPhone
7398,retained,157,126,231,1535,0,23,7542.8,1576.7,26,24,iPhone
7399,retained,81,66,188,669,0,0,3121.0,2040.8,27,17,Android
7400,retained,129,103,210,3267,86,11,521.9,416.9,7,6,Android
7401,retained,24,20,92,1190,0,0,1374.6,861.3,12,12,Android
7402,churned,66,55,224,1947,0,53,2933.4,2382.6,10,9,iPhone
7403,retained,3,3,93,3468,0,0,7214.4,3073.4,17,17,Android
7404,retained,71,57,255,1923,0,0,1295.1,996.2,31,24,Android
7405,retained,57,46,71,2406,20,0,4254.2,2860.8,8,6,iPhone
7406,churned,19,19,27,161,0,30,1768.5,719.4,1,1,iPhone
7407,retained,140,112,365,2127,0,0,4074.6,891.5,17,16,Android
7408,churned,48,38,306,1175,326,82,2346.4,823.9,23,19,Android
7409,retained,126,102,136,1510,0,72,6578.1,4159.3,11,8,iPhone
7410,retained,204,163,278,1721,82,1,3861.2,2758.9,23,17,iPhone
7411,churned,84,67,267,942,46,51,7289.7,3018.5,13,13,iPhone
7412,retained,147,130,566,1209,48,4,4016.5,724.8,25,22,iPhone
7414,retained,1,1,103,3139,153,61,1298.1,803.4,18,16,iPhone
7415,churned,43,37,63,507,155,0,4649.4,527.5,0,0,iPhone
7416,churned,24,23,101,1296,8,23,1724.1,1427.7,6,6,Android
7417,retained,56,47,207,654,12,35,1375.2,644.0,27,19,iPhone
7418,retained,46,46,67,3500,457,0,2644.0,968.4,27,18,Android
7420,retained,150,120,237,133,18,7,4776.1,3633.4,29,27,iPhone
7421,retained,141,117,147,1535,0,0,3680.6,880.3,25,17,iPhone
7422,retained,79,64,468,2208,259,99,4774.0,3071.8,24,17,iPhone
7423,retained,37,31,249,1901,0,23,4777.4,2373.8,16,9,iPhone
7424,retained,110,110,169,1614,227,101,2641.5,1834.6,30,25,iPhone
7425,churned,149,121,230,1117,41,1,2767.7,639.3,11,6,iPhone
7426,retained,5,4,97,2941,347,0,4866.3,3200.3,7,7,iPhone
7427,churned,180,144,198,82,86,0,2764.5,1352.3,25,19,Android
7428,retained,98,86,135,234,57,75,9333.0,7569.2,16,15,Android
7429,retained,92,74,133,242,0,0,1174.6,441.1,12,9,Android
7430,retained,25,21,264,278,0,2,3305.0,887.3,20,20,iPhone
7431,retained,46,37,215,1258,0,0,1250.0,610.0,10,10,iPhone
7432,retained,24,19,559,1986,0,184,4639.0,3365.4,9,3,Android
7433,retained,109,100,160,372,72,1,4592.2,2174.8,14,14,Android
7434,churned,46,37,163,375,0,0,4601.7,3002.9,11,6,iPhone
7435,retained,67,54,73,3189,2,37,3389.4,1988.3,4,4,iPhone
7436,retained,88,77,183,729,106,137,2287.6,1176.9,22,19,Android
7437,churned,395,316,417,136,157,32,6733.8,4681.8,21,21,Android
7438,retained,6,6,208,2840,112,0,4061.5,2063.4,5,5,iPhone
7439,churned,24,24,49,442,0,20,6389.4,3015.0,6,6,iPhone
7440,retained,192,153,655,361,187,56,11186.4,8118.1,9,5,iPhone
7441,retained,77,62,169,1450,22,0,3949.2,2546.3,7,3,Android
7442,retained,143,116,183,809,46,2,795.5,408.8,17,14,Android
7443,retained,40,40,43,19,271,0,2940.4,1418.8,19,11,iPhone
7444,retained,11,11,45,1240,0,0,1926.2,496.4,1,1,Android
7445,retained,36,29,57,3483,356,0,4677.3,3075.9,4,4,Android
7446,retained,65,52,165,1385,0,0,8074.1,6297.7,31,21,iPhone
7447,retained,35,28,125,700,47,0,2660.1,1155.5,10,5,iPhone
7448,retained,26,22,97,2111,607,0,1466.9,926.5,27,21,Android
7449,retained,119,96,134,3368,228,59,3148.8,1980.7,26,21,Android
7450,retained,75,60,160,492,0,62,7038.0,1640.3,22,15,iPhone
7451,retained,169,138,185,1137,0,0,7755.8,2339.6,22,14,iPhone
7452,retained,50,41,412,3305,236,0,2917.7,2034.2,21,21,iPhone
7453,retained,53,47,75,3179,34,0,1326.5,399.9,3,3,Android
7454,churned,93,74,139,102,462,131,4269.1,1720.9,12,6,Android
7455,retained,312,252,475,711,673,43,5108.8,3230.4,15,11,Android
7456,retained,243,195,276,1858,397,69,1739.9,547.3,2,1,iPhone
7457,retained,85,68,161,2107,134,35,3496.5,494.8,20,16,iPhone
7458,churned,136,111,183,1407,288,54,2066.8,1076.6,3,0,iPhone
7459,retained,11,11,93,509,37,174,8102.8,880.1,7,3,iPhone
7460,retained,166,142,181,2487,14,7,3846.2,2025.9,5,5,iPhone
7461,churned,12,12,180,183,437,39,2585.6,1863.5,7,7,Android
7462,churned,53,43,92,715,303,58,7064.4,5648.7,17,12,iPhone
7463,retained,178,142,214,725,52,0,4592.8,1604.3,30,26,iPhone
7464,churned,76,63,226,30,290,40,1997.8,1607.2,30,23,iPhone
7465,churned,2,1,41,2263,195,12,2202.7,1358.8,1,0,Android
7466,retained,68,67,201,2617,21,26,3100.2,2444.1,19,19,Android
7468,retained,37,37,310,2973,31,0,3214.5,517.4,12,10,Android
7469,retained,52,42,130,2586,100,22,5998.8,4654.5,19,14,Android
7472,retained,82,71,254,305,317,0,1298.4,946.3,6,6,iPhone
7473,retained,136,124,385,3433,0,0,7782.0,5968.1,25,21,iPhone
7474,retained,9,8,19,2799,0,10,5015.4,3807.0,20,15,iPhone
7475,retained,95,76,282,1946,585,214,5179.8,885.5,18,11,iPhone
7476,churned,238,192,238,291,240,0,5335.8,1351.2,5,0,Android
7477,retained,20,20,79,2185,168,0,3668.5,2522.4,7,3,iPhone
7478,retained,14,11,533,2562,51,186,3475.1,569.6,12,7,iPhone
7479,churned,15,12,129,2211,0,0,5326.0,3545.4,10,8,Android
7480,retained,86,69,201,478,80,37,2723.0,1813.0,26,19,iPhone
7481,retained,84,67,287,2877,105,0,591.3,324.8,29,27,iPhone
7482,retained,92,75,122,699,152,45,11914.6,5945.6,22,13,iPhone
7483,churned,198,160,233,271,0,31,3824.0,378.5,20,19,iPhone
7484,retained,42,34,70,3239,200,0,2868.0,1597.7,7,3,Android
7486,retained,9,9,69,165,109,4,3399.6,829.3,2,2,iPhone
7487,retained,16,13,56,1370,173,30,5955.7,1827.9,11,5,Android
7488,retained,184,147,446,534,26,56,6385.1,2411.7,12,12,iPhone
7489,retained,52,42,57,2282,18,1,2107.4,664.9,30,28,iPhone
7490,retained,94,76,469,1631,555,5,3848.7,3105.6,12,6,iPhone
7491,churned,103,82,211,793,0,18,2869.1,2284.4,3,1,Android
7492,retained,124,100,246,2867,33,0,2146.5,1669.5,22,21,iPhone
7494,retained,69,55,336,930,58,0,1689.8,1329.6,18,11,iPhone
7495,retained,19,15,51,2933,318,0,1628.7,1000.1,29,19,iPhone
7496,retained,145,117,230,3384,261,143,2933.2,2415.5,2,0,iPhone
7497,retained,19,19,74,1622,0,48,1347.8,898.7,4,4,iPhone
7498,retained,7,6,112,2424,183,2,7507.2,4251.6,19,18,iPhone
7499,retained,30,30,207,2239,11,12,3918.8,2181.8,26,25,Android
7500,retained,37,30,186,28,65,6,1138.4,791.3,28,23,iPhone
7501,retained,61,50,250,1169,0,1,3841.2,1019.6,30,20,iPhone
7502,retained,165,134,423,237,0,36,4070.8,873.4,28,24,iPhone
7503,retained,113,113,488,1067,3,158,2171.4,658.4,18,18,iPhone
7504,churned,66,53,75,2375,39,0,1639.3,979.6,8,2,Android
7505,retained,22,18,49,1820,0,6,4453.1,649.1,30,21,Android
7506,retained,68,68,388,2600,44,0,7809.4,3939.7,19,16,Android
7508,retained,31,26,47,471,106,23,3088.7,207.3,10,4,Android
7509,retained,22,18,101,1515,227,1,2372.6,1944.1,22,19,iPhone
7510,churned,17,17,87,1023,196,184,1956.2,929.2,5,5,iPhone
7511,retained,92,74,100,3283,513,258,6350.3,2632.5,16,8,Android
7512,retained,57,49,369,1742,0,0,7339.4,2201.8,26,17,iPhone
7513,retained,7,6,51,3187,113,6,5994.4,3669.2,13,9,Android
7514,retained,10,8,82,3374,0,0,1282.1,998.7,0,0,iPhone
7515,retained,32,27,172,764,30,10,4088.2,1709.6,15,14,iPhone
7516,retained,43,39,92,789,0,0,9183.0,1972.8,11,4,iPhone
7517,retained,26,21,58,2716,89,5,4056.8,880.7,1,1,Android
7518,retained,22,22,48,1174,0,0,1925.7,734.5,30,23,iPhone
7519,retained,49,41,60,1770,0,10,4793.9,2855.7,17,16,iPhone
7520,retained,212,170,245,2085,101,141,4526.9,989.3,25,16,iPhone
7521,retained,9,7,69,147,6,12,5836.7,965.3,24,20,iPhone
7522,retained,99,79,135,2194,28,3,1917.9,1203.2,26,17,iPhone
7523,retained,27,24,233,3490,73,55,5940.7,3644.0,8,8,Android
7524,retained,46,46,261,3480,200,0,1672.0,870.5,31,23,iPhone
7525,retained,73,70,96,2083,155,27,3110.1,652.7,17,17,Android
7526,retained,13,10,57,992,0,48,3087.2,623.1,3,3,iPhone
7527,retained,4,4,37,1635,115,0,2058.7,756.5,18,11,iPhone
7528,retained,52,42,161,1131,756,0,2014.4,1657.4,2,2,iPhone
7529,retained,45,45,134,1786,0,1,4450.1,3484.2,18,14,iPhone
7530,retained,132,106,134,2198,0,7,6814.9,4606.5,0,0,iPhone
7531,retained,169,138,182,1525,15,70,5311.4,3173.4,5,5,Android
7532,retained,165,137,180,1992,282,25,2787.9,880.4,18,12,iPhone
7533,retained,64,51,65,637,20,139,3202.5,1819.8,28,24,Android
7534,retained,26,21,55,1970,0,7,4581.2,671.1,28,21,iPhone
7535,retained,123,100,140,1246,27,35,12412.0,6116.7,28,27,iPhone
7536,retained,69,57,296,2232,0,74,2873.5,1283.4,8,8,Android
7537,retained,59,59,170,2456,288,39,2115.7,1064.8,28,23,Android
7539,retained,34,29,236,2823,14,4,3297.2,1906.8,26,22,Android
7540,retained,46,37,117,3258,83,280,3918.2,2797.7,4,4,iPhone
7541,retained,118,106,220,602,0,96,2916.6,1505.1,21,21,Android
7542,retained,76,76,109,1876,273,35,975.3,652.2,24,14,iPhone
7543,retained,355,284,449,1091,0,0,3224.7,1030.3,9,9,iPhone
7544,churned,189,189,199,1440,54,1,7074.2,4555.4,6,2,iPhone
7545,retained,1,1,47,214,16,5,2352.7,1446.8,17,10,iPhone
7546,retained,95,85,332,2375,144,0,11551.6,8428.6,5,5,iPhone
7547,retained,55,44,125,336,33,8,6458.9,2659.9,21,17,Android
7548,retained,138,111,186,2500,61,0,3880.3,611.2,26,18,iPhone
7549,retained,112,90,180,3478,52,0,8546.3,1714.1,13,12,Android
7550,churned,4,4,330,1894,0,6,1970.9,939.6,4,0,iPhone
7551,retained,32,27,57,2738,145,55,8758.8,6398.3,16,16,iPhone
7552,churned,91,74,311,681,4,0,5552.4,185.2,3,3,Android
7553,churned,2,2,51,1614,145,0,1625.6,257.6,8,8,iPhone
7554,retained,68,56,142,2227,40,2,5466.1,1358.6,6,0,Android
7555,retained,91,76,253,710,237,0,3296.9,2259.7,28,26,iPhone
7556,retained,67,54,99,2564,0,0,4458.8,3081.4,25,25,iPhone
7557,retained,207,207,252,3006,177,0,4909.6,2307.3,15,12,iPhone
7558,retained,71,57,80,3437,46,0,1707.2,1137.3,24,15,iPhone
7559,retained,140,113,169,3207,41,140,2480.2,463.1,5,3,Android
7560,retained,29,23,64,2733,99,0,1152.1,365.2,11,9,iPhone
7561,retained,129,103,167,1080,148,0,2134.0,728.3,18,17,iPhone
7562,retained,93,74,219,520,340,42,6508.0,157.3,3,0,Android
7563,retained,195,156,377,1772,81,61,6862.3,3503.5,29,27,iPhone
7564,retained,38,34,68,3170,118,47,3164.0,1050.7,27,24,iPhone
7565,retained,63,63,123,1272,0,65,5222.1,2173.7,17,17,iPhone
7566,retained,19,17,145,715,433,0,5259.5,1294.3,23,18,iPhone
7567,retained,100,84,157,2982,340,32,9744.0,3570.0,2,2,iPhone
7570,retained,69,63,78,2611,208,29,1483.2,1195.7,5,5,Android
7571,retained,243,196,480,737,122,0,2577.7,2048.0,16,10,iPhone
7572,retained,39,31,218,1112,400,35,5657.8,4193.1,29,26,iPhone
7573,churned,52,42,124,3466,23,96,3639.3,2689.6,5,1,iPhone
7574,retained,5,5,171,628,59,29,3956.6,3240.8,30,28,Android
7575,churned,55,45,58,3495,699,56,3575.9,568.8,4,0,iPhone
7576,retained,151,122,170,3179,18,12,4312.0,1609.8,22,17,iPhone
7577,retained,34,34,176,2900,3,7,1922.0,784.1,18,16,iPhone
7578,retained,20,16,82,2574,153,5,4850.8,3328.7,2,2,iPhone
7579,churned,26,22,163,1103,54,0,795.6,657.3,3,0,Android
7580,churned,40,38,111,348,94,0,5754.8,3524.0,6,6,iPhone
7581,retained,11,11,276,1413,19,110,2350.9,1062.3,15,9,iPhone
7582,retained,44,37,151,193,242,0,8018.5,3117.6,30,29,iPhone
7583,retained,164,133,220,386,201,79,3693.5,450.1,6,4,iPhone
7584,retained,93,75,107,3167,148,0,4441.8,1760.5,0,0,Android
7585,retained,35,30,135,2301,159,65,3823.5,1080.8,19,12,iPhone
7586,churned,71,57,191,2767,150,69,4585.1,2228.1,1,0,iPhone
7587,churned,48,47,149,365,550,0,1973.6,1123.5,19,18,iPhone
7588,retained,35,35,36,1575,0,138,3426.7,2812.2,6,1,iPhone
7589,retained,98,79,203,3428,0,5,909.9,518.3,14,14,iPhone
7591,retained,196,162,216,573,0,0,1649.5,515.2,28,23,iPhone
7592,retained,61,49,144,1085,80,158,3845.0,275.1,6,1,iPhone
7593,retained,247,199,311,814,0,45,2887.6,1925.9,24,16,iPhone
7594,churned,50,40,178,139,0,11,8176.3,2863.8,9,6,iPhone
7595,retained,11,9,871,3015,116,17,7950.0,2670.6,5,5,iPhone
7596,retained,72,59,201,621,106,0,4503.9,2404.2,15,9,Android
7597,retained,4,3,125,1127,0,0,3186.6,1252.5,1,0,iPhone
7598,retained,191,180,346,1094,411,0,4010.1,2618.0,14,14,iPhone
7599,retained,122,98,418,819,290,0,3065.0,670.0,17,10,iPhone
7602,retained,30,24,145,515,238,0,4776.4,154.3,9,9,Android
7603,retained,84,69,237,2434,82,8,2077.4,1039.3,25,21,iPhone
7604,retained,108,86,321,3237,474,4,5854.9,4053.8,21,13,iPhone
7605,retained,22,18,160,584,11,89,3653.2,2591.1,8,4,iPhone
7606,retained,214,172,477,3361,14,31,2220.8,826.8,20,13,iPhone
7608,retained,167,134,483,2022,93,0,4456.9,1939.9,10,7,Android
7609,churned,36,29,128,1367,138,0,3409.9,1211.0,2,1,iPhone
7610,churned,118,95,204,1160,159,0,832.6,562.6,4,1,iPhone
7611,retained,138,112,326,1929,255,5,3590.8,2077.2,12,9,Android
7612,retained,104,95,285,1083,0,0,1327.5,1093.8,27,23,Android
7613,retained,79,63,181,1270,114,0,1911.7,1028.3,22,19,Android
7615,retained,102,83,135,1521,671,0,4592.5,1272.2,18,17,iPhone
7616,retained,63,56,92,1119,0,5,1136.1,783.0,24,21,Android
7617,retained,12,10,26,3265,202,12,2993.4,1770.4,20,15,iPhone
7618,retained,80,67,290,1750,80,132,6827.8,3856.9,25,23,iPhone
7619,retained,136,115,168,1051,0,0,6676.9,547.8,15,8,iPhone
7620,retained,167,138,214,2776,12,0,541.0,59.3,24,18,iPhone
7621,retained,122,99,225,1431,121,2,3482.0,2433.6,25,22,Android
7622,retained,73,60,162,3387,208,0,1153.1,433.0,26,26,Android
7623,churned,99,86,190,2355,181,46,8574.1,5382.6,15,14,iPhone
7624,churned,14,11,89,88,78,5,2314.0,934.1,5,5,Android
7625,retained,64,52,164,1079,48,1,6199.0,1201.5,9,3,iPhone
7626,retained,45,36,244,988,79,0,4121.0,1830.5,16,11,iPhone
7627,retained,74,59,103,138,49,37,5013.9,2185.5,12,9,Android
7628,churned,33,26,110,2199,308,22,5897.4,1279.8,8,3,Android
7629,retained,19,16,27,120,0,0,9795.3,1370.3,14,11,iPhone
7630,retained,13,10,161,2479,51,0,3285.6,1382.4,1,1,iPhone
7631,retained,85,68,180,22,13,0,3293.2,1100.7,7,1,Android
7632,retained,22,18,91,3272,134,0,8997.5,3065.1,26,19,iPhone
7633,retained,85,69,224,2171,61,15,743.5,258.3,23,16,Android
7634,retained,122,101,128,1469,95,50,2017.5,645.2,17,13,iPhone
7635,churned,16,16,126,118,118,20,3321.4,2756.4,15,9,iPhone
7636,retained,17,14,812,3022,161,0,4453.3,1941.8,11,4,iPhone
7637,retained,100,80,121,619,291,0,2469.0,1747.0,29,20,iPhone
7638,retained,41,36,383,2616,273,56,1399.2,306.5,2,2,Android
7639,retained,25,21,127,1502,73,0,10788.9,7963.1,26,24,iPhone
7640,retained,16,16,76,3047,0,37,1478.0,1108.6,13,13,iPhone
7641,retained,32,26,125,2166,0,64,3191.0,1889.8,10,3,Android
7642,retained,22,22,65,828,214,0,2294.8,235.6,30,28,iPhone
7643,churned,35,30,51,938,499,0,4107.7,241.5,13,13,Android
7644,retained,239,191,311,1187,19,20,4537.9,1808.3,3,0,iPhone
7645,churned,46,41,79,1229,69,43,2898.9,2000.7,6,6,iPhone
7646,retained,34,27,53,2504,342,24,5303.3,2701.1,24,21,Android
7648,churned,27,22,40,1232,55,2,3729.7,774.9,10,10,iPhone
7649,churned,125,100,137,107,50,0,3968.5,2943.9,12,10,iPhone
7650,retained,126,101,368,1400,12,0,4949.7,2561.0,28,22,Android
7651,retained,30,24,87,488,0,73,1128.5,791.2,8,8,iPhone
7652,retained,33,29,36,692,70,0,2617.3,2021.1,19,16,iPhone
7653,churned,75,63,160,3487,85,0,6651.3,5260.9,13,6,iPhone
7654,churned,104,84,135,1487,79,29,7269.6,3541.8,9,9,iPhone
7655,retained,0,0,112,1239,126,125,3604.3,1172.9,26,22,iPhone
7656,retained,79,66,176,2761,71,73,3391.3,1395.9,23,20,Android
7657,retained,74,59,175,381,307,98,1820.2,778.2,24,24,iPhone
7658,retained,275,237,313,765,0,22,2006.1,1402.1,6,6,Android
7659,churned,45,37,164,217,295,65,2742.4,1130.5,2,2,Android
7660,retained,24,19,90,1956,83,11,6907.2,2403.1,1,0,Android
7661,retained,21,21,494,2968,253,75,2425.9,611.6,2,0,iPhone
7662,churned,28,27,55,903,0,0,1238.6,905.8,9,2,Android
7663,retained,7,7,359,3459,253,0,2324.0,1046.1,22,20,Android
7664,retained,131,112,229,1494,0,61,1236.5,838.8,22,22,Android
7665,retained,153,153,213,1019,0,48,6348.1,273.2,26,24,iPhone
7666,retained,201,161,263,2723,0,34,5277.4,2282.6,28,27,iPhone
7667,churned,70,59,120,93,348,29,4861.2,3077.2,13,10,Android
7668,retained,102,101,145,942,0,68,2997.7,1170.5,10,10,iPhone
7669,retained,42,39,114,2218,75,27,3858.9,3004.0,17,16,iPhone
7671,retained,18,18,36,3243,130,16,3978.8,2976.6,8,6,iPhone
7672,retained,51,41,86,2810,339,49,1444.0,528.7,25,20,iPhone
7673,retained,74,60,130,2846,0,24,6832.5,1021.0,27,25,Android
7674,retained,162,131,193,3223,50,0,4312.5,2445.5,9,8,iPhone
7675,retained,9,8,132,3223,91,109,1376.5,102.6,17,11,iPhone
7676,retained,31,31,38,2449,0,0,7586.9,5521.6,14,7,iPhone
7677,retained,68,55,104,47,69,9,2647.1,1342.5,9,9,iPhone
7678,retained,27,27,42,1885,0,91,5085.9,2468.1,14,11,Android
7679,retained,348,310,429,2592,109,33,6427.3,1410.0,13,11,Android
7680,retained,59,48,80,692,254,27,2407.0,1462.0,23,22,iPhone
7681,retained,34,32,55,2519,54,98,5948.9,1363.5,19,11,Android
7683,retained,41,33,210,3096,75,46,4329.5,778.9,27,19,iPhone
7684,retained,147,119,238,2454,184,126,3222.8,2038.7,7,1,iPhone
7685,churned,20,20,170,460,391,66,5480.9,2453.1,11,6,Android
7686,retained,189,153,196,2229,28,0,3080.3,1058.4,8,6,iPhone
7687,retained,28,24,86,2837,0,0,3212.4,1427.8,25,16,iPhone
7688,retained,138,112,170,2934,0,4,951.9,142.2,25,21,iPhone
7689,retained,23,22,95,374,34,0,3613.1,1680.8,30,22,Android
7690,retained,14,12,48,1014,0,39,6656.2,2977.1,1,0,Android
7691,retained,86,69,180,954,0,0,4920.0,2864.9,31,26,Android
7692,retained,27,27,45,2531,386,0,3821.8,3087.6,24,16,Android
7694,retained,47,38,163,1216,0,0,12804.6,3485.4,29,23,iPhone
7695,churned,243,199,289,1012,359,16,4569.1,2412.9,7,7,iPhone
7696,retained,14,14,96,1170,210,0,2027.5,1565.7,17,15,iPhone
7697,retained,69,56,80,319,37,0,1670.0,957.4,17,17,iPhone
7698,retained,13,13,145,1501,85,0,2634.4,1656.7,15,15,iPhone
7700,retained,32,32,113,43,0,12,6576.5,5469.3,15,12,iPhone
7701,retained,51,51,237,40,86,56,4576.3,2512.8,24,19,iPhone
7702,retained,27,22,31,2341,38,0,12927.7,7149.3,31,25,Android
7703,churned,117,94,126,2151,120,21,2918.3,873.0,1,1,iPhone
7704,retained,30,28,432,1239,10,24,3475.1,472.3,25,17,Android
7705,retained,338,270,444,19,140,0,5399.5,3265.3,11,11,Android
7706,retained,141,116,202,2796,0,0,4493.6,1132.5,7,5,iPhone
7707,retained,5,5,226,430,197,0,828.1,347.9,24,22,iPhone
7708,retained,81,65,114,3398,135,17,373.3,134.7,7,6,iPhone
7709,retained,12,10,80,2165,849,0,4655.3,3847.5,29,26,iPhone
7710,retained,166,143,220,1561,9,0,5564.7,1546.8,23,23,iPhone
7711,retained,44,43,102,3496,163,56,4025.9,2312.1,7,7,Android
7712,retained,97,97,243,103,109,1,6784.7,3613.5,18,10,iPhone
7713,retained,112,91,269,2870,214,45,7161.8,763.2,9,9,iPhone
7714,retained,56,56,57,2982,97,0,7187.8,1328.9,6,6,iPhone
7715,retained,27,24,466,1889,16,11,3979.3,2912.4,22,16,iPhone
7716,retained,49,49,348,1502,0,0,2292.0,1437.4,21,13,Android
7717,retained,253,220,332,2365,59,0,3544.0,2883.6,24,18,iPhone
7718,retained,195,157,226,2244,90,102,511.9,234.2,20,19,iPhone
7719,retained,42,34,97,1054,29,0,8599.9,1774.2,14,13,iPhone
7720,retained,15,12,61,192,155,178,4955.8,3308.4,22,17,Android
7721,retained,47,39,102,1977,0,0,1416.1,165.9,12,12,iPhone
7722,churned,0,0,20,2662,0,58,5995.6,2179.1,17,17,Android
7723,retained,47,38,189,785,205,22,7092.5,3529.5,9,9,iPhone
7724,retained,146,118,236,628,130,0,1091.6,330.5,24,17,Android
7725,retained,27,24,88,315,0,7,1464.1,713.3,23,17,iPhone
7726,retained,4,4,124,293,264,6,7184.9,4666.0,21,14,Android
7727,retained,35,28,41,3500,70,135,13688.0,7860.7,7,1,Android
7728,retained,57,47,78,1515,93,28,4994.6,2656.6,1,0,iPhone
7729,retained,78,62,222,2352,0,16,2247.3,1412.7,24,23,iPhone
7730,retained,98,80,287,2731,0,37,2137.3,468.5,19,16,iPhone
7731,churned,494,395,578,2975,69,0,8665.3,259.3,5,1,iPhone
7732,retained,4,4,39,2266,224,0,8846.4,2928.5,25,25,iPhone
7733,retained,67,55,72,32,87,17,3145.6,2364.3,5,5,iPhone
7734,retained,41,41,151,376,287,0,2704.4,1753.4,9,6,iPhone
7736,retained,47,37,89,3285,197,8,3113.3,2507.6,26,21,iPhone
7737,retained,52,41,301,3024,0,0,5229.4,3004.3,18,17,iPhone
7738,churned,91,75,109,3340,5,103,5621.8,351.8,2,0,iPhone
7739,retained,67,54,190,2417,131,9,4889.6,3537.5,18,15,iPhone
7740,retained,7,5,400,1642,171,52,1201.3,325.8,1,0,Android
7741,retained,39,32,69,3336,65,106,4376.9,1044.5,23,16,Android
7742,retained,40,32,430,1695,347,0,17921.8,1309.9,28,19,iPhone
7743,churned,54,49,110,1762,102,44,2272.6,1447.9,24,16,Android
7744,retained,15,12,44,2239,143,0,4184.8,2511.6,6,1,iPhone
7745,retained,62,52,192,898,5,0,3327.8,2261.7,24,17,iPhone
7746,retained,130,105,157,3142,66,12,4125.5,1338.9,20,13,iPhone
7747,retained,194,155,217,1758,17,0,2879.9,2194.8,13,9,Android
7748,retained,68,60,637,1838,66,48,1746.5,1167.6,24,21,iPhone
7749,churned,53,46,179,32,18,0,3745.6,1598.3,29,23,iPhone
7750,retained,153,123,282,209,2,9,3408.4,2195.3,30,23,iPhone
7751,churned,34,31,40,1015,116,0,2345.1,1514.8,2,0,iPhone
7752,retained,3,2,98,3009,0,33,2338.6,804.2,29,24,Android
7753,retained,93,75,249,2614,11,59,7136.6,5568.0,23,16,Android
7754,retained,10,9,191,2583,204,34,2708.7,919.8,27,26,iPhone
7755,retained,154,131,169,915,309,146,5624.5,2572.7,15,9,iPhone
7756,retained,20,17,72,2774,0,18,4819.2,929.3,10,10,iPhone
7757,retained,74,63,102,2080,2,60,847.0,138.7,24,21,iPhone
7758,retained,244,227,335,2303,50,100,7546.1,2116.6,3,3,iPhone
7759,retained,42,34,398,504,53,0,1617.9,899.7,14,8,Android
7760,retained,20,20,191,2657,0,0,1379.3,1074.2,27,26,iPhone
7761,retained,5,5,6,2126,156,0,1231.4,405.8,29,23,iPhone
7762,retained,114,91,155,1131,0,62,1627.8,492.9,28,21,iPhone
7763,churned,14,12,55,938,10,30,5149.1,758.5,5,1,iPhone
7764,retained,52,44,87,1540,152,2,2913.0,1631.4,27,22,iPhone
7765,retained,171,137,354,1314,524,0,4260.2,2047.9,13,13,iPhone
7766,churned,55,44,56,857,120,0,5691.5,1171.8,17,17,Android
7767,churned,17,16,178,125,0,4,4571.7,1315.8,3,0,iPhone
7768,retained,81,67,131,2367,218,0,2264.3,681.0,26,24,iPhone
7769,churned,302,261,324,1358,0,21,4812.6,2181.1,3,0,iPhone
7771,churned,103,83,163,3113,74,0,633.1,255.8,1,1,Android
7773,retained,44,35,97,2104,49,84,3210.4,2318.8,11,7,iPhone
7775,retained,106,106,144,1910,233,101,4372.8,2466.9,29,18,iPhone
7776,retained,552,442,695,1235,17,130,4260.6,2440.4,27,21,iPhone
7777,retained,23,21,95,191,296,19,10992.8,3401.4,26,23,iPhone
7778,retained,55,52,131,1496,0,0,4111.3,1609.7,2,2,Android
7780,retained,92,77,125,168,0,106,3682.4,745.5,21,16,Android
7781,retained,153,123,193,2738,0,0,1295.8,445.3,15,11,iPhone
7782,retained,110,110,209,2199,126,0,731.5,576.7,3,0,iPhone
7783,retained,56,45,66,2678,0,86,2628.7,1479.7,25,20,Android
7784,retained,139,113,164,3084,0,0,2274.0,705.3,24,15,iPhone
7785,retained,18,17,57,919,168,53,5385.2,4269.7,30,25,Android
7786,retained,30,24,33,2393,128,0,6841.6,3603.7,25,17,iPhone
7787,retained,26,26,61,2056,155,112,4310.7,394.5,2,2,iPhone
7788,retained,51,41,59,2159,3,34,3364.5,1033.5,12,7,iPhone
7789,retained,56,46,116,1312,55,3,1235.9,992.3,8,5,iPhone
7790,retained,324,259,604,1940,109,7,4245.7,1240.7,28,18,Android
7791,retained,234,187,318,2946,259,1,2433.0,1469.7,20,19,iPhone
7793,retained,123,99,157,1972,4,0,5152.5,4252.0,8,8,iPhone
7794,retained,22,22,62,2924,191,0,2334.7,829.8,16,15,iPhone
7795,retained,45,37,180,692,120,6,1359.0,333.8,21,19,iPhone
7796,churned,167,136,526,1133,139,50,3512.5,1606.4,22,13,iPhone
7797,churned,74,60,80,2564,93,27,5525.8,2821.3,5,3,Android
7798,retained,185,149,257,3419,482,0,7036.7,2927.1,15,9,Android
7799,retained,73,60,265,747,202,0,3633.2,1604.8,27,19,iPhone
7800,retained,28,23,30,2625,0,34,1203.1,312.1,29,26,iPhone
7801,retained,109,102,282,2120,68,0,1255.5,731.0,8,8,Android
7802,retained,28,23,127,2709,189,0,1158.6,634.0,7,5,Android
7803,retained,4,4,190,3013,16,0,1736.0,933.8,25,15,iPhone
7804,retained,27,23,85,2836,395,163,561.4,409.1,23,16,Android
7805,retained,17,14,79,408,4,32,6778.8,5487.9,9,4,iPhone
7806,churned,290,245,386,2964,138,98,1894.5,1099.3,25,23,Android
7808,churned,19,18,73,2901,72,9,5890.8,2146.1,5,3,Android
7809,retained,129,109,216,2106,78,4,4621.9,500.0,13,10,Android
7810,retained,86,86,140,2251,0,70,1746.2,163.9,21,19,Android
7811,retained,66,65,230,487,0,175,3470.4,387.5,23,18,iPhone
7812,retained,54,44,60,776,83,31,2781.0,1817.8,30,24,Android
7813,retained,75,60,75,1104,237,9,10121.2,4615.3,18,18,iPhone
7814,retained,23,21,69,1526,730,39,1289.1,806.5,11,7,iPhone
7815,retained,199,161,430,711,0,0,2841.0,1202.3,0,0,Android
7816,retained,13,11,82,597,74,0,1631.2,1092.2,13,13,Android
7817,retained,53,46,240,2920,82,11,2955.7,2376.5,23,18,iPhone
7818,retained,150,122,196,2311,47,0,2672.1,1709.5,1,1,iPhone
7819,retained,9,7,314,3310,55,5,2568.6,691.9,1,1,iPhone
7820,retained,208,167,499,1014,50,0,4460.6,2738.6,10,6,iPhone
7821,retained,112,89,243,1558,159,7,2878.2,1641.3,24,21,Android
7822,retained,154,124,161,638,72,0,2673.1,1409.8,15,11,Android
7823,churned,102,84,220,1975,0,0,3462.9,1085.4,2,2,iPhone
7824,retained,37,30,352,2810,355,0,2576.7,830.2,13,9,Android
7825,retained,39,32,67,1645,0,0,4005.5,3145.8,30,22,iPhone
7826,churned,117,93,197,1525,0,26,2706.0,1478.5,4,0,Android
7827,retained,86,71,94,2234,0,103,2908.9,2083.5,9,6,iPhone
7828,retained,107,86,304,3080,50,0,863.7,633.9,25,25,iPhone
7829,retained,99,85,396,2936,79,54,1537.9,1101.2,19,12,Android
7830,retained,35,29,55,3251,173,48,4079.1,976.9,24,17,iPhone
7831,retained,59,55,234,2671,0,91,3575.0,2201.6,30,25,iPhone
7832,retained,157,126,378,3079,56,0,2565.4,1546.2,1,1,iPhone
7833,retained,41,33,73,1875,215,69,3566.2,2675.1,31,26,iPhone
7834,retained,36,30,47,2507,672,0,9706.9,6178.7,26,17,iPhone
7835,retained,37,31,267,3065,158,0,2532.7,1406.0,24,22,iPhone
7836,retained,107,89,194,389,22,5,3739.9,1617.3,8,2,Android
7837,retained,3,2,70,3317,161,21,4130.8,2915.9,25,20,Android
7838,retained,69,60,188,3227,3,0,5661.5,1681.1,25,21,iPhone
7840,churned,26,23,399,758,0,26,3012.6,740.1,5,3,iPhone
7841,retained,1,1,20,1758,0,0,435.0,357.8,16,15,Android
7842,retained,20,20,65,2763,92,0,2117.6,1559.6,27,26,Android
7843,retained,9,9,139,2893,36,9,1602.4,1100.8,6,6,Android
7844,retained,108,86,129,1989,0,44,2901.8,1185.0,17,17,Android
7845,churned,146,117,217,92,13,16,6057.3,2602.5,5,5,iPhone
7846,retained,88,77,206,1399,128,32,4314.5,1940.6,13,13,Android
7847,retained,2,2,26,3326,54,0,1302.8,658.0,6,5,iPhone
7848,retained,28,23,134,584,85,70,2212.6,966.7,27,18,Android
7849,retained,30,27,198,472,113,33,3664.0,535.4,11,11,iPhone
7850,retained,147,129,167,2290,193,0,2793.0,2244.2,15,13,iPhone
7851,retained,74,60,184,441,181,76,2044.3,1045.9,8,4,iPhone
7852,retained,160,130,190,59,0,0,7255.8,5922.3,19,11,iPhone
7853,retained,48,39,116,689,343,0,4517.4,1752.3,16,13,Android
7854,retained,16,14,36,66,0,0,1573.2,557.1,10,3,iPhone
7855,retained,83,68,89,3053,33,0,5615.8,4477.8,31,27,iPhone
7856,retained,96,80,152,1458,257,60,3768.6,2127.1,26,19,Android
7857,retained,8,7,25,3336,0,44,2871.2,1453.8,11,5,Android
7859,retained,8,7,222,1339,364,0,2042.5,1202.9,15,15,Android
7860,retained,161,136,167,3481,159,0,5785.2,3625.5,27,21,iPhone
7861,retained,56,45,169,3465,71,13,2465.4,1677.4,20,19,Android
7862,retained,4,3,9,1562,110,0,656.2,434.7,2,0,iPhone
7863,retained,104,84,137,1925,0,4,4766.7,2225.9,30,20,iPhone
7864,retained,7,7,134,2688,0,24,4021.9,1395.4,2,2,Android
7865,retained,46,38,139,2591,37,16,1126.6,928.0,28,20,Android
7866,retained,119,96,155,2805,186,0,7342.9,6024.8,31,28,Android
7867,churned,35,30,144,268,198,0,2066.1,1163.1,10,10,iPhone
7868,retained,20,20,54,1140,29,0,4036.5,2091.2,23,21,Android
7869,retained,67,53,92,204,98,0,7558.6,4952.1,1,0,iPhone
7870,retained,56,45,81,1263,0,0,12139.1,7906.6,17,17,Android
7871,retained,148,119,155,1444,0,0,2587.3,1724.8,8,8,iPhone
7872,retained,221,179,275,156,0,60,1416.8,514.6,20,12,Android
7873,churned,87,74,161,316,87,0,1989.1,819.6,4,0,iPhone
7874,retained,105,86,181,2907,70,0,2399.5,1547.6,19,11,Android
7875,retained,4,4,26,3073,58,37,3311.9,1495.2,23,23,iPhone
7876,retained,33,33,282,961,9,0,2316.8,1099.1,15,12,iPhone
7877,retained,6,6,48,3325,0,11,2184.7,1122.3,17,10,iPhone
7878,retained,181,148,256,1735,157,17,2228.2,1208.4,28,27,iPhone
7879,retained,24,22,92,2354,138,0,8841.2,736.8,22,18,iPhone
7880,churned,13,10,133,435,10,0,5939.7,4508.7,17,15,iPhone
7881,retained,46,38,73,1131,97,14,1251.4,1005.4,2,2,iPhone
7882,retained,203,174,388,1945,65,0,2888.3,833.5,16,15,iPhone
7883,retained,478,383,510,850,11,5,2644.7,1071.3,5,0,iPhone
7884,retained,70,59,456,310,484,49,5159.8,2235.8,21,16,iPhone
7885,retained,36,36,408,309,140,96,3206.7,370.6,11,5,iPhone
7886,retained,113,92,263,768,218,0,1588.2,310.1,8,2,Android
7887,churned,47,40,313,2584,28,0,4763.1,2117.2,3,0,iPhone
7888,retained,34,34,207,788,131,10,3824.9,2956.9,3,0,iPhone
7889,retained,301,242,364,1230,200,75,4882.0,1890.5,6,5,Android
7890,retained,129,105,166,2637,47,91,588.7,460.1,28,22,Android
7891,retained,44,36,308,2236,27,31,7880.5,2283.3,20,14,iPhone
7892,retained,136,121,149,2059,213,142,3898.3,2085.1,21,18,Android
7893,retained,8,8,47,1218,0,46,3312.7,1155.1,1,0,Android
7894,retained,29,25,180,1476,258,37,2520.2,925.0,31,20,Android
7895,retained,23,22,53,1097,0,3,4338.9,1132.0,12,8,iPhone
7897,retained,11,9,51,1040,16,33,4659.0,2555.6,7,3,Android
7898,retained,234,188,241,632,170,0,3476.0,1071.2,2,2,iPhone
7899,retained,270,216,368,2659,121,93,2660.9,2196.9,28,18,Android
7900,retained,8,8,170,1513,150,0,5119.0,4260.1,20,14,iPhone
7901,churned,47,38,138,1667,39,57,1693.6,350.9,15,8,Android
7902,retained,237,192,307,1110,187,64,8129.4,6043.1,4,0,iPhone
7903,retained,48,48,179,664,171,20,1361.5,808.0,26,25,iPhone
7904,churned,1,1,25,374,63,56,2391.1,595.0,11,9,iPhone
7905,retained,2,2,121,287,0,208,1384.3,739.9,23,17,iPhone
7906,retained,70,56,120,560,111,115,10629.2,493.6,16,16,iPhone
7907,retained,82,66,199,144,3,8,4360.3,1868.0,0,0,iPhone
7908,retained,149,119,187,1643,0,0,1919.7,1465.4,13,7,Android
7909,churned,4,4,68,1155,114,26,2881.7,797.1,3,3,iPhone
7910,retained,77,68,78,2547,319,0,2991.5,686.9,30,19,iPhone
7911,retained,150,120,310,723,0,15,3610.9,1770.7,21,17,iPhone
7912,retained,31,25,454,1368,16,0,2980.7,2050.4,30,28,iPhone
7913,retained,22,18,84,1311,41,0,5176.1,1782.8,31,29,iPhone
7914,retained,140,126,206,1262,23,0,3464.7,1397.7,2,2,Android
7915,retained,175,151,194,1907,43,15,3142.9,1298.9,1,0,Android
7916,retained,43,35,246,3282,310,18,4647.9,1695.4,21,21,Android
7917,retained,217,175,255,2175,121,0,2882.2,1370.3,29,23,iPhone
7918,retained,142,114,308,2469,150,2,1315.0,970.7,29,23,iPhone
7919,retained,23,18,68,3034,0,121,2216.9,1081.0,7,7,iPhone
7920,retained,53,43,66,3015,84,0,684.6,207.2,21,20,iPhone
7921,retained,182,146,258,3153,0,108,3066.3,1829.1,26,22,iPhone
7922,retained,1,1,292,125,297,1,2283.7,1558.4,10,10,iPhone
7923,retained,43,43,102,1345,80,13,1450.6,282.0,10,10,iPhone
7924,churned,123,100,354,1152,0,0,2711.8,462.0,5,5,iPhone
7925,retained,14,12,143,1523,0,145,3275.7,1654.6,24,17,iPhone
7926,retained,8,8,418,1060,0,5,1687.5,576.1,22,19,iPhone
7927,retained,396,318,546,1485,88,27,3683.3,2442.3,30,25,Android
7928,retained,171,155,235,3373,199,89,4122.8,872.9,27,26,Android
7929,retained,21,17,426,2635,56,0,3500.6,2289.8,22,21,Android
7930,retained,23,23,66,2737,19,27,159.4,115.1,1,0,iPhone
7931,retained,10,8,59,2733,0,0,3089.3,2436.2,12,8,iPhone
7932,retained,60,49,179,289,16,116,1439.8,316.5,24,18,Android
7933,retained,54,45,58,1693,103,0,1101.0,784.0,26,20,iPhone
7934,retained,1,1,18,2127,39,0,924.3,549.4,1,0,Android
7935,retained,202,161,274,683,94,45,5014.7,1378.3,7,2,iPhone
7936,retained,7,6,176,2067,328,0,5123.4,2991.6,29,22,iPhone
7937,retained,95,76,218,294,199,0,9609.3,174.0,2,0,iPhone
7938,retained,58,46,141,2408,619,25,898.1,480.2,14,13,Android
7939,retained,12,10,148,2429,0,0,4332.6,368.3,6,5,Android
7940,retained,112,90,191,1960,199,0,5476.3,720.8,8,8,iPhone
7941,retained,21,17,24,3464,25,0,6185.5,781.6,10,10,iPhone
7942,retained,62,50,285,2114,194,47,3109.1,2556.2,22,16,iPhone
7943,retained,239,192,313,49,0,20,5293.2,261.8,13,10,iPhone
7944,retained,176,176,273,1836,18,0,4718.7,3188.4,25,18,iPhone
7945,retained,33,29,177,1277,507,0,759.4,483.4,18,12,iPhone
7946,retained,79,63,110,2754,137,9,5671.4,130.8,29,21,Android
7947,retained,90,72,511,3267,409,43,2845.6,1820.8,12,6,iPhone
7948,retained,154,124,179,2765,28,54,2174.6,1705.6,20,20,Android
7949,retained,32,31,272,2945,209,3,3290.7,2738.2,31,28,Android
7950,retained,74,60,166,86,41,0,7518.4,3066.3,28,19,iPhone
7951,retained,168,136,246,987,54,83,7185.1,3933.9,29,23,Android
7952,retained,270,219,367,1049,3,101,1206.4,401.4,9,9,Android
7953,retained,19,16,119,2187,562,0,10934.7,6922.0,2,0,iPhone
7954,retained,51,42,263,480,213,28,4541.0,340.7,11,11,iPhone
7955,retained,59,59,112,1245,169,0,773.1,561.5,2,0,iPhone
7956,retained,8,7,61,2834,132,0,6746.8,1230.8,17,17,Android
7957,retained,87,87,284,1547,62,0,2524.0,672.5,24,24,Android
7958,retained,84,67,148,917,149,39,10243.5,7219.2,27,22,Android
7959,retained,50,40,177,3266,364,67,4178.3,3078.5,7,2,iPhone
7960,retained,291,235,741,2069,15,0,2908.3,2377.8,3,3,iPhone
7961,retained,59,58,131,1050,211,36,2896.6,1461.9,18,14,iPhone
7962,retained,103,86,131,2783,9,0,2810.8,1493.3,27,20,iPhone
7963,retained,108,87,176,2843,2,39,7082.5,1401.2,4,4,iPhone
7964,retained,387,316,491,1039,0,0,10750.2,1951.1,14,10,iPhone
7965,retained,42,35,43,453,0,0,3196.4,2254.2,28,22,iPhone
7966,retained,153,140,203,2407,182,157,4196.0,1692.7,4,3,iPhone
7967,retained,9,7,106,1010,89,0,5419.9,3412.7,13,10,Android
7968,retained,101,100,208,2308,59,0,4386.4,2460.4,17,11,iPhone
7969,retained,90,78,107,2198,20,0,3941.9,916.7,7,1,iPhone
7970,retained,25,22,90,802,2,30,7427.7,1434.4,3,3,iPhone
7971,retained,63,51,438,1764,82,76,4382.7,2430.4,29,24,Android
7972,retained,169,137,283,3382,0,216,7113.2,2005.7,1,0,iPhone
7973,retained,124,124,129,2798,12,0,3747.8,602.9,26,17,iPhone
7974,retained,263,212,285,2580,0,83,3194.7,1944.8,24,14,Android
7975,retained,61,51,266,264,90,36,3534.6,2306.2,30,23,iPhone
7976,retained,62,50,138,2478,220,61,4827.1,2595.5,28,21,Android
7977,churned,110,110,225,714,209,29,2240.4,884.6,2,2,iPhone
7979,retained,83,71,149,1376,25,0,5493.3,4460.9,13,12,iPhone
7980,retained,48,40,114,2324,35,0,2129.1,992.1,11,11,Android
7981,retained,177,142,188,307,0,0,7402.8,1314.7,20,16,iPhone
7982,retained,215,172,418,1055,185,55,1558.8,1138.9,19,12,Android
7983,churned,117,95,224,522,0,0,4729.8,935.1,17,16,Android
7984,retained,51,49,210,2561,361,0,2852.5,1061.9,22,17,iPhone
7985,retained,119,101,168,1265,225,0,6678.2,4361.0,17,14,Android
7986,retained,107,87,221,2496,17,0,2882.5,1328.1,5,5,iPhone
7987,retained,3,3,13,3088,0,23,3396.4,2224.3,14,10,iPhone
7988,retained,84,77,193,3409,0,0,3223.5,1742.6,26,24,Android
7989,retained,381,305,467,1131,54,0,2223.5,728.2,19,16,iPhone
7990,retained,80,64,140,1403,74,5,2913.4,1539.3,9,3,iPhone
7991,retained,101,82,162,1149,0,50,3500.3,2388.9,26,24,Android
7992,retained,371,297,502,3085,0,20,1955.0,959.0,3,3,iPhone
7994,churned,92,75,251,221,104,0,2150.9,713.9,10,5,iPhone
7995,retained,69,60,116,1806,155,0,4843.4,3184.4,7,7,iPhone
7996,churned,24,21,76,2273,13,31,3541.6,2049.3,8,6,Android
7997,retained,146,118,163,2442,0,0,4999.2,2784.0,11,11,iPhone
7998,retained,12,11,14,1344,0,0,3400.6,1045.1,14,12,Android
7999,churned,49,39,323,1187,128,0,3116.3,967.2,2,0,iPhone
8000,retained,60,48,68,556,42,73,1848.4,361.0,2,2,Android
8001,retained,18,18,73,2581,85,0,3390.0,1550.4,15,13,Android
8002,retained,54,43,60,1522,38,0,5999.0,488.5,30,20,iPhone
8003,retained,101,83,414,686,87,80,2707.4,1246.2,2,0,Android
8004,retained,106,88,391,2028,0,0,4705.9,3516.6,12,12,Android
8005,retained,72,59,90,2964,53,19,4072.6,2745.6,6,6,iPhone
8007,churned,13,13,211,918,320,129,6195.1,2631.5,20,15,iPhone
8008,retained,214,173,225,2934,98,199,4018.8,856.1,22,14,iPhone
8009,retained,13,11,121,865,0,127,4945.1,3977.2,5,5,Android
8010,retained,14,11,246,2985,0,0,1838.3,1472.1,16,16,iPhone
8011,retained,49,44,126,1222,312,61,4867.0,2300.6,23,22,iPhone
8012,retained,29,24,72,2597,137,29,4714.3,2810.7,6,3,iPhone
8013,retained,37,34,44,3396,0,211,5133.0,2274.8,5,2,Android
8014,churned,113,113,160,2052,249,1,4162.0,2416.2,1,1,iPhone
8015,retained,30,24,163,2122,57,16,4496.9,1409.6,26,16,iPhone
8016,retained,71,57,115,466,273,37,4743.1,2029.7,24,17,iPhone
8017,churned,38,31,102,2781,203,0,6545.3,1275.5,19,15,iPhone
8018,retained,95,78,508,1886,162,0,5462.0,2705.5,21,16,iPhone
8019,retained,3,3,50,1321,0,9,2096.0,1175.4,28,19,iPhone
8020,churned,50,41,342,2201,188,116,4701.2,179.3,2,2,Android
8021,retained,5,5,13,2467,152,71,1846.7,1346.1,13,13,iPhone
8022,retained,30,24,54,2112,68,21,3167.8,704.9,9,8,iPhone
8023,retained,88,88,145,1023,0,144,5836.3,2556.4,29,26,iPhone
8024,churned,31,29,267,99,82,81,2334.8,1337.7,16,14,Android
8025,retained,9,9,22,174,150,37,3896.6,2315.7,19,19,Android
8027,churned,25,21,337,1269,111,24,1257.0,976.3,11,11,Android
8028,retained,208,171,288,1953,44,20,14657.2,1294.6,22,20,iPhone
8029,retained,65,52,308,2173,2,31,942.4,743.1,24,16,iPhone
8030,retained,16,16,28,408,13,0,2616.9,1587.9,25,23,Android
8031,churned,204,163,448,2232,180,81,3204.9,2526.9,13,8,Android
8032,retained,91,74,161,1377,156,16,8582.1,5652.3,20,12,Android
8033,retained,16,16,106,3487,181,43,2480.6,880.5,9,8,iPhone
8034,retained,48,38,231,499,24,1,2618.0,827.0,20,16,iPhone
8035,churned,30,30,113,1280,201,0,4231.6,3402.5,0,0,iPhone
8036,retained,164,134,228,152,349,31,2001.8,153.1,23,17,Android
8037,retained,3,3,189,3337,0,20,2087.9,1561.7,10,8,Android
8038,retained,6,5,63,2002,48,21,4290.3,2676.2,12,5,Android
8039,retained,131,106,295,1919,0,0,4558.3,2904.0,2,2,iPhone
8040,retained,115,92,222,3411,381,11,3680.1,2652.4,24,19,Android
8041,retained,43,35,104,3474,436,265,5080.6,335.1,21,17,iPhone
8042,retained,150,140,206,211,0,67,4283.7,2111.4,9,8,iPhone
8043,retained,52,42,210,1363,111,21,2252.4,692.9,30,27,iPhone
8044,retained,132,106,153,3488,0,76,6236.5,4166.5,23,21,Android
8045,retained,131,104,174,3031,157,0,1048.6,482.8,21,12,iPhone
8046,retained,171,140,177,1536,66,48,7984.9,2622.8,9,9,iPhone
8049,retained,27,23,32,2464,31,0,5860.9,2964.7,22,18,iPhone
8050,retained,100,81,102,478,53,19,4204.6,1738.7,7,2,Android
8051,retained,43,39,63,3055,0,60,1710.4,1093.7,11,4,Android
8052,retained,27,27,66,1118,29,83,4169.4,1693.0,16,15,iPhone
8053,retained,12,12,109,1659,46,4,3603.3,2106.2,16,13,iPhone
8054,retained,35,29,61,2149,88,0,6536.7,5402.1,11,4,iPhone
8055,retained,73,59,262,1322,9,25,5193.5,2776.3,30,21,iPhone
8056,retained,204,165,615,1941,573,0,3314.3,1819.7,7,7,iPhone
8057,retained,75,61,88,2862,1,0,3222.4,2611.5,5,3,iPhone
8058,retained,21,17,48,1457,271,62,4636.0,3435.2,9,2,iPhone
8059,retained,0,0,20,3370,534,12,6279.4,5013.2,15,15,iPhone
8060,retained,111,89,215,1768,127,85,5267.9,1882.0,28,19,iPhone
8061,retained,32,26,191,3069,376,0,2445.8,1112.4,25,19,Android
8062,retained,3,3,55,318,108,97,4671.7,3622.6,16,14,iPhone
8063,retained,157,126,199,1159,382,7,5292.5,3895.0,17,17,Android
8064,retained,72,72,209,2749,0,0,3201.2,459.4,29,25,Android
8065,retained,150,122,339,2093,24,0,4084.1,1924.4,31,20,Android
8066,churned,60,60,138,240,154,273,3839.2,1256.6,5,3,iPhone
8067,retained,30,30,80,2245,0,0,5714.2,4132.3,19,17,Android
8068,churned,73,66,214,1535,309,42,2490.1,1321.5,3,0,iPhone
8069,retained,87,71,211,283,0,98,4018.4,478.2,29,23,iPhone
8070,retained,11,11,170,2916,76,0,2533.4,1961.9,12,9,iPhone
8071,retained,59,49,96,2749,14,54,2344.1,1722.1,15,15,iPhone
8072,retained,60,51,179,893,0,34,8903.9,1197.5,17,16,Android
8073,retained,16,13,279,2821,30,0,5284.9,949.9,20,15,Android
8074,retained,18,18,256,31,27,8,7303.5,3501.7,23,19,iPhone
8075,retained,134,109,250,244,0,174,2293.4,572.2,30,28,iPhone
8076,retained,213,177,344,490,630,8,3492.2,1531.9,23,19,iPhone
8077,retained,167,137,358,147,121,135,9709.8,1352.8,29,25,Android
8078,retained,99,80,111,1062,256,261,3089.2,2270.8,14,12,iPhone
8079,retained,103,84,204,3029,74,0,4216.8,2927.9,9,3,iPhone
8080,churned,8,8,42,543,392,0,1728.3,1110.5,15,7,iPhone
8081,retained,146,117,148,1944,211,5,4427.5,2769.0,3,3,iPhone
8082,retained,115,99,273,2477,224,0,2733.2,2034.1,30,20,Android
8083,retained,81,81,168,2336,178,4,1556.6,282.3,11,9,Android
8084,retained,170,136,178,695,77,140,11820.1,6806.2,15,9,Android
8085,retained,68,54,119,2285,258,0,3233.2,1920.5,18,11,iPhone
8086,retained,72,62,181,930,0,12,2673.5,1463.8,9,9,iPhone
8087,retained,26,22,40,998,0,0,1318.3,738.1,13,13,iPhone
8088,retained,108,90,130,2350,84,0,2700.0,936.3,20,19,iPhone
8089,retained,171,143,479,3025,171,97,1890.9,551.9,11,7,iPhone
8090,retained,100,80,154,326,61,52,2180.4,653.7,24,19,Android
8093,retained,122,98,159,3188,235,42,1541.6,512.8,2,2,iPhone
8094,retained,7,6,256,3054,55,23,6776.6,2786.0,29,21,Android
8095,churned,73,61,76,1055,0,32,1161.2,457.1,17,13,Android
8096,retained,223,202,352,1108,71,115,1883.7,785.0,16,14,iPhone
8097,retained,30,24,137,3071,21,0,2230.2,1696.0,3,0,iPhone
8098,retained,247,208,322,982,254,0,4136.4,1156.9,16,11,iPhone
8099,retained,139,123,259,1589,240,0,6866.7,3625.9,12,12,Android
8100,retained,125,102,209,3403,85,22,3537.9,1288.8,16,11,iPhone
8101,retained,27,22,34,1181,30,0,2431.1,1382.6,13,10,iPhone
8102,retained,134,108,297,1878,248,21,4494.2,1347.2,11,11,iPhone
8103,retained,73,69,93,750,41,122,4559.1,1732.8,0,0,iPhone
8104,retained,77,61,205,394,23,33,1309.1,1030.2,8,5,Android
8106,retained,9,9,70,1115,89,1,1774.1,1315.1,25,24,iPhone
8107,churned,248,199,438,262,103,0,2164.5,1016.0,4,4,Android
8108,retained,88,71,167,1040,231,0,2008.5,845.6,30,21,Android
8109,retained,97,79,102,231,333,36,2779.2,2243.5,12,12,iPhone
8110,retained,123,106,479,2716,699,20,6308.7,2667.7,27,19,iPhone
8111,retained,36,29,44,2044,27,23,3755.9,1737.3,17,9,iPhone
8112,retained,18,18,24,2849,69,13,3262.9,1991.6,13,11,iPhone
8113,retained,43,36,91,1164,205,102,7250.9,3325.6,1,0,iPhone
8114,churned,45,36,101,678,0,38,4470.2,1954.1,6,5,iPhone
8115,retained,118,96,189,2442,19,39,2312.2,1271.2,19,16,iPhone
8116,churned,4,4,206,2745,425,26,4394.1,1282.2,8,5,iPhone
8117,retained,3,3,88,2978,600,0,6833.9,1944.5,22,22,Android
8118,retained,27,24,128,852,0,31,693.7,223.7,9,7,Android
8119,retained,71,62,221,1577,400,11,1074.8,199.9,24,20,iPhone
8120,churned,61,49,111,132,258,302,4791.2,3872.2,1,1,iPhone
8121,retained,15,12,35,116,154,20,6679.5,3675.3,9,5,iPhone
8122,retained,0,0,132,89,174,104,5044.9,2205.1,4,0,iPhone
8123,churned,58,58,487,595,96,0,2890.5,2313.4,4,2,Android
8124,retained,452,364,876,2659,62,0,4986.9,1383.2,24,21,iPhone
8125,retained,34,28,141,2773,0,0,10087.4,6763.2,3,2,iPhone
8126,retained,24,19,122,2157,69,70,2869.1,961.3,21,21,iPhone
8128,retained,6,5,13,2214,106,37,4233.0,1675.4,30,25,Android
8129,retained,103,97,340,2705,452,193,1557.4,1270.2,26,17,Android
8130,churned,97,79,170,796,247,177,2759.3,1300.5,20,14,Android
8131,retained,166,135,274,709,0,30,4081.6,1862.4,17,17,Android
8132,retained,22,18,132,1142,181,7,3071.2,504.1,10,10,iPhone
8133,retained,42,34,724,2809,244,0,2177.5,715.6,20,16,iPhone
8134,retained,193,163,218,3303,14,0,9426.7,1282.8,28,20,iPhone
8136,retained,149,123,558,2016,0,53,5261.1,2664.2,9,4,Android
8137,retained,56,47,76,1101,227,9,2440.4,1887.7,20,16,iPhone
8138,retained,66,54,139,2944,0,84,3723.0,1891.1,5,0,iPhone
8139,retained,36,29,244,933,20,37,2180.8,603.5,29,23,Android
8140,retained,15,12,42,3363,5,32,7926.1,2214.3,1,0,Android
8141,churned,73,60,233,568,36,0,1452.7,301.9,27,18,iPhone
8142,retained,27,22,95,99,250,76,4292.5,1566.2,22,22,iPhone
8143,churned,293,236,528,2969,26,129,1465.3,1175.1,22,14,Android
8144,retained,77,77,101,667,175,58,6192.0,1685.1,10,10,iPhone
8145,churned,20,16,70,1441,126,95,268.7,205.3,16,15,Android
8147,retained,138,111,193,315,369,11,5945.9,3853.1,16,12,Android
8148,retained,12,10,276,1790,0,8,6542.0,3264.6,10,10,iPhone
8151,retained,8,8,152,2200,66,30,9088.9,4457.4,26,25,iPhone
8152,retained,250,200,258,3259,199,0,4072.1,1718.0,26,18,iPhone
8153,retained,166,135,190,412,126,20,7943.7,5222.3,20,13,Android
8154,retained,40,35,114,132,76,0,1958.6,510.3,31,23,iPhone
8155,retained,55,45,100,2670,158,71,2015.4,1353.6,24,16,iPhone
8156,retained,116,94,441,1512,63,88,1993.2,808.5,29,19,iPhone
8157,churned,36,32,117,462,0,18,5720.5,4749.7,12,12,Android
8158,retained,18,18,80,2239,0,49,6004.6,814.5,16,12,iPhone
8159,retained,97,80,222,2659,94,17,3541.7,1705.6,11,5,iPhone
8160,retained,352,281,424,169,153,5,3165.1,537.0,18,16,iPhone
8161,retained,129,117,169,2806,124,0,3360.4,2503.6,20,17,iPhone
8162,retained,230,185,322,2550,0,103,5810.0,2823.0,21,14,Android
8163,retained,67,56,819,442,124,0,1793.5,526.9,25,20,iPhone
8164,retained,130,104,144,770,64,116,10622.6,253.2,28,18,iPhone
8165,retained,153,122,201,2537,0,3,1919.0,980.7,16,11,iPhone
8166,retained,383,383,490,1518,0,2,2384.7,1953.3,7,6,iPhone
8167,retained,137,112,163,1940,144,0,1563.6,1091.4,24,21,Android
8168,retained,49,40,256,2369,186,76,7691.3,3325.1,23,20,iPhone
8169,churned,78,62,85,814,233,0,2208.9,1140.1,8,2,Android
8170,retained,372,298,397,82,125,0,4021.3,886.0,20,18,iPhone
8171,retained,27,22,60,2807,49,5,5224.8,259.9,24,24,iPhone
8172,retained,13,10,57,2120,89,3,4084.1,3364.0,21,13,iPhone
8173,retained,3,3,27,531,43,85,4534.4,2089.5,14,10,iPhone
8174,retained,129,129,235,470,0,56,3740.6,2222.5,17,9,Android
8175,retained,9,8,38,2382,222,0,1636.7,682.9,2,1,iPhone
8176,retained,97,78,210,2688,191,0,1474.6,477.9,6,5,iPhone
8177,retained,13,11,209,1217,383,0,2994.1,393.0,1,0,Android
8178,retained,59,55,144,2636,53,0,4666.0,2106.7,2,2,Android
8179,retained,5,5,153,2488,322,23,1321.7,685.0,5,5,iPhone
8180,retained,103,84,197,852,114,0,4739.6,2348.2,28,19,Android
8181,retained,2,2,172,61,40,265,3331.6,2467.9,16,9,Android
8182,retained,38,31,134,1296,1,0,7592.0,2100.0,17,16,Android
8183,retained,21,18,59,2982,0,33,2073.8,1521.7,4,4,iPhone
8184,retained,98,79,117,2814,44,100,5132.3,2748.3,5,0,Android
8185,retained,51,46,215,1059,0,0,3807.3,2431.9,28,25,iPhone
8186,retained,136,109,299,957,478,83,5592.3,2030.1,29,19,iPhone
8187,retained,51,41,52,1783,2,0,682.2,549.9,20,11,Android
8188,retained,7,6,111,487,73,38,1951.7,1623.8,13,13,Android
8189,retained,1,1,39,2422,36,43,2262.8,1020.5,19,17,iPhone
8191,retained,26,26,240,2058,57,0,2348.4,902.3,22,20,iPhone
8192,retained,45,45,51,3467,82,46,2104.4,1493.0,29,22,iPhone
8193,retained,82,66,387,648,151,0,2411.1,587.4,19,14,iPhone
8194,churned,73,58,247,3154,0,4,2200.0,1465.0,2,1,iPhone
8195,retained,64,52,128,100,419,35,2110.4,1111.1,26,24,iPhone
8196,retained,128,103,137,1903,199,42,7999.8,2360.9,26,16,iPhone
8197,retained,9,8,213,2190,147,8,3771.2,1333.8,29,28,iPhone
8198,retained,7,6,340,1942,55,113,7123.2,1669.0,14,10,iPhone
8199,retained,11,11,100,399,119,140,3187.3,1782.1,17,12,iPhone
8200,retained,39,31,52,1704,542,217,2199.0,1794.8,6,4,Android
8201,retained,0,0,12,2493,248,0,4919.0,1723.5,7,6,Android
8202,retained,95,77,344,2140,51,6,2238.6,1757.5,18,13,iPhone
8203,retained,62,50,158,3022,50,20,3723.7,1812.7,3,2,Android
8204,retained,38,32,93,2746,224,95,1418.5,758.5,27,19,Android
8205,churned,120,96,184,964,30,0,9639.2,3015.5,0,0,iPhone
8206,retained,80,80,379,1724,0,0,7612.6,4020.8,25,19,Android
8207,retained,38,31,81,753,351,0,3044.4,1536.4,30,24,Android
8208,retained,7,7,30,1632,148,0,2051.8,487.0,24,18,Android
8209,retained,225,180,291,831,10,0,5821.6,3503.1,2,1,Android
8210,retained,108,87,349,649,318,0,5993.3,3707.5,1,1,Android
8211,retained,3,3,183,1967,66,0,4821.2,3494.3,24,17,iPhone
8212,retained,11,9,298,2098,196,44,2929.9,1303.9,4,4,iPhone
8213,churned,22,22,35,120,0,5,1695.7,252.2,0,0,iPhone
8214,retained,4,4,408,2693,148,0,2927.8,567.1,16,11,Android
8215,churned,30,30,316,3380,86,28,3624.3,2753.6,2,2,iPhone
8217,retained,197,159,544,1253,283,2,4757.0,3463.5,20,20,Android
8218,retained,190,153,292,869,315,100,10923.9,5667.4,17,17,iPhone
8219,churned,73,58,227,199,27,141,5005.6,1344.8,3,1,iPhone
8220,retained,356,298,388,1887,160,106,7766.7,888.8,25,16,Android
8221,retained,9,8,54,976,14,0,3406.5,965.5,27,20,iPhone
8222,retained,11,9,231,1741,0,0,3737.2,2637.1,2,1,iPhone
8223,retained,33,27,243,387,0,0,2032.0,1266.6,21,21,iPhone
8224,retained,82,82,94,658,0,16,2676.9,330.7,8,3,iPhone
8225,retained,155,131,482,2294,86,38,5080.7,1952.9,18,16,iPhone
8226,retained,59,56,396,2297,301,0,2974.9,1872.5,12,8,Android
8227,retained,16,16,40,1445,143,5,1949.3,906.3,29,19,Android
8228,churned,82,66,223,3164,103,0,2869.9,1407.0,1,0,Android
8229,churned,46,40,348,35,493,109,2755.7,818.5,11,10,iPhone
8230,retained,24,19,99,1870,0,33,7075.6,1883.1,1,1,iPhone
8231,retained,224,183,240,590,0,0,1735.0,1380.3,25,21,iPhone
8232,retained,98,78,436,2511,0,39,8227.3,2512.5,28,18,Android
8233,retained,71,71,195,3039,5,23,2038.2,1563.1,28,19,iPhone
8234,retained,693,563,871,1968,311,0,3050.0,1563.6,13,13,iPhone
8235,retained,179,144,270,2235,141,0,1462.2,832.0,27,26,Android
8236,retained,99,80,368,2130,0,18,5758.5,4787.7,2,0,iPhone
8237,retained,157,126,284,2112,398,120,4432.4,3561.4,16,13,Android
8238,retained,51,43,157,1468,22,0,4893.1,1590.2,20,19,iPhone
8239,retained,22,17,52,2202,0,48,6291.3,721.9,23,22,iPhone
8240,retained,66,53,138,639,57,55,5973.4,4254.9,17,14,iPhone
8241,retained,97,78,162,670,172,25,1124.4,925.3,13,12,Android
8242,retained,19,15,50,2765,178,2,2674.2,2111.1,3,0,iPhone
8243,retained,16,16,318,1709,129,0,8111.0,3930.7,24,22,iPhone
8244,churned,69,58,240,858,258,1,2250.9,1570.3,14,8,iPhone
8245,retained,7,6,12,108,0,0,446.6,367.3,17,17,Android
8246,retained,68,68,98,2291,198,0,2431.6,1475.1,20,14,iPhone
8247,retained,165,134,436,898,0,14,2117.2,910.1,23,14,iPhone
8248,retained,126,105,180,2555,194,0,1064.1,714.2,19,19,iPhone
8249,retained,30,30,46,958,253,43,5608.1,4038.5,14,9,Android
8250,retained,58,58,86,533,298,0,4677.8,956.3,11,10,iPhone
8252,retained,280,224,344,2477,135,1,9948.4,5850.3,23,22,iPhone
8253,retained,57,46,89,3030,65,30,4495.3,2030.1,17,17,iPhone
8254,retained,11,9,122,37,69,0,4735.9,2506.0,30,25,iPhone
8255,churned,7,7,275,2237,0,47,5924.5,2937.0,3,3,Android
8258,retained,39,31,169,2970,147,120,3618.1,1800.2,20,16,Android
8259,retained,5,4,31,3020,2,41,5113.8,3384.3,27,19,iPhone
8260,retained,28,23,197,1698,63,0,5788.8,3360.1,24,23,Android
8261,retained,3,3,56,699,203,27,5346.2,1861.2,9,7,Android
8262,retained,101,80,128,275,343,18,2185.3,442.3,29,25,Android
8263,churned,24,24,179,3019,181,6,2829.3,1806.4,8,8,iPhone
8264,retained,54,45,66,1038,86,28,2788.2,403.3,24,17,iPhone
8265,retained,36,36,272,2543,0,129,1852.3,1458.4,9,9,Android
8266,retained,25,25,94,2055,321,102,5044.6,3782.5,10,4,iPhone
8267,retained,115,98,126,30,8,54,1134.4,699.1,30,26,Android
8268,retained,71,68,109,2678,123,0,1372.0,955.2,3,3,iPhone
8269,retained,12,12,118,2163,51,0,6183.2,1078.7,15,10,Android
8270,churned,220,178,229,606,110,0,1504.1,622.2,26,17,Android
8271,churned,181,145,520,16,26,10,13156.1,2844.7,16,13,iPhone
8272,retained,6,6,314,2645,7,37,4354.5,1255.0,8,8,iPhone
8273,retained,1,1,42,175,346,45,12488.4,4829.6,31,28,iPhone
8274,retained,56,48,69,343,91,0,7584.4,4660.0,18,14,Android
8275,retained,415,334,437,2217,394,0,3634.1,265.5,23,14,Android
8276,churned,262,213,270,3486,15,39,4020.0,55.1,9,7,iPhone
8277,retained,147,124,536,2324,0,0,1701.9,967.3,21,20,Android
8278,retained,1,1,34,1807,139,9,1658.8,732.4,2,0,Android
8279,retained,253,203,265,385,0,0,3922.3,1273.7,17,15,iPhone
8280,retained,69,55,70,3314,312,0,6421.2,5308.0,1,1,iPhone
8281,retained,15,13,34,1268,100,0,774.4,286.8,29,19,iPhone
8282,retained,63,63,66,719,26,59,8566.7,5721.9,4,2,Android
8283,churned,64,55,98,757,125,8,4050.5,1952.1,11,11,Android
8284,retained,102,82,124,724,179,60,3595.3,1069.2,7,3,iPhone
8285,retained,15,12,60,2756,128,0,511.3,184.6,11,11,Android
8286,retained,92,79,221,1199,376,0,3057.4,1554.5,13,6,Android
8287,retained,192,165,213,2032,145,0,1548.4,833.5,26,18,iPhone
8288,retained,12,12,135,3252,46,33,1399.1,940.4,17,17,iPhone
8289,retained,100,80,463,236,31,0,3161.0,383.8,6,6,iPhone
8290,retained,4,4,124,2202,173,0,2073.5,492.5,28,27,iPhone
8291,retained,10,10,184,3345,118,136,2437.6,446.2,24,20,iPhone
8293,retained,11,9,67,13,80,0,1365.8,359.7,1,1,iPhone
8294,retained,30,24,40,744,79,6,2798.1,927.6,30,23,iPhone
8295,retained,31,31,35,2963,0,36,4815.9,1987.3,16,9,iPhone
8296,churned,3,3,61,1365,0,5,2487.7,1317.1,2,2,Android
8297,retained,110,92,197,3112,0,0,6139.3,2519.6,8,8,iPhone
8298,retained,23,23,290,2916,379,0,8037.9,2128.4,23,19,Android
8299,retained,88,71,311,1084,0,0,6108.8,2453.8,25,17,iPhone
8300,retained,104,91,125,1547,427,60,2091.3,1624.8,11,7,iPhone
8301,retained,57,47,118,369,461,28,6850.1,2536.0,4,1,iPhone
8302,retained,59,48,892,2873,14,0,5116.3,2537.0,6,0,Android
8303,retained,7,7,162,1305,91,0,1778.3,1148.7,10,10,Android
8304,retained,34,32,67,1175,161,0,8817.2,1524.7,21,12,iPhone
8306,retained,26,22,29,1171,194,8,7992.4,6572.4,11,9,Android
8307,retained,32,26,209,3487,19,60,4719.3,1409.9,27,24,iPhone
8308,retained,27,22,211,2839,278,48,3814.8,3147.6,9,6,iPhone
8309,retained,50,47,52,1095,109,0,5468.3,3447.6,17,17,iPhone
8310,retained,99,99,110,2822,0,354,7431.0,2671.2,14,7,iPhone
8311,retained,22,18,74,1912,415,0,7399.0,668.3,22,13,Android
8312,retained,37,30,254,2021,169,30,6065.9,478.6,25,21,iPhone
8313,retained,21,17,191,1330,52,0,2074.8,1347.8,22,19,iPhone
8315,retained,16,13,34,2330,69,0,1714.3,994.3,7,1,iPhone
8316,retained,27,23,204,2537,135,0,3887.7,578.1,24,19,Android
8317,retained,31,29,191,1422,246,78,4254.0,1087.6,28,21,Android
8318,retained,10,10,312,653,0,2,8586.7,2350.2,3,3,iPhone
8319,retained,75,61,183,2064,101,0,7011.7,1424.1,7,7,iPhone
8320,retained,30,24,59,383,86,56,3619.4,715.3,5,3,iPhone
8321,retained,12,10,539,1058,24,2,2208.0,1716.2,21,21,iPhone
8322,retained,31,26,189,1883,30,38,3731.9,1947.5,10,3,iPhone
8323,retained,29,23,82,3295,118,0,1466.6,1070.0,30,20,Android
8324,retained,14,14,151,3282,8,0,4349.2,1791.0,9,9,iPhone
8325,churned,144,117,206,3094,0,24,6056.4,2127.3,8,5,iPhone
8326,retained,103,83,133,1837,2,103,3821.4,440.8,2,0,iPhone
8328,retained,38,31,93,3285,87,91,6757.4,4090.2,0,0,iPhone
8329,retained,3,3,73,39,50,0,5218.2,2043.2,12,12,iPhone
8330,retained,21,17,158,2852,243,26,6596.6,327.3,28,22,Android
8331,retained,23,19,74,2539,105,6,2057.4,1203.5,14,12,iPhone
8332,retained,27,22,265,3023,201,0,6425.5,4797.4,26,25,iPhone
8333,retained,38,38,284,685,87,29,9375.8,5932.1,12,7,iPhone
8334,churned,49,43,157,3179,220,21,2105.3,1647.9,1,0,iPhone
8335,retained,21,17,79,1033,120,38,1667.7,961.8,6,6,iPhone
8337,retained,80,64,109,3212,101,0,1772.1,868.8,21,14,iPhone
8338,retained,106,87,144,1387,147,0,2833.5,1254.9,20,17,Android
8339,retained,1,1,283,3413,9,0,5353.0,1059.8,5,2,Android
8340,retained,12,10,61,3083,42,94,8488.8,2006.3,7,7,Android
8341,churned,96,78,362,3247,463,0,7989.0,5080.5,6,4,Android
8342,retained,9,9,17,2700,234,170,2763.1,604.8,22,16,iPhone
8343,retained,142,116,445,3136,0,0,3323.2,2024.3,30,27,iPhone
8344,retained,195,156,259,3025,0,0,2118.8,966.9,19,12,Android
8345,retained,36,32,38,2775,521,0,4619.5,191.6,14,10,Android
8346,churned,204,163,211,3260,0,63,2135.3,1491.8,1,0,iPhone
8347,retained,2,2,37,2236,321,9,2909.0,457.0,6,4,iPhone
8348,retained,109,93,372,1433,12,0,7997.2,738.9,17,10,Android
8349,retained,11,11,86,2429,57,24,2278.7,801.9,9,4,Android
8350,retained,11,9,119,2407,0,2,5228.8,2003.4,24,22,iPhone
8351,retained,200,171,341,3244,0,0,3531.2,586.0,6,2,Android
8352,retained,15,13,134,753,216,52,1214.4,872.0,13,9,iPhone
8353,retained,82,66,468,1255,0,0,3439.4,2561.8,29,19,Android
8354,retained,157,133,866,3227,190,0,3139.1,1207.5,7,3,iPhone
8355,retained,35,28,237,289,138,0,2874.4,159.0,22,17,Android
8356,retained,291,258,522,3230,363,175,2019.8,893.8,12,8,Android
8357,retained,33,27,200,1261,170,107,3939.0,1149.0,30,24,iPhone
8358,churned,690,552,728,3138,499,52,9048.5,2073.5,6,3,Android
8359,churned,11,9,57,2521,92,0,4642.7,1284.7,4,4,Android
8360,retained,5,5,96,1659,230,94,7251.6,6039.4,27,24,iPhone
8361,retained,61,49,139,2539,211,44,6276.1,3231.0,26,16,iPhone
8362,retained,79,79,117,1660,0,10,5896.4,3633.0,29,23,iPhone
8363,retained,42,37,149,1178,12,0,2409.8,623.5,26,24,iPhone
8364,retained,23,21,234,1815,0,0,705.4,412.4,31,27,iPhone
8365,retained,85,71,151,2407,66,52,5140.0,1625.7,26,16,iPhone
8366,retained,80,64,96,1973,103,17,6810.2,1592.8,18,15,iPhone
8367,retained,183,147,311,2865,75,63,2560.1,793.1,8,7,iPhone
8368,churned,192,154,198,1996,547,0,1475.4,653.7,14,13,iPhone
8369,retained,107,85,184,1746,41,21,7285.9,5110.2,17,13,iPhone
8370,retained,16,14,78,657,75,45,3442.7,1408.1,10,10,iPhone
8371,retained,4,4,127,2485,78,162,5253.9,829.0,17,17,iPhone
8372,retained,22,18,63,1596,351,65,6183.0,3821.7,9,9,Android
8373,churned,34,30,59,1876,389,117,3855.2,2638.4,2,2,iPhone
8374,retained,23,23,132,2439,6,0,1627.4,580.8,13,11,Android
8375,retained,175,140,280,1511,153,3,9798.2,4690.0,26,17,iPhone
8376,retained,35,28,42,632,37,5,2617.3,489.6,3,3,Android
8377,retained,105,84,384,765,371,0,2140.0,611.3,23,14,iPhone
8378,retained,19,15,335,2849,115,6,1440.8,1173.9,28,24,Android
8379,churned,45,37,89,2196,0,0,1092.2,570.3,30,22,iPhone
8380,retained,39,32,172,3225,18,0,6471.4,1175.8,6,3,Android
8381,churned,328,263,416,2835,13,0,4051.9,1158.8,14,14,Android
8382,churned,46,37,53,876,22,99,5299.8,2640.7,2,2,Android
8383,retained,7,7,33,957,0,16,12725.7,7318.0,11,7,iPhone
8384,churned,9,9,38,2913,91,8,3606.3,2728.2,6,6,iPhone
8385,churned,3,3,18,640,497,33,9314.1,4117.5,29,19,Android
8386,retained,8,8,230,987,38,0,4517.0,3507.4,5,5,Android
8387,retained,62,51,168,1957,12,6,1404.4,1011.3,5,1,iPhone
8388,retained,79,64,159,1432,145,0,1764.9,516.0,3,3,Android
8389,retained,223,179,272,1839,42,0,2057.5,1489.0,23,17,iPhone
8390,retained,208,169,363,3428,0,0,3388.6,928.8,15,8,iPhone
8391,churned,6,5,106,926,45,0,2980.1,2442.1,12,12,iPhone
8392,retained,8,6,51,1702,53,4,6590.6,4753.6,26,22,Android
8393,retained,116,111,319,2778,0,0,3642.5,2704.7,13,12,iPhone
8394,churned,52,42,174,2568,177,0,3360.0,1311.2,2,2,iPhone
8395,retained,36,29,57,447,90,0,4154.2,1736.6,14,8,Android
8396,retained,4,4,103,2483,413,112,1207.7,338.7,8,6,iPhone
8397,retained,58,50,311,1825,83,0,3394.8,394.9,18,13,iPhone
8398,retained,16,16,196,3177,308,6,1737.8,932.9,7,1,iPhone
8399,retained,54,48,105,3274,80,0,2953.4,1079.9,1,0,iPhone
8400,retained,44,35,163,3013,81,153,8557.9,6334.5,19,14,Android
8401,retained,82,82,119,1659,56,0,9300.3,3365.7,28,21,iPhone
8402,retained,57,45,111,1221,0,0,1096.4,528.2,29,24,iPhone
8403,retained,73,59,142,3170,0,152,2309.1,249.6,28,25,Android
8404,retained,173,145,507,719,0,0,1041.4,678.0,17,15,iPhone
8406,retained,10,10,89,2478,135,0,1271.2,938.7,27,17,iPhone
8407,churned,27,22,103,1121,107,0,3474.3,2881.4,2,0,iPhone
8408,retained,13,11,74,3438,170,0,1276.3,237.6,26,16,Android
8409,retained,60,51,147,8,24,148,5340.7,507.7,8,8,Android
8410,retained,32,27,145,294,182,74,2898.4,645.1,1,0,Android
8411,retained,85,68,107,206,321,43,3549.8,2381.9,19,14,Android
8412,churned,103,83,191,2507,310,126,7065.0,5550.2,1,0,iPhone
8413,retained,19,16,31,168,142,35,6764.2,2412.6,31,26,iPhone
8414,retained,19,18,72,2706,111,42,2245.7,642.1,10,6,Android
8415,churned,89,74,128,2820,48,0,3723.2,717.4,13,9,iPhone
8416,retained,105,93,116,713,318,13,3488.1,2388.4,12,12,iPhone
8417,retained,69,60,117,91,39,67,1190.9,771.3,27,25,iPhone
8418,retained,59,59,172,1237,0,44,8785.7,4537.4,18,10,iPhone
8419,retained,7,7,85,2999,220,0,2058.9,458.6,10,8,iPhone
8420,retained,173,138,242,1386,0,47,3414.2,2730.9,21,14,Android
8422,retained,5,5,33,1644,0,0,3564.8,2813.3,16,14,iPhone
8423,retained,279,239,328,967,32,18,980.7,312.3,25,16,iPhone
8424,retained,67,54,95,1644,33,88,3755.5,2504.2,2,0,iPhone
8426,retained,232,232,235,2033,65,65,2326.9,1151.2,26,24,iPhone
8427,retained,128,102,193,1248,52,62,4831.0,3931.1,28,27,Android
8428,retained,85,85,344,1901,25,0,5027.5,4100.8,8,8,iPhone
8429,retained,7,7,67,1630,141,3,1103.2,321.4,12,8,iPhone
8430,retained,1,1,164,1031,214,73,2105.7,222.3,21,19,iPhone
8431,churned,52,43,118,2110,0,0,3790.8,2747.1,5,5,Android
8432,retained,61,61,136,24,162,0,854.8,572.5,24,22,iPhone
8433,retained,59,49,102,538,95,201,4296.5,906.9,30,29,Android
8434,retained,47,39,228,1812,43,25,9273.9,5493.6,4,4,iPhone
8435,retained,139,117,700,3195,246,0,3888.5,1882.2,26,17,iPhone
8436,churned,46,38,327,117,91,14,3448.0,2374.9,28,26,iPhone
8437,retained,39,36,58,3442,35,115,2784.3,955.3,17,17,iPhone
8438,retained,11,10,60,486,53,3,1355.4,777.2,22,21,iPhone
8439,retained,60,53,135,3477,0,43,4981.9,2689.8,3,3,iPhone
8440,churned,66,54,90,242,17,0,2844.1,1223.5,9,8,iPhone
8441,churned,22,18,32,1605,24,0,4516.4,1762.7,7,7,iPhone
8442,retained,55,47,163,954,591,12,7693.9,1428.6,1,1,iPhone
8443,retained,73,59,233,1308,0,12,741.0,493.5,25,15,Android
8444,churned,161,131,319,198,97,156,724.2,337.6,7,5,iPhone
8445,churned,182,147,237,3282,77,0,4693.1,1347.7,3,3,iPhone
8446,retained,72,60,219,2817,0,0,4510.3,1502.6,31,24,Android
8447,retained,5,5,123,2428,8,0,4318.8,2079.0,11,6,iPhone
8448,retained,86,70,130,2084,237,0,2291.9,980.8,13,8,iPhone
8449,retained,11,10,44,2529,218,0,3526.7,1618.6,19,15,Android
8450,retained,13,13,77,1477,91,166,3991.5,1316.5,17,14,iPhone
8451,retained,23,19,158,2285,0,0,5022.0,944.0,20,17,iPhone
8452,retained,59,55,77,408,2,37,2567.2,392.9,17,12,iPhone
8453,churned,21,19,29,1029,166,0,5771.2,2261.6,9,8,iPhone
8454,retained,98,78,112,1402,0,18,2602.1,787.9,8,2,iPhone
8455,churned,80,73,249,486,104,156,5613.2,1508.9,16,16,iPhone
8456,retained,509,407,691,598,29,92,7797.7,4325.6,20,20,Android
8457,retained,3,3,176,3102,0,46,3060.0,612.4,17,17,iPhone
8458,retained,41,33,103,2961,155,75,556.3,201.6,16,13,Android
8459,retained,3,2,4,1642,15,177,2790.2,1601.1,28,27,iPhone
8460,retained,0,0,16,914,179,0,7215.4,3401.0,13,13,iPhone
8461,retained,141,113,295,2584,4,19,941.5,170.7,9,3,Android
8462,churned,169,136,181,3228,29,41,5875.2,2840.4,17,13,Android
8463,retained,96,90,167,420,273,2,2178.5,922.6,26,17,iPhone
8464,retained,1,1,86,1078,211,80,7941.1,3244.6,12,12,iPhone
8465,retained,17,14,118,2463,127,84,617.7,402.3,27,18,Android
8466,retained,108,87,143,1479,16,6,8732.3,2934.3,23,20,iPhone
8467,retained,158,127,187,2594,371,73,5097.7,658.9,3,3,iPhone
8469,churned,65,52,86,337,10,108,1478.7,1174.7,22,21,Android
8470,retained,141,115,187,1888,0,25,1931.1,402.6,27,20,iPhone
8471,retained,202,162,204,1426,0,2,1703.4,1252.6,13,6,iPhone
8472,retained,65,54,102,3293,334,32,3614.6,602.9,25,17,iPhone
8474,retained,20,16,140,1192,19,9,8509.4,4164.1,6,6,Android
8475,retained,190,164,450,3336,0,2,3870.7,763.0,9,9,iPhone
8476,retained,103,84,171,3361,37,89,1460.0,1055.2,7,7,Android
8477,churned,33,26,42,2313,178,26,4892.4,3990.9,0,0,Android
8478,retained,19,19,131,2647,138,0,1735.9,605.2,19,19,iPhone
8479,retained,36,29,142,345,5,22,9638.1,7065.1,21,13,Android
8480,retained,52,44,148,659,60,0,5755.1,2724.3,23,15,iPhone
8481,retained,86,86,105,2238,421,0,3232.5,1113.8,24,22,iPhone
8483,retained,113,92,253,2469,249,0,1485.8,998.5,13,10,iPhone
8484,churned,193,155,200,3075,0,22,1065.1,673.3,2,2,iPhone
8485,retained,92,79,260,3042,113,46,1442.4,733.6,8,8,iPhone
8486,churned,89,72,177,1708,0,9,1840.4,922.4,6,6,iPhone
8487,retained,133,107,239,1849,85,6,3628.2,793.1,28,18,iPhone
8488,retained,114,99,413,3225,68,120,2817.7,662.1,24,21,iPhone
8489,retained,51,43,430,2893,114,148,2557.1,1158.3,12,5,iPhone
8490,retained,56,45,90,891,404,0,2849.8,1433.8,29,24,iPhone
8491,retained,37,37,109,1942,102,110,2579.6,1886.5,14,14,iPhone
8492,retained,34,29,100,3151,443,64,1773.6,822.5,23,18,iPhone
8494,retained,59,48,187,421,119,68,1482.6,478.5,26,20,Android
8495,churned,148,118,234,1876,295,0,4717.0,2344.3,7,2,Android
8496,churned,144,118,181,2096,0,10,9135.1,3637.9,2,0,Android
8497,retained,3,3,28,2021,158,0,7121.4,2450.9,29,26,iPhone
8498,retained,183,147,201,171,174,127,1895.2,1301.9,15,11,iPhone
8499,retained,12,10,55,2688,351,23,2082.0,1064.9,18,12,Android
8500,retained,172,138,238,673,19,0,3111.6,988.1,8,5,iPhone
8501,retained,9,9,31,1822,20,0,2896.1,1206.7,18,15,iPhone
8502,retained,98,78,475,1363,64,22,10276.8,7098.1,24,23,iPhone
8503,churned,190,153,257,584,96,11,2096.1,804.5,12,9,iPhone
8504,retained,53,43,105,1216,75,0,8658.0,4495.3,24,23,iPhone
8505,retained,139,138,510,2677,75,0,3517.4,1710.0,29,28,iPhone
8506,retained,26,22,331,707,12,131,4646.9,2105.2,22,14,iPhone
8507,retained,65,54,729,577,19,14,5621.0,2091.0,21,14,Android
8508,retained,55,44,77,1569,0,25,3454.7,760.0,24,24,Android
8509,retained,155,125,268,3277,210,49,2491.7,1096.4,18,11,Android
8510,retained,1,1,139,2688,0,0,4102.4,1212.6,22,14,iPhone
8511,churned,5,5,8,2954,175,0,5259.9,3289.5,6,6,iPhone
8512,retained,82,67,122,2933,0,0,2932.2,2170.9,27,17,iPhone
8513,retained,22,20,119,2396,32,5,2924.5,1040.3,25,19,iPhone
8514,retained,0,0,64,3094,232,27,5537.5,2254.0,9,9,iPhone
8516,retained,423,339,534,1578,268,93,5786.8,2958.7,8,3,Android
8517,retained,118,99,133,3186,411,1,884.2,568.6,26,16,iPhone
8518,retained,136,117,227,915,40,0,8214.3,1453.9,21,14,Android
8520,retained,43,43,270,3367,106,19,6887.9,2889.3,29,22,Android
8521,retained,188,155,686,3348,0,0,2615.0,940.5,26,26,iPhone
8522,retained,108,87,169,868,4,29,5408.0,2079.3,14,12,iPhone
8523,retained,57,47,72,1761,54,0,1266.7,602.9,10,5,Android
8524,retained,70,61,82,512,0,43,5361.3,3354.0,12,10,iPhone
8525,retained,147,119,191,3155,93,140,7197.8,1920.5,19,15,Android
8526,churned,45,37,58,2751,16,50,3098.5,248.5,6,6,Android
8527,retained,108,87,187,3180,174,30,3063.7,1824.6,25,19,Android
8528,retained,86,69,177,1716,64,103,10085.1,7376.3,17,15,iPhone
8529,retained,92,74,256,2106,175,16,2384.8,79.6,4,3,iPhone
8530,retained,74,59,87,1763,126,3,1079.8,306.8,25,21,Android
8531,churned,67,67,99,1992,577,12,1852.8,477.1,11,10,iPhone
8532,retained,40,35,370,1740,100,10,6519.1,4823.1,20,14,Android
8533,churned,32,32,166,523,1,0,6783.2,2523.1,5,2,iPhone
8534,retained,203,163,217,1191,161,28,2727.3,708.8,31,23,iPhone
8535,retained,12,10,234,2587,38,0,7915.5,3184.3,17,13,Android
8536,retained,115,92,119,753,193,24,5746.2,4554.1,2,1,iPhone
8537,retained,302,243,387,1783,264,0,4037.6,1277.8,5,5,iPhone
8538,retained,26,26,34,1553,82,4,1895.9,1477.3,11,11,iPhone
8539,retained,2,2,63,2783,376,0,1538.4,299.9,2,2,iPhone
8540,churned,104,84,235,281,526,0,5835.1,2757.5,3,0,iPhone
8541,retained,77,62,181,597,68,122,1730.1,64.0,8,8,iPhone
8542,retained,62,50,166,1178,0,73,4666.0,3755.9,28,27,iPhone
8543,retained,81,70,98,1569,230,0,2883.5,1881.8,23,22,Android
8544,retained,34,34,256,1425,19,0,1195.7,436.5,18,14,iPhone
8546,retained,41,38,43,2241,127,0,2082.5,1545.6,21,21,Android
8547,retained,30,30,86,2923,73,0,9486.7,1523.7,18,14,Android
8548,retained,350,290,399,1907,112,79,3558.6,1960.7,12,8,iPhone
8550,retained,286,230,543,3237,60,55,1698.4,1301.4,24,22,iPhone
8551,retained,43,34,66,2083,129,3,4073.9,2229.7,9,2,Android
8553,retained,33,27,84,3229,0,11,6567.9,3699.9,30,23,iPhone
8554,retained,51,41,53,3003,0,18,4170.3,2353.8,29,23,iPhone
8555,retained,72,57,180,571,22,25,5490.7,2576.3,5,5,iPhone
8556,retained,79,71,599,2810,177,89,6586.7,1714.5,19,12,iPhone
8557,retained,301,242,353,1799,0,62,1917.4,1076.8,21,19,iPhone
8558,retained,49,46,299,772,63,9,6954.6,1700.5,11,11,Android
8559,retained,67,54,353,1668,67,0,4873.1,4008.5,29,27,iPhone
8560,retained,15,15,79,3056,256,13,5309.7,293.4,29,25,Android
8561,churned,10,9,43,1922,153,35,8352.7,1436.5,26,17,iPhone
8562,retained,87,70,110,2804,110,4,6519.8,3782.2,20,11,Android
8563,retained,60,50,176,2324,111,1,4751.9,3343.2,17,15,iPhone
8564,retained,46,37,239,2167,35,39,4690.2,3875.4,28,27,iPhone
8565,retained,78,74,128,1148,193,0,3230.8,2093.0,6,1,Android
8566,retained,42,42,89,1684,92,0,5468.2,1827.3,12,5,Android
8567,retained,52,43,289,2735,0,33,2339.3,1017.1,31,25,iPhone
8568,retained,309,247,316,2316,76,141,1899.5,1029.6,18,18,iPhone
8569,retained,179,144,184,688,93,73,3119.9,2374.6,23,21,iPhone
8570,churned,93,76,200,2770,42,7,510.0,349.6,28,18,iPhone
8571,retained,25,25,149,783,34,0,14693.1,8559.7,20,14,iPhone
8572,retained,180,145,485,2997,59,0,3819.4,1470.4,20,19,iPhone
8573,retained,78,63,145,2072,44,0,4708.0,3752.9,18,13,iPhone
8574,retained,210,176,221,3395,147,10,5401.2,4005.0,16,9,Android
8575,retained,13,13,18,64,47,9,7347.0,2675.9,5,3,Android
8576,churned,14,11,57,2036,177,105,3995.5,1874.6,1,1,iPhone
8577,retained,98,78,117,1121,76,14,5794.6,4098.4,28,22,iPhone
8578,churned,29,24,451,2555,0,6,1398.5,1076.3,19,14,Android
8579,retained,92,92,220,113,168,150,2620.7,583.9,16,8,Android
8580,retained,12,12,165,3496,246,18,9229.3,5506.7,30,21,iPhone
8581,retained,218,174,362,2593,54,0,2768.9,2054.3,25,22,iPhone
8582,retained,331,265,428,1577,20,12,3945.2,622.8,23,16,Android
8583,retained,17,14,29,3332,140,0,3191.6,1342.6,8,2,iPhone
8586,retained,51,42,268,2314,33,0,3908.0,3088.5,16,9,iPhone
8587,retained,23,23,45,440,96,0,2118.5,1723.6,9,6,Android
8588,retained,61,49,186,3435,29,37,2983.5,1876.6,27,23,Android
8589,retained,145,117,146,335,175,0,3934.9,1468.6,18,11,iPhone
8590,retained,119,95,197,854,0,28,1468.0,928.6,27,26,Android
8591,retained,4,4,159,954,38,26,3744.4,1581.2,23,16,Android
8592,retained,113,92,449,3399,153,64,511.0,424.4,9,4,iPhone
8593,churned,161,129,506,675,25,10,5566.4,2594.8,2,0,Android
8594,churned,52,42,64,929,0,41,6951.8,2736.1,1,1,iPhone
8596,retained,6,6,148,1119,296,7,1449.8,249.2,27,26,iPhone
8597,retained,18,14,61,1897,170,0,3414.3,1408.1,26,22,Android
8598,retained,15,12,215,2387,0,0,6011.9,2122.4,22,17,Android
8599,retained,27,25,122,3063,63,47,6477.9,4744.5,16,16,iPhone
8600,retained,66,55,90,2953,0,20,4269.4,1247.6,9,7,Android
8601,retained,207,166,333,3250,49,0,2263.1,1816.1,11,9,iPhone
8602,retained,105,84,251,1440,615,95,3591.4,1253.6,1,1,iPhone
8603,retained,95,76,306,2810,381,0,2510.9,1445.5,26,19,Android
8604,retained,115,93,195,3152,250,126,3577.9,1533.9,4,4,iPhone
8605,retained,134,132,158,837,37,12,3671.9,2548.3,7,4,iPhone
8607,retained,61,49,113,1919,691,13,7675.2,1533.1,29,22,iPhone
8608,retained,85,68,129,2150,48,60,6349.5,3458.9,6,6,iPhone
8609,churned,0,0,19,352,0,47,4100.2,3145.6,5,5,iPhone
8610,churned,103,82,190,853,222,70,4560.0,2185.6,15,12,iPhone
8611,retained,4,3,217,2901,73,154,8707.8,3366.3,24,20,iPhone
8612,retained,36,32,40,2172,445,40,2860.7,1108.3,13,13,Android
8613,retained,11,11,75,3106,17,17,7776.3,6238.0,30,23,iPhone
8614,retained,261,212,322,2262,7,0,6684.1,1242.6,6,4,Android
8615,retained,148,126,229,2772,310,0,2162.4,441.2,14,11,iPhone
8616,retained,9,8,313,1752,52,0,2282.7,974.7,2,0,Android
8617,retained,254,205,286,837,0,0,8543.5,3659.0,8,7,iPhone
8618,churned,28,23,98,1895,251,62,4505.1,2530.9,13,10,iPhone
8619,retained,43,39,366,1160,33,8,8662.8,3245.0,22,17,Android
8620,retained,3,3,5,861,94,0,2580.4,295.6,28,24,Android
8621,retained,66,54,77,924,206,0,2468.0,2049.2,1,0,iPhone
8622,churned,4,4,175,1998,118,33,2454.9,1998.9,7,5,Android
8623,retained,6,6,208,666,0,0,7254.2,2709.7,23,20,iPhone
8624,retained,31,26,84,1318,21,13,4183.6,3194.7,21,14,Android
8625,retained,111,93,115,1210,1,109,2706.2,1060.1,22,15,iPhone
8626,retained,55,47,86,2200,75,0,2374.4,917.4,31,26,Android
8627,retained,10,9,15,1913,143,13,4691.4,1156.1,29,21,Android
8628,retained,46,42,157,3075,28,289,1652.0,621.0,25,23,iPhone
8629,retained,81,65,103,1240,207,0,3895.0,451.1,30,23,Android
8630,retained,84,68,293,730,101,77,3838.7,1433.6,29,19,iPhone
8631,retained,35,33,154,648,0,0,739.6,390.2,25,22,iPhone
8632,churned,134,107,168,206,168,28,6271.5,1388.6,7,1,iPhone
8633,retained,95,95,188,65,1,2,2678.6,681.9,18,17,iPhone
8634,retained,6,5,64,450,9,8,4608.0,1876.3,30,29,Android
8635,retained,9,7,50,3316,233,33,4024.6,297.3,13,10,Android
8636,retained,17,14,75,758,0,0,4668.2,2236.5,6,2,iPhone
8637,retained,162,132,207,236,336,69,6144.1,4568.6,29,26,Android
8638,retained,259,208,269,2198,0,0,4952.3,3867.3,9,9,Android
8639,retained,7,6,85,3406,4,0,3124.3,1763.3,4,4,iPhone
8640,retained,15,15,207,1883,0,30,4472.7,2666.1,9,9,iPhone
8641,retained,102,84,117,1570,0,23,2489.2,172.4,25,23,iPhone
8642,retained,24,19,46,2456,7,0,5918.2,1364.4,15,8,iPhone
8643,retained,198,171,313,2204,90,0,2048.0,475.8,16,16,iPhone
8645,retained,59,48,124,725,113,5,1288.1,651.7,21,12,iPhone
8646,retained,61,50,71,2863,140,5,1030.1,245.0,13,8,iPhone
8647,retained,48,44,142,2159,142,0,2816.7,1639.7,5,5,Android
8648,retained,33,29,61,3329,211,0,4554.7,1371.9,7,6,Android
8649,retained,128,102,430,885,0,0,2438.6,1003.6,22,22,Android
8650,retained,51,41,168,175,0,0,2830.2,957.0,7,3,iPhone
8651,churned,36,36,286,187,83,0,3121.9,2187.2,19,15,Android
8652,retained,34,27,70,1106,131,0,4541.2,1740.4,13,8,Android
8653,retained,162,131,175,1196,97,0,999.2,131.7,14,8,iPhone
8654,retained,72,68,98,133,92,93,1366.4,547.6,18,13,Android
8655,retained,90,73,151,915,76,0,2944.5,844.7,25,22,Android
8656,churned,10,10,445,2406,69,5,2409.6,1754.7,7,7,Android
8657,retained,66,53,293,1030,3,0,1740.8,945.9,7,7,iPhone
8658,retained,168,134,199,2466,594,0,1938.4,399.4,12,12,iPhone
8659,retained,225,189,410,339,13,0,6687.7,2358.5,8,7,iPhone
8661,retained,70,56,254,2225,70,111,2363.7,1394.1,3,0,iPhone
8662,retained,127,102,266,1413,92,31,11095.4,5184.1,16,10,Android
8663,churned,99,79,188,2046,0,0,6353.7,3996.2,9,7,iPhone
8664,churned,53,43,148,1819,122,0,3308.6,1704.6,1,1,iPhone
8665,churned,58,49,151,537,0,10,4012.7,753.8,21,18,iPhone
8666,retained,211,173,367,2634,0,59,4329.3,817.2,26,18,iPhone
8667,retained,77,67,186,2534,36,59,3607.5,1156.4,26,24,iPhone
8668,retained,134,108,277,712,0,114,5345.1,597.1,25,21,iPhone
8669,retained,104,83,127,2525,0,0,2819.1,2247.2,22,21,iPhone
8670,retained,23,19,183,2749,222,0,5904.7,2287.2,20,16,Android
8671,retained,40,32,61,1559,115,0,766.3,356.3,10,8,iPhone
8672,churned,39,32,42,1752,50,11,376.2,305.4,16,16,iPhone
8673,retained,309,254,430,1878,53,0,5066.8,1654.2,17,13,iPhone
8674,retained,35,28,132,2896,301,18,886.7,642.3,19,17,iPhone
8675,retained,11,11,229,2848,17,0,8054.9,5499.8,25,18,Android
8677,churned,139,112,532,27,438,0,5385.5,1807.1,16,14,iPhone
8678,retained,5,5,49,2900,390,0,3114.3,950.5,12,5,iPhone
8679,churned,288,233,301,1444,216,21,6943.7,1164.2,12,12,iPhone
8680,retained,90,76,195,706,24,0,2661.6,2083.0,24,18,iPhone
8681,retained,18,18,764,1426,92,0,856.4,314.0,10,5,iPhone
8682,retained,38,30,211,2929,6,6,12270.4,5740.8,16,10,iPhone
8683,churned,492,396,653,668,41,31,3016.0,1462.5,4,3,iPhone
8684,retained,258,207,417,2693,223,0,7490.9,1513.8,23,15,iPhone
8685,retained,328,264,371,3177,246,18,3869.4,2019.3,25,23,iPhone
8686,retained,126,101,158,1076,146,36,2145.0,533.5,23,14,Android
8687,retained,151,121,240,1123,199,0,3815.8,1555.7,9,4,Android
8688,retained,13,13,146,2127,207,0,3896.8,1928.0,25,23,Android
8689,churned,194,166,577,2131,49,46,4685.1,2388.3,18,15,Android
8690,retained,149,119,182,1004,177,32,3528.7,1606.3,29,25,Android
8691,retained,15,15,169,1870,196,89,5934.0,1922.4,25,23,Android
8692,retained,110,88,290,1283,115,26,2707.6,1078.5,28,25,Android
8694,churned,54,44,59,1259,0,0,3637.4,1075.0,20,14,iPhone
8695,churned,56,46,282,69,131,42,8892.1,3481.5,7,7,Android
8696,retained,79,69,90,161,78,142,3062.2,367.9,19,16,Android
8697,retained,164,133,206,1169,125,1,4173.9,1887.0,22,20,Android
8698,churned,3,2,56,39,270,0,4669.2,3669.2,3,3,iPhone
8699,retained,30,28,35,2353,174,63,1521.8,391.4,13,13,Android
8701,retained,13,13,225,2119,92,0,3882.8,2273.3,23,21,Android
8702,retained,66,53,88,984,7,16,7351.1,5673.2,17,14,Android
8703,retained,127,102,201,82,14,0,2698.5,1479.7,19,15,Android
8704,retained,5,5,88,3155,180,0,4704.6,2105.5,19,11,iPhone
8705,churned,59,47,80,2899,324,39,5593.8,3105.5,10,5,Android
8706,churned,37,33,167,2193,964,11,1638.2,779.5,1,1,iPhone
8707,churned,21,17,22,2802,17,17,3532.7,646.4,3,3,Android
8708,retained,45,39,65,1749,164,0,1955.4,1440.2,30,28,iPhone
8709,churned,60,49,92,1381,71,0,7370.0,2832.7,18,18,iPhone
8710,retained,11,9,225,1298,95,48,5388.7,2186.0,10,10,Android
8711,retained,155,126,212,1272,15,164,2079.8,1185.9,5,5,Android
8712,retained,231,185,397,2422,64,0,1226.2,558.9,26,17,iPhone
8713,retained,73,61,78,1782,0,60,8916.3,4341.2,30,25,iPhone
8714,retained,212,169,647,1265,326,18,1706.7,1222.6,25,20,iPhone
8715,retained,8,8,95,369,24,0,2461.7,1347.0,28,20,Android
8716,retained,113,113,258,1554,0,0,2418.4,716.9,18,18,Android
8717,retained,57,46,117,2879,49,51,8763.9,3692.7,23,19,iPhone
8718,retained,56,54,69,1568,108,0,4426.1,1078.8,16,16,iPhone
8719,retained,76,61,258,3438,0,23,12832.0,4519.1,22,17,Android
8720,retained,115,96,127,29,129,5,8547.3,2688.1,18,12,iPhone
8721,churned,17,15,45,2828,77,54,8350.3,3818.0,15,11,iPhone
8722,retained,10,10,89,905,282,74,7228.0,3420.5,20,16,Android
8723,retained,98,83,179,2013,224,4,2152.8,1200.6,30,22,iPhone
8724,churned,188,151,271,492,252,145,1918.4,1217.5,6,2,iPhone
8725,retained,41,41,219,1993,28,15,5765.5,1726.2,7,7,Android
8726,retained,42,35,52,1170,226,0,5292.3,3656.7,21,17,iPhone
8727,retained,78,67,86,1844,68,0,10187.5,4684.0,3,0,iPhone
8728,retained,38,32,74,2954,21,65,2517.3,1055.8,20,20,iPhone
8729,churned,12,9,393,1592,97,10,3422.2,2571.3,4,2,iPhone
8730,retained,3,3,70,3113,0,0,1998.6,1220.3,24,16,iPhone
8731,churned,36,29,81,2458,197,54,2605.0,888.3,12,5,iPhone
8732,retained,100,82,318,358,21,21,7847.0,1014.3,11,6,iPhone
8733,retained,119,100,166,2883,0,6,4406.1,2211.8,24,21,iPhone
8734,retained,85,85,224,322,3,0,2929.6,1825.7,13,12,Android
8735,retained,47,47,227,2695,202,10,2465.5,339.1,15,15,iPhone
8736,retained,101,86,207,3060,6,14,1172.0,962.8,29,21,iPhone
8737,retained,40,40,129,2215,149,40,1342.4,772.8,8,8,Android
8738,retained,28,28,188,449,157,0,6792.1,2411.2,16,16,iPhone
8739,churned,103,85,346,1071,216,65,1490.2,597.4,17,14,iPhone
8740,retained,198,159,397,2673,294,0,4494.9,1608.0,26,17,Android
8741,churned,4,3,477,1232,249,6,972.8,571.5,17,10,Android
8743,retained,102,81,114,3080,60,43,2418.2,1935.9,20,17,iPhone
8744,churned,8,8,10,2459,53,9,2428.8,459.6,1,1,Android
8745,retained,1,1,140,1168,24,0,1304.0,725.9,28,23,iPhone
8746,retained,204,163,335,1394,0,29,3114.7,889.0,0,0,iPhone
8747,retained,50,41,108,1907,431,0,282.2,175.4,3,3,iPhone
8748,retained,52,41,229,3100,0,90,9381.5,7393.4,10,5,iPhone
8749,retained,44,36,138,2678,78,0,1463.4,811.2,27,18,iPhone
8750,retained,57,47,134,365,165,56,1926.2,1220.9,10,7,iPhone
8751,retained,65,52,409,1255,209,115,2160.8,831.8,7,7,iPhone
8752,retained,124,100,180,2451,124,16,2420.4,1211.5,20,16,iPhone
8753,retained,151,121,278,1694,171,79,3944.7,513.6,8,3,iPhone
8754,retained,79,63,173,2852,0,7,10917.5,7976.7,10,10,iPhone
8755,retained,95,95,166,2892,10,0,4556.2,512.4,11,7,Android
8756,retained,64,52,224,1602,0,0,8148.4,4606.5,10,10,Android
8757,retained,479,385,495,1794,0,10,4759.2,2211.3,1,0,Android
8758,retained,58,48,431,1999,4,0,3494.7,2724.8,9,9,iPhone
8759,retained,77,62,159,912,190,105,3050.0,2461.4,18,15,Android
8760,retained,55,45,249,659,133,0,12257.3,8186.2,26,24,iPhone
8761,churned,57,46,335,212,47,132,2800.1,1496.5,0,0,Android
8762,retained,121,97,380,3192,267,0,4505.7,2721.6,25,19,iPhone
8763,retained,59,48,166,605,26,96,5794.2,3235.6,31,29,iPhone
8764,retained,253,203,255,2554,186,8,4958.0,3494.7,8,3,iPhone
8765,retained,53,45,396,2112,26,0,2580.7,1817.8,29,27,iPhone
8766,churned,91,73,286,1507,95,0,5277.5,587.5,8,5,iPhone
8767,retained,77,62,81,2664,0,45,5332.0,2354.3,18,18,Android
8768,churned,46,37,89,1115,228,0,5983.7,3104.0,6,6,iPhone
8769,retained,58,57,123,263,25,17,5110.2,1098.3,19,12,iPhone
8770,churned,83,67,142,2151,215,2,3360.5,2509.8,16,8,Android
8771,retained,36,34,137,3104,84,57,1863.3,346.2,15,9,iPhone
8772,retained,25,20,134,3119,223,7,4014.2,2458.7,28,21,Android
8773,retained,11,9,312,3387,113,0,10385.9,5869.4,26,23,iPhone
8774,retained,34,27,115,226,127,11,4300.7,2740.5,17,17,Android
8776,retained,21,17,56,1327,49,21,3426.9,694.1,15,11,iPhone
8777,retained,56,56,141,1589,0,23,2141.7,1266.7,19,15,Android
8778,retained,206,167,219,1485,113,74,8925.2,7098.8,29,28,iPhone
8779,retained,38,37,93,2197,0,34,3490.6,1369.7,13,10,iPhone
8780,retained,20,16,216,2283,619,50,2137.6,1159.1,8,3,iPhone
8781,retained,249,210,261,1545,172,0,2478.2,704.5,1,1,iPhone
8782,retained,13,11,94,2987,23,0,1855.5,1217.1,29,25,Android
8783,churned,148,128,266,3177,423,11,3686.9,2630.9,12,9,iPhone
8784,retained,11,9,219,928,76,26,605.1,147.3,14,9,iPhone
8785,retained,127,108,135,525,89,67,4997.0,1689.7,14,14,Android
8786,retained,101,84,225,167,161,64,693.8,288.3,21,17,iPhone
8787,retained,28,23,54,3192,22,14,4408.1,1614.0,10,5,iPhone
8788,retained,16,16,18,2060,243,52,2132.8,1482.9,12,12,iPhone
8789,retained,99,99,201,1062,513,103,3000.1,1206.7,26,25,Android
8790,retained,9,7,95,877,339,0,2348.2,1360.6,16,10,iPhone
8791,retained,75,61,128,241,18,0,2509.9,1182.6,26,22,iPhone
8792,churned,113,90,173,773,237,32,1554.3,1156.5,28,25,Android
8793,retained,4,4,427,2839,284,0,13507.8,5117.9,25,22,Android
8794,retained,3,3,74,2231,61,0,1367.6,654.0,27,25,iPhone
8795,retained,14,12,425,889,0,0,2501.3,1857.0,27,23,Android
8796,retained,148,129,206,3201,0,0,1901.3,944.1,16,12,iPhone
8797,retained,23,19,73,120,0,103,1892.8,1506.4,22,22,iPhone
8798,retained,11,10,91,1587,44,0,6405.7,2398.3,24,22,Android
8799,retained,9,9,255,1580,0,11,3286.6,2547.2,6,5,Android
8800,churned,14,14,110,1461,0,8,4515.9,624.0,2,2,Android
8801,retained,56,45,183,193,232,3,3799.2,2972.0,8,5,Android
8802,churned,2,2,68,2336,0,0,2723.9,2145.7,17,15,iPhone
8803,retained,88,88,101,3491,208,0,6075.8,2536.6,17,12,iPhone
8804,retained,99,99,196,1935,495,55,436.0,359.5,29,22,iPhone
8805,retained,26,26,238,1377,164,4,382.4,91.4,21,19,iPhone
8806,retained,61,51,116,2486,93,0,2187.8,510.2,2,0,iPhone
8807,retained,124,105,320,406,254,27,2205.2,538.8,19,16,iPhone
8808,retained,1,1,54,1013,26,0,4094.5,785.4,4,4,Android
8809,retained,31,25,57,2550,352,64,2122.3,1726.7,15,15,iPhone
8810,retained,16,13,70,1869,0,37,8007.7,4549.8,0,0,iPhone
8811,retained,46,45,209,3449,25,1,3523.8,927.7,8,8,iPhone
8812,retained,97,78,478,386,137,70,7981.3,3932.0,22,22,iPhone
8813,retained,74,59,236,3154,94,29,6516.0,2254.6,23,20,Android
8814,retained,117,99,242,3471,87,84,7643.8,4345.3,13,10,Android
8815,retained,77,65,80,2243,210,0,1014.8,823.2,28,26,iPhone
8816,retained,21,18,83,2330,221,17,2745.8,336.1,15,11,Android
8817,retained,40,40,234,2877,0,0,7607.8,1880.2,5,5,iPhone
8818,retained,11,10,62,1548,501,2,6532.3,4208.4,12,6,iPhone
8819,churned,33,33,183,346,0,2,2001.2,1288.4,25,16,iPhone
8820,churned,73,59,83,899,131,15,4167.6,1096.1,12,9,Android
8821,churned,53,43,71,3472,73,12,4730.1,3397.1,10,6,iPhone
8822,retained,19,16,81,2524,0,55,3027.0,2134.9,6,6,Android
8823,retained,12,12,14,2127,39,0,3643.7,2913.1,30,23,iPhone
8824,retained,75,60,165,2246,46,142,10234.7,5656.1,7,2,iPhone
8825,retained,24,24,99,1088,46,0,1313.0,596.5,16,16,iPhone
8826,retained,21,17,78,3017,478,0,5120.9,2280.4,11,11,iPhone
8827,churned,66,53,70,149,0,114,615.3,491.8,13,6,Android
8828,retained,78,62,191,2965,0,0,734.4,324.7,25,24,Android
8829,retained,162,129,245,2535,149,57,4661.3,1176.6,3,3,iPhone
8830,retained,7,7,44,3465,0,0,3864.8,3075.2,5,4,iPhone
8831,retained,78,63,114,2359,33,88,5996.0,4147.2,5,5,iPhone
8832,retained,23,20,44,2619,49,51,9306.9,1209.9,15,9,Android
8833,churned,53,45,488,1819,0,0,5107.7,829.5,10,6,iPhone
8834,retained,134,108,529,2636,37,1,2982.3,1336.0,26,23,iPhone
8835,churned,102,83,473,2017,0,42,652.8,224.9,8,8,iPhone
8836,retained,83,70,161,2982,0,0,4460.3,3156.2,22,16,Android
8837,retained,113,92,164,3451,15,51,2155.4,770.9,29,22,Android
8838,churned,16,14,85,1249,0,13,7262.9,3910.7,9,5,Android
8839,retained,59,48,207,3453,0,44,4758.7,2563.9,18,12,Android
8840,retained,103,83,137,2245,34,0,1635.8,557.9,30,23,iPhone
8841,retained,14,12,318,966,41,20,5331.2,2855.2,13,12,iPhone
8842,retained,102,84,244,1594,19,0,5750.7,3531.1,2,2,iPhone
8843,retained,15,13,386,3233,0,107,2636.9,1528.1,4,4,iPhone
8844,churned,35,28,56,2231,303,0,4110.7,1020.1,30,21,iPhone
8845,retained,0,0,102,2937,205,14,2872.4,1000.7,8,8,Android
8846,churned,6,6,132,2869,0,0,2556.1,1202.6,1,1,iPhone
8847,retained,7,7,39,544,89,0,2003.2,901.0,25,24,iPhone
8848,retained,5,5,36,3496,6,0,1412.7,951.5,24,21,iPhone
8849,churned,119,104,120,727,0,54,7280.8,5958.9,5,3,iPhone
8850,retained,8,6,64,2123,0,18,7023.4,3282.7,9,7,iPhone
8851,retained,16,16,141,135,57,73,2988.6,2188.7,29,24,Android
8852,retained,62,53,220,3414,76,0,5004.1,3218.0,10,10,iPhone
8853,retained,4,4,21,2255,0,5,3418.8,912.3,25,18,iPhone
8854,retained,3,3,31,1734,0,2,5396.0,2651.9,26,25,iPhone
8856,retained,120,96,199,1389,222,4,4673.7,1424.6,16,16,iPhone
8857,retained,32,26,42,51,289,11,4952.5,3338.0,20,11,iPhone
8858,churned,51,51,165,1404,13,0,9308.9,5471.7,8,8,iPhone
8860,churned,8,6,92,1636,0,29,2649.3,1210.4,2,0,iPhone
8861,retained,74,60,141,1836,95,0,1141.7,470.9,5,2,Android
8862,retained,83,67,123,2763,92,0,3624.1,2785.0,19,18,iPhone
8863,retained,114,114,166,2590,435,54,6167.1,2169.2,24,19,iPhone
8864,retained,22,20,248,878,0,114,10523.2,448.8,7,7,iPhone
8865,retained,17,17,82,1281,42,0,5051.1,1583.3,10,8,Android
8866,retained,7,6,87,1678,0,0,828.0,569.0,13,12,Android
8867,retained,282,229,396,2543,279,0,4343.6,363.2,15,8,Android
8868,churned,43,34,519,1052,132,0,3921.6,2116.8,14,12,Android
8869,retained,196,157,236,3378,53,20,3673.3,1921.1,16,15,Android
8870,retained,21,18,158,2107,0,0,1303.4,480.2,23,22,iPhone
8871,retained,229,201,442,3437,199,2,2768.0,2277.3,7,7,iPhone
8872,retained,40,35,160,3400,140,0,3617.0,459.2,19,14,iPhone
8873,retained,48,48,79,2099,143,0,3974.4,2219.8,28,22,Android
8874,retained,179,143,483,1777,0,231,10223.4,8416.3,21,17,Android
8875,retained,197,197,380,608,251,174,2382.3,711.1,26,19,Android
8876,retained,252,202,377,2886,21,0,2044.7,1108.0,29,22,iPhone
8877,churned,5,4,46,179,218,0,754.7,393.4,6,6,iPhone
8879,churned,53,48,149,646,0,51,2750.0,2192.3,17,14,iPhone
8880,retained,3,3,43,2183,57,23,6174.6,4441.8,21,13,Android
8881,retained,20,19,129,2198,52,83,5600.7,4425.3,23,20,iPhone
8882,retained,52,43,252,2153,139,61,1883.9,1152.1,21,16,iPhone
8883,retained,103,83,136,2401,76,0,4167.6,1605.7,29,26,iPhone
8884,retained,41,41,93,3235,154,15,5825.4,3853.5,1,1,iPhone
8885,retained,48,42,62,178,0,0,7919.8,6514.7,9,4,iPhone
8886,retained,6,5,10,2224,132,16,2271.0,482.5,10,4,Android
8887,retained,26,21,148,2718,12,33,3694.4,602.3,11,11,iPhone
8888,retained,56,45,78,92,78,43,5333.9,2990.9,15,15,Android
8889,retained,104,94,258,912,56,0,3113.0,1540.7,12,12,iPhone
8890,retained,76,61,123,315,157,0,9105.7,6731.0,26,17,iPhone
8892,retained,12,9,35,2021,222,66,384.5,223.6,10,5,Android
8893,retained,40,33,71,2547,19,31,5355.2,3620.2,26,23,iPhone
8894,retained,3,3,59,1855,0,0,13788.4,4299.5,17,15,Android
8895,retained,24,20,172,531,43,0,3586.6,946.3,8,8,Android
8896,retained,5,4,132,3261,78,0,8420.7,4580.4,29,27,Android
8898,churned,7,7,66,1343,356,0,4079.9,1125.1,8,8,Android
8899,retained,238,201,320,1226,197,0,4692.3,534.9,30,28,iPhone
8900,retained,64,51,143,1698,369,53,2589.6,1961.2,21,17,iPhone
8901,retained,2,2,169,781,0,0,1043.2,407.9,28,21,iPhone
8902,retained,99,80,182,980,93,0,884.5,427.2,20,17,iPhone
8903,retained,22,22,82,1732,171,0,3296.6,1180.3,9,9,iPhone
8904,retained,37,30,81,1248,109,7,3810.3,1011.6,1,1,Android
8905,retained,86,77,167,501,0,0,2060.8,1706.0,8,7,iPhone
8906,retained,185,149,195,1813,886,0,8238.4,6359.8,25,17,iPhone
8907,retained,6,6,84,536,15,0,3188.1,1110.1,13,7,iPhone
8908,retained,147,119,148,363,134,30,11219.9,7050.0,2,2,iPhone
8909,retained,23,19,62,1138,0,0,2355.1,1513.4,31,27,Android
8910,retained,23,19,350,2083,19,61,4303.7,2863.0,1,0,iPhone
8911,retained,5,4,147,2801,52,0,1126.2,442.1,3,3,iPhone
8912,retained,5,5,31,3426,25,23,1471.0,686.1,13,8,iPhone
8913,retained,99,86,101,2555,88,168,4396.5,1858.4,13,13,Android
8914,retained,65,53,90,2878,75,35,943.3,400.2,28,19,iPhone
8915,retained,15,14,244,1090,0,0,1623.5,580.9,7,1,iPhone
8916,retained,0,0,44,2425,0,0,3764.7,2267.2,6,2,Android
8917,retained,75,63,104,379,18,0,3478.1,507.2,27,22,iPhone
8918,retained,24,20,155,1065,119,0,1827.3,917.9,13,9,iPhone
8919,retained,21,21,48,829,119,84,6637.3,3292.9,25,22,Android
8920,retained,5,5,60,2268,24,39,4591.4,3749.5,0,0,iPhone
8921,retained,133,106,297,2503,4,0,4339.9,2984.0,12,5,Android
8922,retained,24,22,34,1486,184,0,2624.4,1159.5,16,10,Android
8923,churned,35,28,101,184,25,0,3248.5,2468.3,0,0,iPhone
8924,retained,53,43,62,889,304,0,7350.7,363.1,7,3,iPhone
8925,retained,18,18,21,867,0,6,8602.4,2838.0,9,7,iPhone
8926,retained,75,61,145,271,27,23,3202.8,1815.1,29,22,Android
8927,churned,31,25,159,75,75,129,4580.1,171.7,27,22,iPhone
8928,retained,43,35,50,1563,71,45,2463.5,2012.0,16,16,iPhone
8929,churned,26,23,143,1686,84,77,4139.7,3194.0,8,4,Android
8930,retained,1,1,20,1182,143,124,6829.5,2424.2,4,4,iPhone
8931,retained,71,60,90,3413,184,92,1672.9,620.2,10,10,iPhone
8932,retained,19,17,47,2867,81,0,2054.8,1243.0,27,17,Android
8933,churned,312,250,377,2265,344,0,1243.4,431.9,2,0,iPhone
8935,retained,183,148,235,188,189,18,923.5,585.8,27,17,Android
8936,retained,20,16,441,2965,93,41,824.3,155.4,9,6,iPhone
8937,retained,228,183,265,827,0,4,6769.3,4861.2,7,5,iPhone
8938,retained,38,31,191,973,28,62,7170.7,2325.6,3,3,Android
8939,retained,7,7,25,2585,165,52,1714.8,737.6,11,10,iPhone
8940,retained,67,58,323,1817,15,0,4120.0,2994.5,13,12,iPhone
8941,retained,50,41,297,1898,29,22,6907.1,1669.2,7,7,iPhone
8942,retained,93,76,153,2335,284,0,2180.8,1021.0,3,3,Android
8943,retained,115,92,178,94,26,0,3568.4,732.4,19,13,iPhone
8944,retained,222,189,314,336,11,0,3707.8,2127.5,28,26,Android
8945,retained,11,11,82,3069,0,62,5169.7,2498.4,18,15,iPhone
8946,retained,288,275,308,2624,62,0,1435.1,547.5,24,19,iPhone
8947,retained,16,13,102,424,85,0,6592.3,4187.0,9,8,iPhone
8948,retained,46,38,236,2674,0,48,4433.3,1248.0,17,10,iPhone
8949,churned,10,8,40,797,0,0,6926.7,4404.0,2,2,iPhone
8950,retained,29,23,106,2458,287,0,3851.7,2341.6,21,20,iPhone
8951,churned,1,1,183,325,395,0,3318.4,1767.5,14,10,iPhone
8952,retained,2,2,44,3263,14,168,9243.0,1113.7,20,19,Android
8953,retained,8,8,34,2430,68,6,3209.7,1366.0,25,21,iPhone
8954,retained,40,32,164,164,0,1,3153.8,1373.8,30,28,iPhone
8955,retained,9,9,68,2514,100,48,1232.1,1021.1,26,18,Android
8956,retained,8,7,56,3023,153,0,5589.7,3711.4,22,20,Android
8957,retained,140,113,149,1139,4,22,6481.1,4423.8,28,19,iPhone
8958,churned,104,85,120,3024,0,19,826.5,537.5,15,13,iPhone
8959,retained,91,91,142,1997,0,31,3108.3,685.0,23,15,Android
8960,retained,162,130,189,2486,41,36,8159.4,4573.0,10,9,iPhone
8961,churned,320,256,618,2572,136,56,529.6,383.1,2,2,iPhone
8962,retained,122,97,163,1484,57,40,4662.6,2360.5,27,20,Android
8963,retained,9,7,71,2010,0,24,2690.6,329.5,17,17,Android
8964,churned,257,206,320,806,0,32,3394.2,894.5,7,3,Android
8965,retained,104,83,192,3169,104,103,1827.8,719.9,31,23,iPhone
8966,retained,181,146,438,1677,351,0,3547.1,2823.3,31,29,Android
8967,retained,3,3,231,372,201,146,3728.0,505.8,3,3,iPhone
8968,retained,3,2,27,1081,169,4,7447.3,3787.2,27,24,Android
8969,retained,64,51,89,1789,73,2,3968.7,411.5,7,7,iPhone
8970,churned,269,217,528,2646,0,0,3115.2,399.6,2,0,iPhone
8971,retained,77,62,274,577,53,125,4298.2,3089.6,17,11,iPhone
8972,retained,165,135,356,2662,0,0,7008.9,1939.0,25,25,Android
8973,retained,30,24,46,941,0,12,2206.4,1640.9,5,0,Android
8974,retained,11,10,123,2826,0,0,2628.6,1089.1,14,14,Android
8975,retained,41,38,64,443,0,0,2238.6,1244.7,26,21,Android
8977,retained,35,30,53,1850,711,39,13835.7,554.4,11,6,Android
8978,retained,44,37,51,1362,133,0,7744.5,4097.3,30,24,iPhone
8979,retained,25,25,146,1070,20,0,5774.6,4444.2,25,18,iPhone
8980,retained,43,35,95,2838,524,0,8131.6,6116.2,4,0,Android
8981,retained,163,132,220,3374,0,36,1904.0,863.2,3,1,iPhone
8982,retained,107,85,145,346,37,0,4357.4,3503.1,3,3,iPhone
8983,retained,100,80,108,2701,0,88,5466.6,4248.9,3,3,Android
8984,retained,37,37,75,1278,33,66,2842.1,1897.5,19,12,Android
8985,retained,14,14,212,2134,73,55,2813.3,2052.8,26,20,iPhone
8986,churned,8,7,357,778,327,45,2536.2,1189.3,5,5,iPhone
8987,retained,65,53,277,1930,49,0,1929.2,1433.9,5,5,iPhone
8988,retained,76,62,229,2841,0,0,4466.9,1932.3,5,5,Android
8989,retained,56,45,100,909,490,16,903.6,711.6,22,14,iPhone
8990,retained,67,55,167,801,21,29,1753.0,707.3,10,10,Android
8992,retained,178,144,380,2295,185,53,5026.8,763.7,1,0,Android
8993,churned,406,325,582,1029,36,54,3449.0,2773.4,3,0,Android
8994,churned,262,213,485,1810,8,0,4280.5,2814.9,11,7,Android
8995,retained,300,300,313,75,30,0,1538.7,719.8,19,12,Android
8996,retained,121,97,354,2444,476,0,1345.7,754.2,24,20,iPhone
8997,retained,3,3,190,614,329,40,2075.6,1515.3,16,16,iPhone
8998,retained,41,36,149,3205,23,68,4198.5,2162.6,3,3,Android
8999,churned,157,128,169,3237,180,42,6862.5,3818.3,15,12,Android
9000,retained,54,44,78,596,51,0,5888.0,3861.4,26,17,Android
9001,churned,6,5,163,1063,137,0,4657.8,2954.1,2,2,Android
9002,retained,135,108,217,2727,224,0,7772.8,4799.4,17,17,iPhone
9003,retained,17,16,217,2964,102,0,10419.0,3667.9,17,17,Android
9004,retained,49,40,191,2295,242,113,3322.4,2459.8,28,19,iPhone
9005,retained,10,9,78,2485,101,21,2346.0,1103.1,15,14,iPhone
9006,retained,10,8,184,3370,352,124,6547.8,1187.4,29,22,iPhone
9007,retained,29,29,84,1736,41,0,4331.0,2519.0,21,13,iPhone
9008,retained,183,146,189,2651,348,64,7057.7,4602.4,19,17,iPhone
9009,retained,56,45,371,3249,160,108,3823.3,1788.5,9,9,Android
9010,retained,122,98,436,960,96,0,2591.9,1240.9,26,18,iPhone
9011,retained,81,65,412,1319,102,11,6408.5,2752.0,29,21,iPhone
9012,retained,113,91,329,443,80,35,5294.6,3537.5,16,10,Android
9013,retained,70,56,134,359,390,173,4653.6,1465.0,27,18,iPhone
9014,retained,20,16,140,1988,0,120,2619.7,1257.6,1,1,Android
9015,retained,27,22,98,1104,47,25,8355.9,3336.1,9,7,iPhone
9016,retained,207,167,380,3326,203,34,7833.3,1857.5,3,0,Android
9017,retained,87,83,126,2209,70,15,4258.1,697.5,0,0,iPhone
9018,churned,147,122,243,135,21,0,5712.2,1146.7,12,9,iPhone
9019,retained,32,28,54,2397,144,10,1545.4,1068.5,11,9,Android
9020,retained,64,53,143,1077,0,27,2903.6,873.6,12,12,iPhone
9021,retained,401,320,438,1776,57,0,4003.6,1274.6,30,29,iPhone
9022,retained,53,43,212,709,56,0,4461.1,3105.6,12,8,iPhone
9023,retained,39,32,145,2323,0,0,4002.7,2001.1,8,8,iPhone
9024,retained,54,45,122,1166,230,0,3044.7,2341.1,19,11,iPhone
9025,churned,17,14,188,1948,303,0,5836.8,1410.0,18,10,iPhone
9026,retained,23,21,396,859,207,0,3790.6,1804.1,24,22,Android
9027,retained,20,17,288,3213,0,3,8900.3,1788.3,22,16,iPhone
9028,retained,65,65,70,421,0,0,2045.2,1105.8,7,2,Android
9029,retained,86,70,153,1913,292,0,2240.8,1437.5,8,6,Android
9030,retained,20,17,197,3167,58,107,4002.4,1367.7,4,0,iPhone
9031,retained,140,112,164,43,200,0,1691.7,1129.4,23,16,iPhone
9032,retained,44,36,64,2812,67,0,4538.4,1119.9,24,18,Android
9033,retained,260,208,295,1816,0,3,9404.3,1359.3,5,5,iPhone
9035,retained,9,9,106,3404,0,53,6422.8,1809.5,20,19,iPhone
9036,retained,65,52,164,821,33,0,4821.9,3324.8,16,14,iPhone
9037,retained,156,156,284,2198,9,0,3026.2,1353.5,15,12,iPhone
9038,retained,84,69,112,2157,50,77,291.3,224.4,3,0,iPhone
9039,retained,93,84,207,3322,3,40,12948.3,1397.2,5,3,iPhone
9040,churned,190,153,203,474,36,125,1408.2,806.1,10,10,iPhone
9041,retained,93,74,202,2475,90,50,11133.5,2995.0,18,13,iPhone
9042,churned,29,26,180,2400,0,49,1397.4,855.0,3,1,iPhone
9043,retained,33,33,35,427,0,59,4958.1,1728.1,7,2,Android
9044,retained,27,23,27,964,100,0,10737.9,506.5,16,10,iPhone
9045,retained,47,42,71,3013,6,20,4311.0,511.9,28,25,iPhone
9046,churned,32,32,109,181,87,11,1407.5,598.8,9,6,iPhone
9047,churned,125,125,203,840,0,58,2070.1,1031.6,28,19,Android
9048,churned,58,47,83,1551,0,0,1569.1,624.4,7,5,iPhone
9049,retained,126,115,305,1388,36,62,3765.5,2885.5,21,18,iPhone
9050,retained,33,26,109,2909,0,0,467.8,377.6,18,16,iPhone
9051,retained,46,37,163,2466,47,57,6605.5,3291.2,24,19,iPhone
9052,retained,225,180,246,2991,134,0,3124.4,2587.0,17,11,Android
9053,retained,27,22,128,1889,590,53,1128.4,251.0,24,21,Android
9054,retained,25,21,121,2360,0,29,4332.4,1267.5,29,26,iPhone
9055,churned,76,70,158,1218,30,0,4781.0,2201.3,25,15,Android
9056,retained,92,80,151,1242,0,0,5445.7,2893.2,4,0,iPhone
9057,retained,54,50,61,3023,114,0,6752.8,2490.2,29,22,iPhone
9058,retained,30,25,30,1137,40,77,1300.0,765.4,30,19,Android
9060,retained,180,144,207,3437,161,46,5285.2,3987.5,29,22,Android
9061,churned,11,10,362,177,563,0,8279.8,4281.9,13,6,iPhone
9062,retained,51,51,179,2806,0,0,4690.2,2422.6,30,29,iPhone
9063,retained,232,189,322,664,37,0,4592.7,2237.3,12,5,iPhone
9064,retained,188,151,292,1493,113,89,4675.9,323.2,16,16,iPhone
9065,churned,83,68,114,2090,67,29,1459.4,1089.9,12,11,Android
9066,churned,99,82,106,2238,597,51,2573.8,637.5,12,11,Android
9067,retained,13,11,58,2330,216,152,2797.0,419.6,26,20,Android
9068,churned,71,58,141,321,205,0,3135.1,1052.6,14,12,iPhone
9069,retained,45,36,51,366,316,30,1325.6,387.1,4,0,iPhone
9070,retained,120,96,190,2011,0,0,6242.1,1719.0,7,7,Android
9071,retained,63,51,249,2050,98,76,9372.7,3501.1,20,18,iPhone
9072,churned,162,162,406,409,94,105,8012.4,2515.9,4,4,Android
9073,churned,79,63,92,238,102,107,4190.3,3029.0,18,16,Android
9074,retained,35,29,38,2040,0,19,1991.9,1220.4,1,1,iPhone
9075,churned,55,47,60,1152,54,9,2135.7,465.1,2,0,Android
9076,retained,210,170,240,1896,68,5,6624.5,4994.9,2,2,iPhone
9077,churned,11,9,38,798,61,27,4205.3,2024.1,5,5,Android
9078,churned,281,225,310,2017,0,74,1728.5,889.5,11,11,Android
9079,retained,72,62,90,1723,86,0,2852.7,1619.1,4,4,iPhone
9080,retained,29,24,173,1566,56,0,1989.7,1026.4,8,8,iPhone
9081,retained,140,118,279,3034,247,0,2089.3,399.2,0,0,Android
9082,retained,7,7,19,1364,6,0,5255.0,3018.7,3,0,iPhone
9083,retained,88,71,192,2433,0,14,3660.0,1732.7,27,20,iPhone
9084,retained,24,20,53,94,33,18,4950.9,3073.8,14,13,iPhone
9086,retained,133,107,328,3206,31,7,1911.3,349.4,9,2,iPhone
9087,retained,276,223,329,1963,185,0,3796.5,913.9,29,19,Android
9088,retained,128,107,238,1477,246,0,2876.3,2302.0,20,12,Android
9089,retained,391,322,725,2518,54,0,1894.5,1222.6,26,26,iPhone
9090,retained,216,173,232,2840,0,201,2234.4,97.5,25,21,iPhone
9091,retained,31,31,212,958,0,32,8082.1,6708.5,16,8,iPhone
9092,retained,13,13,209,2529,14,0,7909.0,3142.6,10,7,iPhone
9093,retained,231,185,242,2127,214,0,4327.5,1877.0,10,4,Android
9094,retained,153,127,222,2037,42,147,5568.6,4535.0,29,19,iPhone
9095,retained,137,110,141,1447,457,0,4556.7,1689.2,4,4,iPhone
9096,retained,30,24,142,494,146,0,4764.6,1557.6,6,6,Android
9097,retained,10,9,16,2607,32,6,9312.7,999.4,27,19,Android
9098,retained,20,17,326,1196,203,0,3438.7,1020.0,13,8,iPhone
9099,churned,2,2,47,3203,0,5,4979.4,3184.6,8,3,iPhone
9100,retained,217,203,246,3142,209,0,3071.0,1226.9,0,0,Android
9101,retained,220,183,220,113,0,115,3460.3,980.0,15,11,iPhone
9102,retained,25,20,172,3018,88,0,3183.4,1663.1,17,10,Android
9103,retained,65,65,97,3426,2,14,1721.8,608.7,22,16,iPhone
9105,retained,39,32,206,2736,0,0,5930.2,3472.8,25,23,iPhone
9106,retained,48,42,220,983,149,20,5070.9,3587.2,26,25,iPhone
9107,churned,43,34,81,2900,83,0,1884.6,1132.2,8,8,iPhone
9108,retained,34,27,122,968,9,0,3410.6,1424.2,13,13,Android
9109,retained,32,26,64,684,283,10,4128.5,658.9,27,24,Android
9110,retained,11,11,44,678,58,78,3770.8,871.3,15,15,iPhone
9111,retained,21,17,51,2729,312,0,5019.1,2592.7,7,7,iPhone
9112,churned,19,19,51,801,177,0,3707.5,2162.0,1,1,iPhone
9113,retained,37,30,259,2984,73,4,831.9,464.2,10,7,iPhone
9114,retained,34,28,44,983,0,0,941.0,676.8,7,7,iPhone
9115,retained,84,68,109,1163,0,34,5235.9,3221.5,10,8,Android
9116,retained,119,96,186,895,96,0,4735.5,2598.7,17,9,iPhone
9117,retained,15,12,20,2840,165,0,3080.0,1420.8,17,11,Android
9118,retained,59,48,73,2398,480,0,4035.7,3346.1,18,15,iPhone
9119,churned,21,17,63,1501,56,0,5142.1,2507.4,14,14,Android
9120,retained,316,253,475,1486,93,0,1063.7,693.7,18,17,iPhone
9121,churned,73,59,634,747,288,0,3999.3,1837.5,19,12,iPhone
9122,retained,17,17,128,2759,0,81,5015.2,1501.1,29,21,iPhone
9124,churned,85,79,111,359,363,0,4289.6,1675.7,1,1,Android
9125,retained,89,77,331,695,175,3,4068.5,2720.9,29,19,iPhone
9126,retained,9,7,230,295,0,92,2637.5,35.0,27,17,iPhone
9127,retained,54,44,174,1902,0,0,4803.1,3893.0,10,10,iPhone
9128,churned,48,48,140,1205,325,33,4865.7,3950.7,15,15,iPhone
9129,retained,15,15,107,1943,43,67,4753.1,680.2,24,17,iPhone
9130,churned,102,102,252,847,350,44,7967.3,4252.6,23,16,iPhone
9131,retained,118,98,290,2373,0,41,1546.8,662.8,28,25,iPhone
9132,churned,126,103,150,1434,54,0,3253.6,1491.1,4,0,Android
9133,retained,39,37,379,2453,43,0,1445.2,543.6,17,13,iPhone
9134,retained,29,23,52,3151,97,77,4930.1,3661.6,28,26,iPhone
9135,retained,42,33,73,1860,27,81,7065.3,965.7,20,13,iPhone
9136,retained,24,19,127,1718,9,4,1131.8,500.8,7,5,iPhone
9137,retained,21,18,67,2044,642,0,2064.1,1270.4,26,19,iPhone
9138,retained,72,59,180,2394,192,0,3048.6,1690.4,30,19,Android
9139,churned,39,31,277,2974,0,1,8751.6,6000.7,5,5,iPhone
9140,retained,36,36,59,1712,55,0,1274.1,301.3,26,18,Android
9141,churned,51,41,52,1374,425,14,2152.9,233.2,7,7,Android
9142,churned,39,34,81,1574,25,0,3254.3,1349.3,15,7,iPhone
9143,retained,22,22,46,1669,42,103,1324.9,1000.2,22,22,Android
9144,retained,71,68,130,1527,136,97,2164.2,1501.5,27,20,iPhone
9145,churned,9,8,216,498,23,200,12824.0,3173.8,29,20,Android
9146,retained,14,13,207,1866,157,14,7702.1,4776.6,31,22,iPhone
9147,retained,127,102,493,2164,80,0,811.3,666.9,3,3,Android
9149,retained,343,274,438,1215,306,0,5397.4,1329.7,17,16,Android
9150,retained,100,82,108,702,0,0,6937.0,633.2,26,18,Android
9151,retained,180,145,201,2521,252,0,6494.1,4499.5,29,20,iPhone
9152,retained,48,41,553,2793,34,40,2211.6,798.8,17,16,Android
9153,retained,12,10,19,1302,57,148,9153.5,7062.4,4,4,Android
9154,retained,32,26,44,518,233,57,3972.3,2287.0,12,12,iPhone
9155,retained,36,29,251,3350,53,0,5497.7,1465.0,25,25,Android
9156,churned,1,1,129,683,571,0,1542.9,482.1,13,13,Android
9157,retained,126,102,240,749,64,89,4085.2,2192.4,3,1,iPhone
9158,retained,135,108,191,1983,115,0,2049.6,498.7,31,27,iPhone
9159,retained,107,88,257,3120,111,0,7710.8,3058.8,19,12,iPhone
9160,retained,45,36,67,331,241,3,2773.7,1891.7,19,14,iPhone
9161,retained,38,30,372,1124,0,37,246.4,57.0,15,8,Android
9162,churned,43,43,96,1495,281,21,8918.0,5226.2,1,1,Android
9163,retained,161,130,212,1843,0,0,5417.5,2679.0,12,12,iPhone
9164,retained,133,107,309,953,655,16,2346.5,310.9,29,25,Android
9165,churned,123,101,134,1971,153,94,2202.1,1116.3,4,1,Android
9166,retained,48,40,91,2470,52,41,4049.3,2592.6,12,11,iPhone
9167,churned,60,56,145,600,17,0,1269.8,531.4,4,4,iPhone
9168,retained,89,85,170,2845,306,0,1843.3,1266.4,6,6,iPhone
9169,retained,31,25,77,3492,382,46,3450.3,1077.9,18,18,iPhone
9170,retained,44,36,131,1981,94,75,5223.6,1238.4,7,5,iPhone
9171,retained,59,48,397,3282,138,8,9614.0,510.3,16,16,Android
9172,churned,41,33,71,1880,150,0,3033.9,2379.8,2,2,iPhone
9173,churned,26,21,275,240,11,0,1931.6,817.1,20,13,iPhone
9174,retained,157,126,191,1599,371,54,3225.3,2446.1,25,21,Android
9175,retained,113,109,179,16,0,6,1480.1,1010.0,16,10,iPhone
9176,retained,22,22,363,3290,0,0,5060.3,2347.5,18,14,Android
9177,retained,220,179,266,2448,125,0,1855.9,971.0,7,7,iPhone
9178,retained,228,182,322,363,175,21,4085.0,1372.2,4,4,Android
9179,retained,11,10,45,1059,319,0,4520.2,791.0,28,23,iPhone
9180,retained,94,77,140,2960,13,0,1611.1,1237.9,20,17,iPhone
9181,retained,3,3,85,2376,96,72,4318.1,526.6,2,2,iPhone
9182,retained,129,104,179,2168,8,8,2884.1,441.6,26,22,iPhone
9183,retained,128,102,346,3232,56,2,5020.8,458.9,20,17,Android
9184,churned,281,226,374,2008,104,17,8523.4,3991.1,4,3,iPhone
9185,retained,169,138,345,2661,57,14,5521.7,1070.4,24,24,iPhone
9186,retained,4,3,92,2717,0,17,11644.9,4812.2,5,4,Android
9187,retained,38,31,229,137,280,37,2737.5,1113.0,1,1,Android
9188,retained,182,146,433,2131,345,42,3077.3,978.9,16,14,iPhone
9189,retained,27,22,225,3456,368,0,5911.3,2665.2,4,4,iPhone
9190,retained,149,131,221,3487,0,0,3634.2,2533.3,10,10,iPhone
9191,churned,9,9,39,3128,134,0,994.9,274.4,6,6,Android
9192,churned,233,186,245,804,86,0,1343.8,859.3,7,1,Android
9193,retained,10,9,52,2489,202,0,1834.2,941.4,3,0,iPhone
9194,retained,34,27,96,1989,102,0,1358.0,1051.9,10,5,iPhone
9195,retained,67,53,81,635,0,14,1262.0,980.8,13,8,Android
9196,retained,0,0,44,2944,111,0,3389.3,2364.3,9,4,iPhone
9197,retained,74,60,78,1060,0,132,2424.3,1580.7,6,0,Android
9198,retained,25,20,110,462,67,176,7686.8,4847.6,11,8,iPhone
9199,retained,11,9,820,899,10,58,2524.3,660.6,8,8,iPhone
9200,retained,71,58,86,624,0,42,6628.8,3113.5,10,10,iPhone
9201,retained,20,20,154,1383,320,0,9873.1,3565.4,28,19,iPhone
9202,retained,187,149,292,3410,127,28,4438.7,924.6,24,20,iPhone
9203,retained,182,148,237,24,0,16,2111.0,1444.9,24,16,iPhone
9204,churned,101,87,206,230,0,0,7092.0,5265.8,29,26,iPhone
9205,retained,1,1,16,2954,117,0,7807.6,3530.6,24,17,iPhone
9206,retained,21,21,253,3299,577,0,6356.6,2944.4,30,27,Android
9207,retained,330,276,415,1476,0,4,6067.7,3665.4,23,15,iPhone
9208,churned,355,285,356,744,138,17,1753.5,218.9,8,8,Android
9209,retained,21,21,72,3143,104,0,4191.3,3303.1,11,5,iPhone
9210,retained,215,172,442,132,246,53,3482.1,2284.3,31,21,Android
9211,retained,74,62,196,468,66,23,1195.9,597.7,29,24,iPhone
9212,retained,43,35,214,40,67,9,3002.7,2039.6,26,23,iPhone
9213,retained,8,7,881,2729,259,5,6553.4,3306.9,12,10,Android
9214,churned,170,137,314,1341,0,0,1203.3,451.7,14,10,Android
9215,retained,121,99,128,2924,257,46,3857.8,1650.4,21,14,Android
9216,retained,19,16,76,230,464,0,5227.7,2457.7,30,21,iPhone
9217,churned,230,184,501,2098,16,0,7534.3,2588.5,4,4,iPhone
9218,retained,2,2,188,738,82,29,1128.5,828.1,19,12,Android
9219,retained,184,150,625,477,125,38,7837.7,3998.7,16,14,iPhone
9220,retained,127,102,883,732,34,0,2894.4,1179.3,21,17,iPhone
9221,churned,114,92,117,2455,252,22,4040.8,1372.3,3,3,Android
9222,churned,105,88,181,1474,0,0,3897.7,3204.2,2,0,iPhone
9223,retained,34,31,57,3064,6,0,4000.0,1676.3,14,14,iPhone
9224,retained,93,75,188,3416,82,99,6606.9,4657.8,2,1,Android
9225,retained,96,83,244,1307,155,80,3614.5,1331.8,22,22,iPhone
9226,retained,8,7,413,1171,253,24,3005.6,709.5,20,18,iPhone
9227,retained,15,15,28,1238,81,159,8441.4,4131.5,14,14,iPhone
9228,retained,35,34,107,2120,32,0,7002.2,5464.1,13,13,iPhone
9229,retained,5,5,186,1612,0,87,2409.2,254.3,19,13,iPhone
9230,churned,3,3,221,1483,157,0,929.0,415.9,5,5,Android
9231,retained,171,138,232,2416,16,38,3852.6,3095.4,13,13,iPhone
9232,retained,28,24,265,2251,584,0,3130.9,496.4,8,4,Android
9233,retained,92,75,223,674,17,9,1776.2,267.5,26,23,iPhone
9234,retained,113,92,188,1789,11,9,1873.1,899.0,1,0,Android
9235,retained,45,36,185,2035,137,9,2874.0,2118.6,11,11,Android
9236,retained,61,49,188,527,5,38,6280.1,203.6,18,12,iPhone
9237,churned,317,273,351,468,0,0,2859.1,610.1,5,5,Android
9238,retained,36,30,64,1152,0,0,921.4,717.3,13,8,iPhone
9239,churned,5,5,125,2792,0,12,2272.8,1227.4,3,0,iPhone
9240,retained,76,76,138,3389,455,45,4729.4,3209.8,29,23,Android
9241,churned,42,34,82,3448,134,0,1637.4,1128.9,9,8,iPhone
9242,retained,13,11,201,3416,274,0,6310.8,2080.7,26,17,iPhone
9243,retained,117,94,131,2596,221,0,5375.8,1286.2,30,24,Android
9244,churned,18,17,119,340,33,0,1149.1,679.2,3,0,Android
9245,retained,101,81,180,3370,341,105,1839.8,210.5,18,11,iPhone
9246,retained,74,62,144,2409,29,2,1974.6,1302.7,3,3,iPhone
9247,retained,26,26,185,2282,0,0,1553.0,701.0,24,22,iPhone
9248,retained,19,15,35,2549,171,36,2860.5,2202.8,1,0,iPhone
9249,retained,35,28,298,1347,35,0,2206.6,1369.7,18,9,Android
9250,retained,70,60,92,238,0,0,2010.6,955.2,11,8,Android
9251,churned,7,7,59,1456,39,12,3245.5,374.8,17,12,Android
9252,retained,37,30,65,3261,161,0,4888.7,1019.8,26,24,iPhone
9253,retained,60,49,110,1115,385,130,2699.7,933.7,20,18,iPhone
9254,retained,164,132,277,1581,7,0,5349.7,3993.3,11,7,Android
9255,churned,10,8,169,1404,0,0,2173.7,417.2,14,8,Android
9256,retained,167,135,448,3444,40,29,3164.2,753.6,7,5,iPhone
9257,retained,52,49,160,535,0,79,9046.6,2811.1,17,10,iPhone
9258,retained,7,6,488,2240,0,0,2283.3,1178.9,8,6,Android
9259,retained,107,86,508,20,10,34,3640.8,640.5,20,20,iPhone
9260,churned,39,32,145,2320,55,74,4741.0,1542.2,2,0,iPhone
9261,retained,6,6,62,576,85,11,6714.6,1250.4,23,21,iPhone
9262,retained,41,33,141,2163,0,14,5043.3,3856.4,14,7,iPhone
9263,retained,29,28,162,3089,19,0,5975.2,2573.1,16,16,iPhone
9264,retained,20,20,42,1140,0,46,3463.6,901.6,29,28,iPhone
9265,retained,1,1,20,2144,468,0,5862.5,2473.8,1,1,iPhone
9266,retained,206,165,433,741,27,0,1175.1,944.0,28,22,iPhone
9267,retained,26,21,66,1683,80,0,2665.3,2055.3,23,13,Android
9268,churned,19,16,43,1799,0,0,2988.8,2139.2,3,0,iPhone
9269,retained,94,76,112,1733,50,21,970.6,772.2,28,27,iPhone
9270,retained,158,129,369,1062,153,0,6019.2,3737.4,18,10,Android
9271,retained,12,10,75,1801,0,3,4240.3,1122.7,19,13,iPhone
9272,retained,8,8,207,2011,131,337,1643.0,974.7,29,27,iPhone
9273,retained,31,26,129,2842,402,0,2269.6,1648.4,26,25,iPhone
9274,churned,27,22,61,2112,34,35,2094.3,1607.8,7,7,iPhone
9275,retained,203,163,272,2026,61,0,2124.3,817.7,28,21,Android
9276,retained,102,82,249,767,0,10,10714.4,4099.0,10,5,Android
9277,retained,15,12,76,1537,198,25,6531.8,1768.3,29,21,iPhone
9278,retained,22,21,52,1975,0,0,4824.9,2764.9,22,18,Android
9280,churned,90,74,434,1288,93,0,3938.7,2979.1,17,17,iPhone
9281,retained,119,96,421,1102,20,0,1886.4,1559.0,14,8,iPhone
9283,retained,84,67,148,2118,0,0,2222.8,1032.4,27,26,iPhone
9284,retained,201,161,245,791,27,116,9607.3,2559.4,6,5,iPhone
9285,retained,53,45,305,2536,0,0,2236.0,922.8,27,21,Android
9287,churned,59,50,122,2353,73,10,2304.7,341.1,1,0,iPhone
9288,retained,171,137,276,3440,187,7,2917.2,760.3,9,9,iPhone
9289,retained,10,8,23,2114,20,65,4062.5,2001.7,17,9,iPhone
9290,retained,7,6,41,3012,47,0,2812.4,426.6,21,13,Android
9291,retained,22,20,57,2435,27,0,2586.5,904.4,6,6,Android
9293,retained,86,76,124,3335,0,133,4899.5,1461.0,28,18,Android
9294,churned,5,4,228,172,66,40,3079.4,1639.2,3,3,Android
9295,churned,34,28,93,2303,44,0,1666.8,216.7,7,2,iPhone
9296,churned,279,223,312,1657,77,0,1548.5,872.2,3,3,iPhone
9297,retained,28,23,503,3149,83,46,5628.6,3284.8,27,17,Android
9298,churned,70,62,206,2663,190,11,3960.8,1777.1,10,10,Android
9299,retained,1,1,79,763,441,0,839.0,531.9,15,15,iPhone
9300,retained,81,65,369,1052,14,0,1578.8,853.7,9,4,Android
9301,retained,146,117,194,3088,475,8,7626.0,2517.0,29,22,iPhone
9302,retained,18,18,175,997,23,66,12368.1,1603.3,20,19,iPhone
9303,churned,14,12,114,2888,305,15,3105.0,1127.4,3,1,iPhone
9304,retained,37,30,64,3082,257,0,6354.7,1773.7,8,4,Android
9305,retained,5,4,302,2718,42,0,6003.2,994.7,18,18,Android
9306,retained,47,38,64,2825,43,0,10187.7,5853.7,16,16,iPhone
9307,retained,8,7,157,2992,82,24,7286.3,5307.0,3,3,iPhone
9308,retained,53,45,188,976,3,0,4717.0,2533.0,5,1,Android
9309,retained,225,180,247,2184,3,0,3558.3,2538.3,15,12,iPhone
9310,retained,112,90,149,1811,42,126,3527.0,1164.9,26,24,iPhone
9311,retained,161,131,164,2733,49,7,4608.3,3754.4,30,26,iPhone
9312,retained,118,97,157,2462,6,4,1758.2,1008.9,27,20,iPhone
9313,retained,78,62,158,1867,40,74,3622.6,2086.2,22,20,iPhone
9314,retained,19,16,78,1988,58,0,3385.6,1424.1,27,24,Android
9316,retained,61,49,104,24,0,0,3517.9,2930.3,7,7,Android
9317,retained,68,56,87,1191,5,0,1303.3,465.9,30,26,iPhone
9318,churned,39,31,108,1550,78,44,1924.2,1495.2,10,3,iPhone
9319,retained,7,6,80,3157,0,0,2127.3,1173.7,4,4,Android
9320,retained,94,94,189,3149,645,27,1469.3,311.9,23,16,Android
9321,retained,89,72,100,1501,209,0,7567.1,5382.2,10,10,iPhone
9322,retained,72,64,257,1352,166,0,4641.4,1688.0,4,4,iPhone
9323,retained,26,21,143,1716,3,22,5236.7,1997.4,14,14,iPhone
9324,retained,239,192,531,1182,273,0,2309.8,803.5,9,9,Android
9325,retained,2,2,9,504,72,0,9229.5,4599.2,1,1,Android
9326,churned,25,22,162,2762,109,0,2575.5,1365.9,3,3,iPhone
9327,churned,103,83,171,835,84,3,3931.4,1036.3,3,1,Android
9328,retained,85,69,157,157,216,75,3863.0,1459.3,29,20,iPhone
9329,retained,54,54,101,2191,67,2,2657.6,1289.6,28,17,iPhone
9330,retained,65,53,89,1915,121,0,2334.0,1253.5,0,0,iPhone
9331,retained,1,1,112,535,0,64,2212.6,378.5,24,19,iPhone
9332,retained,9,9,440,1638,139,32,1877.9,1016.1,18,11,iPhone
9333,retained,73,60,146,2153,86,42,4560.5,1451.4,8,8,iPhone
9334,retained,17,15,99,3252,26,49,1530.7,1088.3,11,5,Android
9335,retained,11,9,128,2572,849,0,6020.9,4352.6,29,25,Android
9336,churned,19,16,89,486,0,0,422.1,92.7,2,0,iPhone
9337,retained,12,12,77,3136,37,21,776.1,271.3,20,20,Android
9338,retained,32,26,348,500,261,0,1989.6,923.3,4,4,Android
9339,retained,130,108,314,1082,424,1,5421.8,1559.8,1,1,iPhone
9341,churned,84,68,157,1336,0,51,2442.0,2019.2,17,10,Android
9342,retained,248,199,343,2610,155,0,5483.3,1099.6,6,6,iPhone
9343,retained,142,114,244,497,0,0,2844.1,1122.8,3,3,iPhone
9345,retained,12,10,191,539,284,138,5354.3,2093.0,24,16,iPhone
9346,churned,68,54,189,1129,79,65,12693.1,579.0,6,1,iPhone
9347,retained,258,206,272,713,132,11,1956.1,994.6,5,4,iPhone
9348,retained,17,14,55,1263,143,152,2286.9,809.0,18,10,iPhone
9349,retained,81,77,293,957,105,23,2099.8,952.2,22,17,iPhone
9350,retained,52,42,57,888,0,253,4561.5,707.1,13,13,iPhone
9351,retained,186,152,214,1015,106,86,1968.0,865.9,9,7,Android
9352,retained,89,72,99,2377,0,34,7490.9,4533.2,6,2,iPhone
9353,retained,132,106,140,543,207,45,2548.0,939.1,14,14,iPhone
9354,churned,121,97,125,30,0,29,4361.2,1681.7,22,22,iPhone
9355,retained,123,99,157,2653,36,27,3334.2,1910.5,4,0,iPhone
9356,retained,67,62,216,1210,260,0,2941.7,2301.6,27,17,iPhone
9357,retained,80,65,304,1534,337,0,6881.7,972.3,27,18,Android
9358,retained,71,63,87,3319,174,0,2848.8,905.7,31,26,iPhone
9359,retained,140,115,231,3412,99,0,5730.8,2070.6,24,20,iPhone
9360,retained,47,46,84,2844,0,8,6035.9,3007.5,3,0,Android
9362,retained,25,21,93,2260,91,45,1177.2,645.7,25,24,Android
9363,retained,7,7,16,1873,148,16,681.7,503.3,4,0,iPhone
9364,retained,14,11,87,920,86,52,2589.5,975.5,16,15,iPhone
9365,retained,91,74,110,2717,80,0,3142.9,1516.1,30,24,Android
9366,retained,262,218,430,3414,0,61,3305.4,2139.4,8,3,iPhone
9367,retained,293,235,327,1677,33,0,6990.1,1484.3,24,19,Android
9368,retained,112,90,348,981,86,0,1689.2,1306.9,17,11,iPhone
9369,retained,235,191,249,370,42,86,3970.0,3305.3,14,14,Android
9370,retained,7,6,28,3054,44,0,5626.7,2771.7,24,16,Android
9371,churned,126,103,158,510,23,126,1929.2,819.9,17,11,iPhone
9372,retained,51,41,321,1390,639,1,2230.1,506.0,23,23,Android
9373,churned,53,43,265,2452,0,60,1821.4,1479.4,31,21,iPhone
9374,retained,304,268,367,3142,0,0,639.2,457.1,30,21,iPhone
9375,retained,9,8,33,1340,45,39,1507.3,685.0,2,0,Android
9376,churned,2,2,66,914,0,214,1485.7,995.9,25,24,iPhone
9377,churned,86,70,280,570,91,0,1459.3,1195.6,8,8,Android
9378,retained,134,109,221,2044,0,16,4856.9,3982.8,17,16,iPhone
9379,retained,20,20,111,1862,238,26,6288.5,2418.3,27,24,Android
9380,retained,66,54,342,801,165,4,1389.0,357.8,21,13,iPhone
9381,retained,63,56,99,3033,384,21,6576.4,1679.4,22,18,iPhone
9382,retained,1,1,44,67,0,9,596.7,322.2,13,9,iPhone
9383,retained,21,21,71,983,176,37,3947.6,2288.4,8,8,iPhone
9384,retained,112,90,183,1690,55,0,1242.2,257.6,29,19,iPhone
9385,retained,18,18,88,662,21,14,5972.7,2036.9,7,3,iPhone
9386,retained,151,125,268,1841,0,48,3227.1,2298.4,3,3,iPhone
9387,retained,16,16,52,681,113,258,9695.9,1644.6,26,21,iPhone
9388,retained,184,151,191,3413,255,70,5379.0,1553.9,9,9,iPhone
9389,churned,126,110,165,2486,432,0,2159.2,501.4,6,1,iPhone
9390,retained,137,111,193,2486,25,13,3320.2,895.6,8,2,Android
9391,retained,106,86,224,3478,58,0,2095.1,1196.4,15,9,iPhone
9393,retained,131,105,248,2267,31,16,4540.5,3153.8,7,7,Android
9395,retained,20,20,557,1891,78,0,4178.9,1275.3,18,10,iPhone
9396,retained,111,90,194,588,0,0,6061.0,763.6,19,19,Android
9397,retained,19,19,130,1596,26,4,1763.4,805.1,21,21,Android
9398,churned,5,4,104,3473,74,0,6463.4,2331.9,20,11,Android
9399,retained,137,110,382,3153,213,21,2523.2,1611.6,21,21,iPhone
9400,retained,144,116,372,1596,314,0,2006.3,1006.7,30,24,iPhone
9401,churned,105,84,113,375,106,0,4595.7,945.0,27,23,Android
9403,retained,55,44,272,1337,248,14,3767.8,2877.2,22,18,iPhone
9404,retained,75,63,277,997,0,137,4595.7,3824.9,23,14,Android
9405,retained,2,2,18,2857,79,0,5217.6,2039.5,23,15,iPhone
9406,retained,254,227,279,1152,49,10,1185.9,484.2,3,1,Android
9407,retained,20,19,53,988,101,90,3109.2,2574.1,28,25,iPhone
9408,retained,145,116,220,3104,221,0,3267.1,1220.7,30,27,iPhone
9409,churned,276,222,390,76,0,0,3323.2,2463.6,15,15,iPhone
9410,retained,43,43,143,3450,123,0,8212.2,6433.4,15,15,Android
9411,retained,101,85,508,427,60,0,3057.6,780.5,20,13,iPhone
9412,churned,9,9,40,2370,194,52,7446.7,4261.6,8,4,iPhone
9413,retained,55,44,58,512,24,44,4959.6,1968.9,24,23,iPhone
9414,retained,22,18,139,1508,0,42,9415.6,6496.7,17,17,Android
9415,churned,95,77,167,331,56,32,10773.5,6297.5,30,24,Android
9416,retained,28,28,144,1053,426,8,4498.7,1496.0,16,16,iPhone
9417,churned,34,28,56,460,744,18,1659.3,645.8,22,22,iPhone
9418,retained,22,18,46,3135,19,25,4696.4,3913.0,3,0,iPhone
9419,retained,15,15,32,2871,67,0,1912.4,849.1,21,13,Android
9420,churned,38,31,116,2469,60,0,5835.5,1896.5,10,4,iPhone
9421,retained,93,74,207,700,157,1,5162.8,1375.0,11,11,iPhone
9422,retained,212,172,218,848,35,0,2590.4,354.7,29,26,Android
9423,retained,71,58,205,1068,41,0,2452.3,1640.1,17,17,iPhone
9424,retained,9,8,9,1287,0,32,2618.3,1377.7,25,15,Android
9425,retained,122,98,141,3439,267,0,2392.7,1737.7,6,6,Android
9426,retained,112,90,177,863,91,0,4787.3,2741.6,15,10,iPhone
9427,retained,107,86,340,2285,173,37,3515.1,2700.4,12,9,iPhone
9428,retained,35,35,377,2155,544,22,5064.4,3551.8,4,4,iPhone
9429,retained,101,81,459,1260,0,0,4809.3,3102.9,15,15,Android
9430,churned,243,194,301,265,30,76,4222.8,888.7,25,19,Android
9431,retained,120,97,288,2246,0,7,2208.7,1466.2,29,28,iPhone
9432,retained,22,20,65,2896,34,0,7502.5,4308.9,13,6,iPhone
9433,churned,88,71,101,1871,329,89,2607.6,316.5,12,7,iPhone
9435,churned,191,153,198,711,161,0,1504.1,805.7,8,3,iPhone
9436,retained,62,50,122,827,149,6,935.0,774.6,2,2,iPhone
9437,retained,6,6,76,3231,0,30,4645.0,2064.1,19,11,iPhone
9438,retained,139,111,176,1832,272,0,7391.6,3708.7,24,24,iPhone
9439,retained,10,9,30,2978,24,102,3226.7,396.1,16,15,iPhone
9440,retained,72,66,263,1707,0,0,3188.0,967.3,3,0,iPhone
9441,retained,49,40,112,2351,50,2,3492.5,2479.9,12,10,Android
9442,retained,11,9,58,1809,57,3,2688.6,527.8,20,13,Android
9443,churned,36,30,63,2130,782,22,3796.1,3129.9,14,13,iPhone
9444,churned,29,25,61,3149,82,0,7607.6,5072.9,4,4,Android
9445,retained,52,46,131,3341,95,0,2580.5,1657.9,23,17,iPhone
9446,retained,100,80,299,2404,410,49,2615.1,316.2,13,13,iPhone
9447,retained,223,183,268,185,0,63,1892.3,585.3,11,11,Android
9448,retained,34,27,170,2071,60,0,6052.9,4991.9,19,11,Android
9449,retained,47,38,98,2048,297,0,3482.3,1876.7,14,11,iPhone
9450,churned,33,31,249,2048,447,0,8100.5,3321.3,1,1,iPhone
9452,churned,28,26,511,2696,0,79,4504.8,1320.9,9,9,Android
9453,retained,54,44,99,2703,149,0,3989.3,3132.8,19,12,iPhone
9454,retained,42,34,264,3264,39,19,5935.5,4607.5,12,5,iPhone
9455,retained,52,42,76,3221,591,19,8608.4,5659.1,31,24,iPhone
9456,retained,78,63,102,825,452,97,857.9,253.6,0,0,iPhone
9457,retained,70,57,91,2946,63,44,1228.2,177.3,20,14,Android
9458,retained,12,10,159,3461,37,0,3299.5,2436.7,2,1,iPhone
9459,churned,108,87,126,1176,211,31,7510.2,2406.5,11,11,iPhone
9461,churned,95,79,114,3333,0,0,3252.8,1334.5,1,0,iPhone
9462,churned,116,94,456,1364,500,236,2548.4,1081.0,13,13,Android
9463,retained,34,30,76,192,30,20,2781.4,1512.2,28,23,iPhone
9464,retained,169,136,170,922,0,0,2678.2,436.6,5,1,Android
9465,retained,24,19,264,2209,155,0,4008.8,2444.4,25,22,iPhone
9466,retained,79,63,153,3064,0,0,5260.2,794.8,21,18,iPhone
9467,retained,356,285,724,1525,33,0,2654.6,1994.9,23,19,Android
9468,churned,50,42,71,29,37,38,3776.6,2395.0,4,1,iPhone
9469,retained,16,13,222,1402,36,41,4827.6,1679.0,2,0,Android
9470,retained,158,127,177,846,73,62,6010.5,4034.6,29,25,Android
9471,retained,35,31,86,3347,32,1,4255.8,1016.5,20,19,Android
9472,retained,73,59,89,2421,0,0,4806.9,2590.8,19,17,Android
9473,retained,145,118,176,2197,0,4,3426.1,1788.5,24,17,Android
9474,retained,26,24,207,534,1,157,3856.3,580.0,31,27,iPhone
9475,retained,71,58,103,2626,0,8,1538.6,288.4,17,17,iPhone
9476,retained,107,86,244,319,66,176,1126.0,663.9,10,6,iPhone
9477,churned,88,88,166,2414,0,32,5856.9,1768.3,2,2,iPhone
9478,retained,42,34,58,72,76,48,7474.2,1827.0,16,16,iPhone
9479,retained,168,160,265,994,46,55,2389.7,717.0,18,16,iPhone
9480,retained,17,15,161,623,0,14,1634.9,1284.8,20,12,iPhone
9481,retained,109,88,172,1372,242,5,1421.5,1033.5,0,0,Android
9482,retained,54,44,140,284,0,17,2340.9,614.9,8,8,iPhone
9484,churned,19,16,151,2859,0,18,1253.6,132.6,25,16,iPhone
9486,retained,57,47,109,1665,180,20,2729.0,519.4,25,16,Android
9487,retained,293,237,643,2754,106,0,2612.4,1048.7,20,11,iPhone
9488,retained,23,23,210,2611,348,25,3793.4,2045.5,28,19,iPhone
9489,churned,31,25,183,2812,0,117,1163.8,335.1,16,14,iPhone
9490,retained,26,24,267,3491,256,19,3500.3,2258.4,16,13,Android
9491,retained,40,32,140,848,0,0,1556.3,466.3,26,22,iPhone
9492,retained,12,12,79,1901,48,0,4004.8,1710.2,2,2,iPhone
9493,retained,12,11,145,1245,37,0,2703.8,567.9,16,8,Android
9494,retained,23,23,119,3443,153,22,1653.3,1033.6,5,5,Android
9495,retained,29,24,54,2224,6,0,13340.4,2499.8,19,10,iPhone
9496,retained,223,190,225,3178,500,0,4369.3,2529.3,21,13,iPhone
9497,retained,10,8,133,1378,64,168,4811.0,3465.7,23,15,iPhone
9498,retained,20,17,53,2315,0,0,1462.6,1069.1,22,14,iPhone
9499,churned,49,42,178,2152,143,0,2023.7,1284.0,1,0,iPhone
9500,churned,25,25,90,2435,0,0,701.6,578.2,11,11,iPhone
9501,retained,151,122,272,2129,12,0,1456.8,959.9,5,5,iPhone
9502,retained,95,77,166,1561,161,30,3204.5,2172.1,3,3,Android
9503,retained,242,199,292,3467,29,66,5114.9,1980.4,5,5,iPhone
9504,retained,8,8,59,2340,113,24,2992.1,2408.3,5,4,iPhone
9505,retained,98,79,200,2534,0,0,3002.6,1586.5,12,6,iPhone
9506,retained,156,125,262,2183,0,15,3674.5,1571.7,22,20,Android
9507,retained,148,120,201,3276,0,236,4833.2,2793.6,17,14,iPhone
9508,retained,99,79,403,489,0,0,1359.8,480.9,7,3,Android
9509,retained,71,57,80,120,0,16,3732.6,2783.0,16,9,iPhone
9510,churned,198,162,312,2254,361,77,1784.9,1283.9,1,0,iPhone
9511,retained,24,24,110,3404,0,0,3760.1,1767.9,7,2,Android
9512,churned,28,23,35,1597,16,42,3523.0,371.1,14,12,iPhone
9513,retained,109,93,118,928,0,25,2381.2,1401.2,23,22,Android
9514,retained,20,18,232,692,21,49,9143.9,7048.9,10,7,iPhone
9516,retained,24,20,49,1328,2,70,6588.3,5324.4,6,6,Android
9517,retained,63,53,321,1370,267,38,4437.7,586.0,15,11,iPhone
9518,retained,70,56,642,306,101,4,1350.5,579.4,20,19,iPhone
9520,retained,122,99,237,3235,188,28,852.8,294.0,31,27,iPhone
9521,retained,204,164,334,1574,65,0,4117.5,883.0,24,18,Android
9522,churned,177,142,193,1672,43,17,9380.3,5034.3,12,12,Android
9523,retained,133,131,245,2035,184,70,5737.5,982.1,27,26,iPhone
9524,churned,128,107,177,19,87,25,2969.2,2371.7,10,5,iPhone
9525,retained,96,77,98,243,0,0,6624.2,1792.1,24,15,Android
9526,churned,143,125,603,1306,0,0,3089.4,1800.8,23,15,iPhone
9527,churned,99,80,128,874,71,77,4935.5,1348.5,7,6,iPhone
9528,retained,11,9,113,1785,58,0,2180.0,1258.7,27,24,Android
9529,retained,112,97,272,122,82,1,1713.0,930.5,16,10,Android
9530,retained,110,104,221,28,115,0,2545.8,1657.1,7,7,iPhone
9531,retained,82,66,116,1697,279,43,1976.7,943.5,27,22,iPhone
9532,retained,10,9,65,796,27,0,7081.1,3297.5,23,15,Android
9533,retained,20,18,57,3446,308,15,3244.3,1345.4,17,14,iPhone
9534,retained,148,119,203,2775,105,0,2622.4,1004.4,30,24,iPhone
9535,retained,38,32,58,2044,0,0,13176.8,2224.0,19,13,Android
9537,retained,131,106,171,442,0,37,3531.5,883.7,15,8,iPhone
9538,retained,7,6,33,3218,108,0,1896.5,631.2,23,19,Android
9540,retained,120,98,313,1028,0,18,3513.7,1005.3,6,6,iPhone
9541,churned,29,26,153,3372,96,0,1470.2,967.7,4,0,iPhone
9542,retained,15,15,33,3408,15,12,5480.4,3539.2,5,5,iPhone
9543,churned,19,16,38,26,0,0,4478.0,3380.2,2,2,Android
9544,retained,174,144,275,2711,31,0,3945.0,2009.0,20,17,iPhone
9545,churned,158,127,174,1198,118,0,4067.8,1342.9,2,1,iPhone
9546,retained,28,22,35,882,422,2,8145.9,5947.0,17,12,Android
9547,retained,18,14,174,1281,405,174,2300.4,1773.6,11,11,iPhone
9548,retained,114,92,541,2980,189,0,3868.2,847.1,7,7,iPhone
9549,retained,71,57,270,2025,73,32,3839.5,2967.6,13,5,iPhone
9550,churned,42,34,69,2555,56,37,1995.7,1344.2,23,16,iPhone
9551,retained,2,2,32,1001,115,0,2661.8,1458.0,0,0,Android
9552,retained,15,12,18,1798,166,0,824.7,377.7,28,23,iPhone
9553,retained,62,50,300,3076,5,38,8033.0,1473.1,1,0,Android
9554,churned,127,120,191,825,167,0,1932.6,1163.2,22,16,iPhone
9555,retained,139,114,151,1286,189,0,6156.4,2447.9,18,12,iPhone
9556,churned,191,154,344,536,205,0,3201.3,2177.7,0,0,iPhone
9557,retained,21,17,28,1073,290,7,1827.7,309.9,29,19,Android
9558,retained,36,32,112,656,116,0,2957.5,1507.5,16,16,iPhone
9559,retained,9,7,42,2652,184,0,4356.4,1721.6,28,21,iPhone
9560,retained,41,41,503,1231,0,0,3150.7,775.9,9,9,Android
9561,churned,59,50,175,3061,260,0,1787.0,1282.0,11,8,Android
9562,retained,87,70,109,467,192,0,5700.6,4510.7,16,10,iPhone
9563,retained,87,69,316,3179,196,0,2836.0,380.7,6,6,iPhone
9564,retained,49,39,50,1209,1,0,2034.2,275.6,24,21,iPhone
9565,retained,147,119,155,2401,95,6,9629.7,4653.2,2,2,iPhone
9566,retained,12,10,33,3444,53,0,2719.1,2254.2,26,25,Android
9567,retained,70,56,131,2818,393,68,3727.6,1609.0,16,11,iPhone
9568,churned,129,113,442,1502,107,39,8472.9,1939.9,16,10,Android
9569,retained,62,50,155,2787,0,0,4011.1,1874.1,8,4,iPhone
9570,retained,168,135,333,1274,72,141,4229.8,1649.8,19,11,iPhone
9571,retained,79,79,118,929,0,59,1930.0,272.0,4,4,Android
9572,retained,31,26,54,3286,1,0,9987.2,5627.6,25,20,Android
9573,retained,7,6,19,533,0,0,7679.0,5309.7,26,25,iPhone
9574,retained,244,199,312,1485,39,15,2826.3,2297.1,27,20,iPhone
9575,retained,419,336,466,521,51,96,3893.4,2904.1,16,16,iPhone
9576,retained,80,76,275,3174,183,0,8062.8,5606.6,6,6,iPhone
9577,retained,54,44,304,1700,291,0,3407.8,1258.3,17,16,Android
9578,churned,191,155,535,1576,421,49,1731.5,1343.9,17,17,iPhone
9579,churned,9,9,67,582,8,0,4113.0,824.0,1,0,iPhone
9580,retained,147,120,267,433,88,19,14012.1,3837.8,31,23,iPhone
9581,retained,44,44,65,2460,209,0,1768.9,1091.0,11,4,iPhone
9582,retained,90,72,188,3053,7,2,8598.0,785.1,5,1,iPhone
9583,retained,176,141,463,314,41,98,3770.8,1906.0,5,2,Android
9584,retained,17,14,21,1579,304,70,8792.7,5367.3,22,21,iPhone
9585,retained,328,270,392,2869,29,57,2491.3,846.1,19,13,iPhone
9586,retained,134,109,210,1916,76,40,4874.3,2317.4,26,22,Android
9587,churned,22,20,313,178,125,30,7335.6,4542.1,9,4,iPhone
9588,retained,28,23,381,1519,0,13,1738.0,1183.7,15,8,iPhone
9589,retained,28,24,253,1617,14,44,1667.3,483.5,20,20,iPhone
9590,retained,129,103,255,3422,326,24,859.7,516.4,24,22,Android
9591,retained,109,87,154,996,0,18,5978.9,4020.4,29,26,Android
9592,retained,4,4,284,729,158,51,3250.3,941.5,29,22,iPhone
9593,retained,88,71,100,1179,197,77,2239.1,1167.9,22,15,Android
9594,churned,375,319,603,2324,12,24,3291.9,1654.9,16,10,Android
9595,retained,80,80,120,246,24,69,7312.6,519.6,26,18,iPhone
9596,retained,6,5,73,133,115,27,8933.7,5846.2,6,0,iPhone
9597,retained,84,67,102,560,85,48,8036.0,1475.5,19,11,Android
9598,retained,52,52,61,977,293,27,1620.3,1120.3,0,0,Android
9599,churned,3,3,15,626,127,0,3876.0,687.8,22,17,iPhone
9600,retained,139,127,178,1606,21,40,1423.6,205.8,13,13,Android
9601,retained,30,26,56,1369,0,0,9513.0,4239.4,16,16,iPhone
9602,retained,43,37,107,75,58,116,3583.7,1505.7,13,13,iPhone
9603,retained,155,125,356,1921,49,104,3040.6,1058.5,9,9,iPhone
9604,churned,144,119,222,1253,0,48,5321.0,1921.5,11,11,iPhone
9605,retained,89,71,226,2845,213,0,8956.2,2362.9,11,4,Android
9606,retained,48,46,98,3002,108,0,516.2,281.5,22,17,iPhone
9607,retained,8,8,40,1908,433,44,3814.5,2390.6,12,10,iPhone
9608,retained,2,2,90,3135,419,20,3141.4,2154.8,13,13,iPhone
9609,retained,52,42,205,931,173,10,3910.0,2883.9,18,14,Android
9610,retained,333,268,525,876,0,0,584.1,85.8,25,17,Android
9611,retained,92,92,150,1692,249,0,1258.3,457.5,14,8,Android
9612,retained,76,62,280,203,342,17,7044.7,1355.4,13,11,Android
9613,retained,49,41,121,2302,0,76,5964.3,4302.0,9,3,Android
9615,retained,49,40,57,108,10,210,6532.5,1764.5,1,0,iPhone
9616,retained,0,0,76,1660,0,2,2056.4,807.3,6,6,Android
9617,churned,123,101,132,39,131,71,6705.9,1319.8,1,0,iPhone
9618,retained,27,27,126,2964,591,15,1340.5,229.3,7,4,iPhone
9619,retained,68,55,68,3041,16,22,4091.9,3051.9,14,8,iPhone
9620,retained,22,22,70,2120,36,59,2918.6,1041.8,2,0,iPhone
9621,churned,15,12,71,1327,253,0,9295.5,2506.3,25,17,Android
9622,retained,105,90,155,2352,105,5,2799.3,1150.5,17,11,iPhone
9623,retained,42,34,135,1362,28,84,3696.1,1857.4,9,9,Android
9624,retained,32,26,46,1684,18,24,7684.6,1145.7,29,20,Android
9625,retained,141,116,178,1615,254,0,1647.9,1159.6,18,15,iPhone
9626,retained,51,46,98,1138,69,0,5761.1,4284.3,14,7,Android
9627,retained,40,32,57,2417,194,0,3195.4,1506.7,11,7,iPhone
9628,retained,163,131,312,239,39,0,4949.1,2689.4,31,25,iPhone
9629,retained,36,29,76,80,19,17,3721.2,3013.0,2,2,iPhone
9631,retained,44,35,115,1582,30,0,5913.0,1476.3,12,12,iPhone
9632,retained,121,97,338,996,204,0,1872.8,1508.5,23,17,iPhone
9633,churned,26,21,138,1799,0,40,6746.8,1743.8,20,15,Android
9634,retained,8,8,96,2292,289,71,5864.8,1221.5,5,3,Android
9635,retained,8,8,168,1369,63,0,2014.7,782.2,18,15,iPhone
9636,retained,23,19,46,1626,0,0,3098.6,1474.8,4,4,iPhone
9637,retained,130,104,255,697,0,112,5067.8,3393.2,21,17,Android
9638,retained,3,3,277,2566,84,35,6155.3,2927.1,29,22,iPhone
9639,churned,95,76,331,1902,710,64,2193.0,857.7,18,15,Android
9640,retained,95,83,200,1234,130,159,8527.9,7090.3,24,22,iPhone
9641,churned,74,74,138,535,125,0,4235.6,1518.1,14,7,iPhone
9642,retained,54,44,463,2756,119,0,2402.5,822.7,9,6,Android
9643,churned,177,142,519,458,0,49,3604.1,494.4,16,8,Android
9644,churned,42,42,81,191,180,0,1706.9,198.2,1,0,iPhone
9645,churned,101,81,174,1977,152,91,14138.4,4972.7,4,4,iPhone
9646,retained,3,2,45,1125,35,0,2136.9,1761.3,25,24,iPhone
9647,retained,144,115,257,1598,0,67,2990.8,884.6,31,26,iPhone
9648,retained,134,108,183,1831,294,0,9622.7,1155.6,21,17,iPhone
9649,churned,15,13,81,322,3,0,8459.5,5155.5,9,7,iPhone
9650,retained,100,89,241,2166,300,0,3695.0,2739.1,20,19,iPhone
9651,retained,94,75,120,3489,0,4,3125.0,664.9,28,24,Android
9652,churned,131,105,290,3318,31,0,5730.3,3228.5,11,5,Android
9653,retained,24,21,68,1402,734,15,580.8,457.2,15,7,iPhone
9654,retained,58,58,241,2435,340,13,5679.9,1315.3,3,2,iPhone
9655,retained,162,130,398,1953,0,11,1422.7,1160.1,14,9,iPhone
9656,retained,3,3,70,813,0,14,2298.2,385.8,22,19,Android
9657,retained,109,87,378,3148,8,7,8617.6,5820.5,7,7,iPhone
9658,retained,76,61,103,631,56,0,6141.3,1314.5,6,6,iPhone
9659,retained,26,21,26,1393,63,16,1938.0,951.3,25,19,Android
9660,churned,38,38,320,1172,252,0,6095.6,4595.9,25,20,iPhone
9661,retained,124,103,208,3130,145,0,4331.4,516.5,30,21,iPhone
9662,retained,55,46,153,1213,32,50,5079.9,3277.4,6,6,iPhone
9663,retained,4,4,92,1715,0,117,3878.0,2990.0,14,14,Android
9664,retained,64,53,148,87,186,56,10300.6,4843.2,21,17,iPhone
9665,retained,82,66,111,2295,219,132,4996.6,620.5,8,8,iPhone
9666,retained,160,132,265,3257,31,0,4581.6,2752.4,4,2,Android
9667,retained,67,60,319,1068,444,9,1688.3,110.7,0,0,Android
9668,churned,44,35,123,2642,97,136,4621.6,1657.9,7,7,iPhone
9669,retained,54,44,73,714,171,4,4088.3,593.7,17,14,Android
9670,retained,42,36,106,2233,121,0,2890.4,2140.9,12,8,iPhone
9671,retained,104,84,160,552,45,0,3478.3,2306.8,3,3,iPhone
9672,retained,168,134,452,226,0,0,2120.5,125.7,23,20,iPhone
9673,churned,41,34,48,659,47,60,1876.6,606.7,7,1,iPhone
9674,retained,33,33,128,1485,13,1,2232.8,917.1,18,13,iPhone
9675,retained,312,249,446,2516,210,0,3893.6,471.2,10,10,Android
9676,retained,16,16,49,1707,132,30,2047.7,1640.4,12,5,Android
9677,retained,72,58,108,730,125,4,3057.6,250.0,18,16,iPhone
9678,churned,24,19,245,3028,30,100,3770.5,2702.0,5,1,Android
9679,retained,18,17,60,2569,24,135,4384.5,3274.6,27,24,iPhone
9680,retained,16,16,93,3496,386,133,2178.4,974.2,30,22,Android
9681,churned,173,144,211,868,16,10,3024.7,1350.7,12,7,Android
9682,retained,92,79,108,3257,0,29,3776.5,3097.7,18,13,iPhone
9683,retained,79,63,221,673,65,0,2411.7,1980.5,23,14,iPhone
9684,retained,114,92,116,921,0,0,3537.6,1063.1,2,0,iPhone
9685,retained,49,41,147,3430,24,36,949.5,624.9,4,0,iPhone
9686,retained,5,5,44,3269,198,0,4634.4,1449.3,23,14,iPhone
9687,retained,26,26,35,676,231,80,845.8,635.8,19,17,Android
9688,churned,141,115,183,3387,128,0,3486.7,1406.5,12,9,Android
9689,retained,301,241,513,109,0,0,4590.8,1210.2,18,14,iPhone
9690,retained,145,117,298,1308,4,0,3461.8,1683.1,13,6,Android
9691,retained,48,39,90,2196,9,100,3671.2,2219.3,11,11,iPhone
9692,churned,2,2,53,2902,127,14,10712.3,4909.4,7,1,Android
9693,churned,31,25,80,1770,0,135,7639.7,1196.9,1,0,iPhone
9694,churned,65,58,192,1407,37,0,7498.1,3448.9,14,9,Android
9695,retained,28,23,141,226,73,0,1944.6,1379.9,5,5,iPhone
9696,retained,52,43,66,1524,0,5,2837.8,1296.5,17,12,Android
9697,retained,17,14,79,1430,0,45,1446.5,566.8,22,17,Android
9698,churned,188,151,191,969,222,0,3599.8,2655.9,1,1,iPhone
9699,retained,170,137,555,978,147,12,7420.4,318.1,30,27,Android
9700,retained,235,188,238,1085,294,0,3020.7,375.0,27,20,iPhone
9701,churned,31,31,60,1578,15,0,3883.1,2475.8,12,10,iPhone
9703,retained,3,3,161,1726,261,0,2153.1,1704.3,2,0,Android
9704,retained,7,6,7,1916,0,14,5253.9,1513.8,18,11,iPhone
9705,retained,207,167,421,1927,192,75,1789.1,761.7,12,9,iPhone
9706,retained,11,9,21,2511,2,0,2697.0,1931.5,31,22,iPhone
9707,retained,83,66,265,668,0,91,2476.7,1020.4,25,17,iPhone
9709,retained,65,65,317,1490,0,21,1842.8,1106.5,17,9,iPhone
9710,retained,1,1,126,1591,60,4,1674.3,333.8,28,18,iPhone
9711,retained,4,4,23,1672,248,0,6348.0,3319.0,17,10,Android
9712,churned,45,40,127,267,160,0,3888.0,2832.3,15,14,iPhone
9713,retained,26,23,123,1143,289,0,3760.8,2844.5,27,22,iPhone
9714,retained,51,51,189,2707,0,136,3961.6,2177.8,16,15,iPhone
9715,retained,272,218,440,930,187,74,8992.5,6487.5,23,21,iPhone
9716,churned,68,55,77,11,591,2,6293.1,1866.1,4,4,iPhone
9717,retained,78,65,191,48,9,0,4876.0,3972.2,30,28,iPhone
9718,retained,61,49,97,1051,0,0,3185.6,584.5,21,16,Android
9719,churned,127,127,210,1772,18,13,3915.5,519.5,3,3,iPhone
9720,retained,101,82,211,2460,47,15,7781.1,3123.4,5,5,Android
9721,retained,143,120,338,2682,37,80,3386.4,1849.8,30,20,iPhone
9722,retained,99,80,204,953,307,0,2279.2,1075.2,26,20,Android
9723,retained,186,150,218,3353,0,84,8610.9,5438.5,23,15,iPhone
9724,retained,78,64,102,2918,0,130,4229.9,1639.1,28,22,Android
9725,retained,39,31,321,2856,119,0,1691.2,1391.9,24,17,Android
9726,retained,194,160,493,228,117,87,2782.9,1838.2,30,26,iPhone
9727,retained,124,99,136,3392,72,65,2228.0,693.6,22,19,iPhone
9728,retained,242,195,378,428,8,5,2124.9,1023.8,6,6,iPhone
9729,retained,298,242,591,3489,625,148,1884.3,1156.6,1,1,iPhone
9730,retained,223,178,257,2407,90,0,721.2,592.1,6,3,Android
9731,retained,24,21,36,3494,103,0,2897.5,1214.6,7,7,iPhone
9732,retained,61,50,193,1534,72,0,9265.7,1258.0,21,21,iPhone
9733,retained,8,8,112,22,152,0,4998.5,3583.4,22,18,iPhone
9734,retained,46,42,202,2670,3,0,5871.8,2455.6,4,0,Android
9735,retained,13,10,55,1665,146,10,3930.1,1462.7,3,3,Android
9736,retained,84,71,333,610,231,52,6302.0,4109.6,20,16,iPhone
9738,retained,8,7,11,827,379,0,6816.7,634.3,15,11,Android
9739,retained,105,84,126,2948,0,52,4796.7,2097.9,11,10,iPhone
9740,retained,103,82,137,888,37,0,2491.8,1377.0,30,24,iPhone
9741,retained,70,61,554,536,115,127,3489.5,2238.0,27,25,Android
9742,retained,22,19,175,3120,898,0,8495.6,2596.8,1,1,iPhone
9743,retained,16,16,173,2697,0,0,4975.5,2538.0,3,3,Android
9744,retained,50,40,199,1696,34,12,1466.8,1001.9,29,22,Android
9745,retained,126,101,244,2751,0,108,6504.5,4386.9,13,12,Android
9746,retained,219,175,248,2631,15,69,1378.3,432.6,8,8,Android
9747,retained,9,7,32,2359,26,11,1040.9,205.0,4,0,iPhone
9748,retained,60,48,124,46,13,3,2599.5,1454.0,25,23,Android
9749,retained,128,104,411,3364,188,18,3273.0,1412.3,4,4,iPhone
9750,churned,30,28,112,572,0,7,3854.6,2356.9,2,0,Android
9751,retained,292,239,358,3500,71,23,1953.4,518.6,7,5,iPhone
9753,churned,191,153,338,2394,147,10,5146.1,3630.8,20,12,iPhone
9754,churned,107,88,115,232,237,166,5564.4,4031.0,7,7,iPhone
9755,retained,33,27,83,2076,0,0,5697.2,2366.3,28,22,iPhone
9756,retained,22,22,27,2096,454,16,2180.0,977.3,4,0,iPhone
9757,retained,122,98,183,1107,46,0,2678.7,919.8,20,14,iPhone
9758,churned,54,44,233,142,19,147,1076.8,882.7,4,1,Android
9759,retained,14,12,137,1117,27,0,2818.6,1138.1,22,19,Android
9760,retained,87,70,124,1370,9,115,5835.7,3559.0,15,7,Android
9761,retained,226,226,709,638,0,88,1651.0,980.9,11,5,Android
9762,retained,20,20,45,3223,66,88,1456.4,877.9,26,19,iPhone
9763,retained,25,20,381,735,6,0,11840.8,9130.4,17,15,iPhone
9764,retained,77,65,132,1158,63,0,7194.0,165.7,28,18,iPhone
9765,retained,47,38,77,966,0,200,2167.8,380.5,22,18,iPhone
9766,retained,16,16,365,2479,95,120,2621.1,1616.2,2,2,Android
9767,retained,50,41,188,3076,0,0,2794.3,921.8,28,20,Android
9768,retained,137,113,337,2785,606,25,3791.8,1383.8,10,4,Android
9769,retained,136,110,156,912,39,69,3294.4,962.7,11,4,Android
9770,retained,152,122,180,2396,52,36,4006.2,2080.5,10,3,Android
9771,retained,608,514,772,3280,218,0,2783.9,783.4,29,28,iPhone
9772,retained,46,37,138,446,92,73,7055.6,2479.1,18,15,Android
9773,retained,32,32,47,2143,153,0,2282.5,1318.3,4,1,iPhone
9774,retained,80,64,180,2229,48,0,5423.9,1088.7,17,11,Android
9775,retained,5,4,138,975,449,99,4951.9,3327.9,19,18,Android
9776,retained,31,25,59,733,551,33,3490.4,2594.8,14,7,iPhone
9777,retained,0,0,8,1121,439,0,2706.0,170.1,7,6,iPhone
9778,retained,13,13,113,3494,85,119,5542.0,1752.6,23,21,iPhone
9779,retained,25,21,35,2087,88,110,6793.9,4995.6,20,18,iPhone
9780,retained,57,46,72,2869,0,33,2224.6,875.8,16,15,iPhone
9781,retained,30,24,395,653,220,0,1841.3,361.9,11,5,iPhone
9782,retained,104,86,106,3486,0,0,1462.8,739.9,29,21,iPhone
9783,retained,83,83,90,1051,160,0,7948.0,4152.1,28,18,Android
9784,retained,151,132,297,128,79,0,3621.5,1520.8,8,2,iPhone
9785,retained,17,15,34,1394,326,7,1789.8,1486.0,18,10,iPhone
9786,retained,66,66,170,293,180,78,1544.9,862.9,29,24,Android
9787,retained,35,28,62,211,341,0,9538.2,5689.7,5,2,Android
9788,retained,19,15,343,183,80,30,2688.8,1384.0,17,15,iPhone
9790,retained,145,116,154,2449,82,190,7000.7,2130.7,19,17,Android
9791,retained,20,16,441,2469,81,16,3379.6,2177.2,31,22,iPhone
9792,churned,39,32,344,137,4,34,3502.4,2323.9,8,8,iPhone
9793,retained,52,43,90,1860,188,0,4825.9,3465.7,28,25,iPhone
9794,churned,1,1,208,1673,0,0,10604.3,8502.1,7,3,Android
9795,retained,119,95,200,1576,236,8,7537.3,5083.3,13,13,iPhone
9797,retained,590,472,677,3285,29,0,8172.3,1200.0,29,23,Android
9798,retained,83,66,216,777,549,0,4822.0,3614.0,28,25,iPhone
9799,retained,215,174,411,1592,161,137,1058.6,865.3,11,4,iPhone
9800,retained,12,10,130,2805,76,0,2855.5,1007.4,26,20,Android
9801,retained,126,101,203,3429,270,31,2779.3,1976.6,7,7,iPhone
9802,retained,45,45,86,1504,153,0,8006.0,823.9,25,19,iPhone
9803,retained,19,15,72,1758,0,0,2320.0,890.5,18,18,Android
9804,retained,238,196,319,326,173,11,2781.4,1996.2,29,19,iPhone
9805,retained,96,78,234,3248,0,0,5049.2,1033.6,18,14,iPhone
9806,retained,40,34,276,930,435,45,4193.6,1621.9,18,10,iPhone
9808,retained,12,12,34,1176,8,0,10508.9,2144.1,10,8,Android
9809,churned,33,28,123,2333,364,11,5072.6,1552.9,9,9,iPhone
9810,churned,6,6,108,938,92,24,4830.6,1870.2,2,0,iPhone
9812,retained,176,141,359,751,236,0,8512.5,5146.0,18,12,iPhone
9813,retained,11,11,450,2872,18,0,2468.9,546.0,23,20,Android
9814,churned,33,26,45,470,48,0,1418.7,777.1,23,18,iPhone
9815,retained,138,111,325,2649,148,0,4452.5,3615.5,15,15,iPhone
9816,retained,328,263,442,778,18,10,2136.4,902.4,8,2,Android
9817,churned,53,44,167,583,76,298,5969.1,4750.1,4,4,Android
9818,retained,52,52,263,3429,207,124,3539.8,1478.8,25,23,iPhone
9819,retained,139,118,177,2254,38,0,5706.6,4102.6,24,16,Android
9820,retained,96,77,235,895,122,0,5454.5,2045.7,4,4,iPhone
9821,retained,347,280,533,2733,455,48,4985.9,3746.8,4,3,iPhone
9822,churned,212,170,272,3101,456,59,2601.4,548.5,1,1,iPhone
9823,retained,6,5,125,1151,0,63,6505.7,4470.3,12,12,iPhone
9824,retained,28,22,68,675,537,11,1453.2,1104.3,14,14,iPhone
9825,retained,37,31,123,1440,14,12,2109.2,1661.1,28,23,Android
9826,retained,27,27,158,1957,26,0,4156.1,2111.1,14,14,iPhone
9827,churned,124,100,182,468,0,6,12632.9,1802.3,11,9,iPhone
9828,retained,71,57,513,250,119,0,3526.5,288.7,13,8,iPhone
9829,retained,9,9,35,2745,0,0,2157.2,575.8,18,10,iPhone
9830,churned,409,328,510,878,70,31,2342.0,1012.1,23,20,iPhone
9831,retained,78,78,91,1742,97,14,2899.5,1823.6,18,18,iPhone
9832,churned,7,7,394,460,13,11,6396.5,2227.0,2,1,iPhone
9833,retained,98,80,249,3297,147,7,10918.3,4218.1,31,21,Android
9834,retained,9,8,119,1267,163,2,2901.9,1171.0,5,5,Android
9835,retained,45,45,341,2412,0,0,3245.1,1503.4,2,1,Android
9836,churned,352,286,403,2903,411,139,544.9,453.5,1,0,iPhone
9837,churned,5,4,15,1906,540,23,2407.0,1275.1,3,3,iPhone
9838,churned,165,132,560,2147,74,0,6265.0,5073.8,0,0,iPhone
9839,churned,25,22,58,3379,0,16,2124.6,1412.7,21,14,iPhone
9840,retained,210,168,239,536,0,0,1711.7,1105.5,11,5,iPhone
9841,retained,16,16,37,3229,212,0,2054.0,889.1,18,17,iPhone
9842,retained,245,206,471,1651,56,55,3412.1,1795.8,25,22,iPhone
9843,retained,9,7,26,26,0,2,8648.4,6444.0,11,5,iPhone
9844,churned,145,116,158,3414,373,24,2275.6,1703.4,1,0,Android
9845,retained,38,34,174,3202,32,0,3079.6,2070.5,21,12,iPhone
9846,retained,216,185,282,1771,47,5,3966.2,1526.5,30,24,Android
9847,retained,188,154,506,2412,36,11,779.7,523.4,25,23,iPhone
9848,churned,4,4,235,538,118,0,1430.7,272.7,2,2,iPhone
9850,churned,134,134,171,554,438,37,2681.8,1076.3,16,16,Android
9851,retained,40,33,63,442,49,81,4297.2,2606.3,11,9,iPhone
9852,retained,100,81,145,1474,366,21,2369.3,831.9,21,19,iPhone
9853,churned,12,10,104,3290,72,0,2106.6,1602.8,6,1,Android
9854,retained,81,65,637,2152,56,73,12210.6,5390.2,19,13,iPhone
9855,retained,27,22,115,2768,0,0,2449.6,1203.6,6,6,iPhone
9856,retained,68,54,175,484,171,36,4731.9,2736.5,29,23,Android
9857,churned,100,80,103,3171,457,0,2774.5,1467.6,22,18,iPhone
9858,retained,30,30,113,2314,175,34,4508.1,2928.9,20,14,iPhone
9859,retained,115,97,143,982,103,22,5215.7,3636.2,10,10,iPhone
9860,retained,109,88,153,2234,0,40,4869.8,1010.7,26,21,iPhone
9861,retained,71,70,217,696,0,70,3823.2,2207.4,29,25,Android
9862,retained,34,30,37,183,0,30,4146.5,2464.6,5,5,iPhone
9863,churned,44,35,317,1731,170,0,5175.5,1363.4,7,6,iPhone
9864,retained,44,44,168,267,67,4,6413.2,477.0,14,9,Android
9865,churned,54,45,129,2204,63,0,3393.3,2265.1,26,20,iPhone
9866,retained,21,19,109,2673,78,0,4528.3,2272.6,21,18,iPhone
9867,churned,14,13,147,2108,204,0,12840.3,8773.0,6,2,Android
9868,retained,31,31,98,2817,111,0,9658.6,3315.8,21,21,iPhone
9869,retained,41,33,52,1590,175,45,3943.9,2488.8,1,1,Android
9870,churned,19,19,122,3345,18,0,4880.3,1433.0,2,0,iPhone
9871,retained,51,41,87,3356,265,0,1671.7,1254.9,2,1,Android
9872,retained,205,166,347,2994,56,59,3066.0,606.2,5,2,iPhone
9874,retained,40,33,388,2847,146,0,2600.2,655.9,12,11,Android
9875,retained,247,197,341,1951,223,0,5636.0,749.5,27,22,iPhone
9876,retained,116,116,342,3119,143,28,1742.1,625.8,7,2,Android
9877,retained,52,42,211,854,0,6,4278.2,2304.5,1,1,Android
9878,retained,107,87,392,1163,0,12,3980.6,2002.5,23,23,iPhone
9879,retained,12,10,50,1802,164,5,5179.5,2058.4,4,4,iPhone
9880,retained,89,71,104,2541,47,0,3695.5,2898.1,13,11,iPhone
9881,retained,31,28,558,2851,414,7,515.9,181.4,3,3,Android
9882,retained,9,9,95,1829,174,13,1764.0,784.4,1,1,iPhone
9883,retained,2,2,84,2404,230,98,1833.3,1521.5,2,2,iPhone
9884,retained,21,18,66,692,104,20,3588.4,1752.1,21,19,Android
9885,churned,36,30,65,2170,8,0,4067.0,3357.5,30,24,Android
9886,retained,13,11,126,1467,0,0,2485.6,1045.6,5,0,Android
9887,retained,1,1,79,2681,0,0,3506.1,1981.9,1,1,Android
9888,retained,5,4,70,466,41,23,2711.7,411.4,23,22,Android
9889,retained,1,1,26,2901,28,0,1173.8,776.4,9,6,iPhone
9890,retained,47,45,129,2971,0,70,3232.8,2187.0,5,1,iPhone
9891,retained,58,58,67,268,12,3,6247.2,1462.9,29,19,Android
9892,retained,11,11,70,1957,1,56,3799.2,2246.9,25,23,iPhone
9893,retained,18,18,22,1273,34,17,1477.0,864.2,20,18,iPhone
9894,retained,24,24,253,998,66,6,2445.2,969.0,20,19,iPhone
9895,retained,375,301,464,1689,330,0,1684.3,1274.7,28,23,iPhone
9896,churned,2,2,63,3329,4,14,3558.0,1585.1,4,0,iPhone
9897,retained,132,105,142,911,0,76,8226.7,4610.9,29,21,Android
9898,retained,6,5,51,1967,113,31,15357.8,1753.7,7,1,iPhone
9899,retained,287,238,369,2939,16,33,4010.2,2639.5,17,16,Android
9900,retained,2,2,314,3424,413,30,1774.4,830.1,21,20,iPhone
9902,retained,94,76,109,1754,126,38,2996.6,2147.2,5,4,iPhone
9903,retained,6,5,121,3338,123,0,1307.1,938.6,10,7,iPhone
9904,churned,18,15,96,59,82,24,5992.2,1767.5,12,6,Android
9905,retained,84,67,102,69,26,87,2848.8,1981.1,18,14,iPhone
9906,retained,4,3,31,3488,47,12,2419.0,1056.0,6,1,Android
9907,retained,5,4,17,3066,69,0,6375.9,3048.6,3,1,Android
9908,retained,32,32,90,3488,44,0,6287.6,1417.1,23,18,iPhone
9909,churned,28,24,371,1017,0,8,3867.7,2229.9,26,23,Android
9910,retained,164,132,345,2485,332,0,6145.7,4032.5,31,23,iPhone
9911,churned,226,215,290,262,214,21,2288.1,1859.2,14,8,Android
9912,retained,17,17,84,2816,16,15,2643.4,1424.5,26,23,Android
9913,retained,12,12,131,782,114,0,10294.8,6791.1,20,12,Android
9914,retained,30,24,119,821,527,11,881.3,577.0,20,20,Android
9915,churned,393,315,495,1027,0,161,2332.8,905.6,7,3,iPhone
9917,retained,43,36,585,2539,226,0,1634.9,1120.9,8,4,iPhone
9918,retained,49,39,114,51,0,0,4656.2,749.7,24,17,iPhone
9920,retained,98,79,259,1487,163,99,1764.4,793.0,17,10,iPhone
9921,retained,99,80,150,2105,0,12,6027.7,1133.2,8,6,Android
9922,retained,12,11,84,885,86,32,3610.9,541.8,6,1,Android
9923,retained,24,19,33,1335,515,51,1233.6,840.5,8,5,iPhone
9924,retained,36,32,65,283,0,0,5146.9,2691.4,27,26,Android
9925,retained,43,34,349,1443,92,90,2750.2,706.8,5,5,iPhone
9926,retained,30,27,73,829,129,23,3649.8,2800.1,16,8,iPhone
9927,retained,54,53,105,1809,145,0,9278.0,7521.1,12,6,iPhone
9928,retained,299,239,306,2269,0,59,2519.6,2026.1,14,11,Android
9930,retained,40,33,141,2656,38,18,1152.4,596.2,21,13,iPhone
9931,churned,23,19,57,824,23,38,2241.9,506.7,8,8,iPhone
9932,churned,54,43,215,1523,81,0,15849.4,5360.1,25,23,iPhone
9933,retained,6,5,404,3495,175,6,9010.7,6927.8,0,0,Android
9934,retained,73,73,110,2205,37,0,6153.8,3436.2,17,11,Android
9935,retained,205,173,328,1520,122,78,2715.9,1846.1,18,17,Android
9936,retained,82,82,186,2135,13,43,3566.0,562.0,7,7,iPhone
9937,retained,0,0,489,94,47,0,5571.2,4449.8,7,7,iPhone
9938,retained,35,28,251,2295,82,29,6887.2,3527.7,7,7,iPhone
9939,churned,52,43,141,1118,58,0,3730.4,2815.0,10,10,iPhone
9940,churned,74,59,104,2710,53,69,2630.7,1549.0,25,16,Android
9941,retained,95,77,157,615,158,39,3075.9,424.1,2,2,Android
9942,retained,86,75,101,3172,149,0,851.8,358.7,18,14,Android
9943,churned,10,10,135,2378,152,0,7044.9,2120.4,9,6,iPhone
9944,retained,39,34,55,3001,222,0,2308.5,1567.5,19,16,iPhone
9945,churned,23,22,57,2012,373,131,4851.3,3024.9,7,5,iPhone
9946,retained,297,238,404,2174,525,46,11363.4,1761.7,27,20,iPhone
9947,retained,13,13,148,3193,108,0,866.6,376.9,3,0,Android
9948,retained,45,42,76,1424,393,2,3128.7,526.8,17,11,iPhone
9949,retained,211,169,325,2976,7,36,3682.0,2780.6,9,3,iPhone
9950,retained,78,62,205,1603,322,3,5903.8,2839.3,28,18,Android
9951,retained,162,146,180,3254,184,9,8878.6,1450.8,9,7,iPhone
9953,retained,54,43,212,2465,53,90,1732.4,744.0,5,2,Android
9954,retained,151,121,298,1880,4,15,2151.8,1168.0,26,16,iPhone
9955,retained,92,77,100,839,42,38,5176.7,3394.8,20,14,iPhone
9956,retained,76,68,168,1087,37,14,7508.5,5569.7,3,0,iPhone
9957,retained,33,27,68,2449,2,20,6591.3,4553.2,17,10,iPhone
9958,retained,433,346,619,964,0,0,2667.5,683.0,29,28,iPhone
9959,retained,47,47,468,2977,39,0,2671.7,874.0,25,16,iPhone
9960,retained,87,70,123,792,11,132,849.3,602.8,12,7,Android
9961,retained,69,55,109,2837,311,58,7962.6,4724.2,22,20,Android
9962,retained,230,184,336,1723,282,1,2948.4,2263.8,2,0,iPhone
9964,retained,79,64,142,1486,27,0,1551.6,806.3,0,0,iPhone
9965,retained,58,53,120,1042,575,7,3506.5,1769.5,16,11,iPhone
9966,retained,331,265,507,2261,0,23,2372.8,498.5,4,3,iPhone
9967,churned,100,80,101,3231,19,0,1990.2,1328.9,22,21,iPhone
9968,retained,43,43,84,3303,74,81,1514.8,977.8,3,0,iPhone
9969,retained,54,43,193,1292,49,0,4886.2,2184.6,18,15,iPhone
9970,retained,61,50,296,3254,278,55,920.8,494.0,16,13,Android
9971,retained,30,25,32,284,61,0,3514.5,504.9,27,23,iPhone
9972,retained,101,81,159,2714,512,0,2281.7,1778.9,16,12,iPhone
9973,retained,153,122,209,272,382,0,6612.8,5188.8,31,23,Android
9974,retained,41,34,88,2971,764,15,4162.1,2980.0,31,22,iPhone
9975,retained,57,50,301,1606,167,117,1127.0,505.7,18,14,iPhone
9976,retained,93,78,359,875,193,32,1138.6,938.9,28,21,iPhone
9977,churned,46,38,394,2056,162,8,2600.9,2046.6,11,11,Android
9978,retained,27,23,30,2629,196,6,1657.4,919.1,4,3,Android
9979,retained,2,2,56,3166,0,0,11650.5,3227.0,19,18,iPhone
9980,retained,42,36,49,2139,61,28,2675.5,1928.8,12,8,iPhone
9981,churned,3,3,5,2237,0,12,4512.3,1777.2,13,11,iPhone
9982,retained,32,31,467,227,245,13,8585.5,4518.8,15,11,iPhone
9983,retained,94,77,138,3073,267,105,8009.6,2526.9,29,18,Android
9984,retained,67,55,180,2085,80,1,2790.0,774.5,28,19,Android
9985,retained,4,4,72,513,0,44,2657.4,283.4,26,23,iPhone
9986,retained,82,66,102,969,0,0,7769.5,2448.2,15,12,iPhone
9987,retained,23,19,341,1814,518,111,2771.4,841.0,2,2,Android
9988,churned,189,182,310,3467,16,0,2855.8,2273.0,15,11,iPhone
9989,retained,14,11,27,1420,68,83,8345.3,3436.3,20,11,iPhone
9990,retained,309,250,595,2631,93,0,2094.1,1017.1,6,2,Android
9991,retained,164,131,221,1259,79,0,958.1,517.4,1,0,iPhone
9992,churned,62,50,198,1234,0,96,7200.2,5340.9,12,12,iPhone
9993,retained,21,17,185,2781,0,38,2541.7,2054.5,1,0,iPhone
9994,retained,4,4,27,2472,33,185,3422.5,2024.3,10,9,Android
9995,churned,40,33,96,679,184,0,4008.3,1450.1,2,2,Android
9996,retained,27,27,37,2637,45,0,669.3,339.0,14,6,iPhone
9997,retained,80,64,374,919,45,0,4854.5,3594.5,14,9,Android
9998,retained,152,137,445,1772,143,0,3479.1,1123.9,17,14,iPhone
9999,retained,207,167,218,3473,747,0,4453.0,3473.8,17,16,iPhone
10000,retained,68,56,130,441,0,9,5843.1,2191.6,9,8,iPhone
10001,retained,17,17,71,3425,363,0,6985.0,1456.6,1,1,iPhone
10002,retained,9,8,69,1636,110,31,4613.9,1421.4,27,20,iPhone
10004,retained,12,10,85,2093,57,33,2553.9,2068.6,1,1,Android
10005,retained,14,14,145,3301,58,91,2363.9,1659.6,10,10,Android
10006,retained,58,47,630,2238,0,6,5486.7,2225.2,13,13,iPhone
10007,retained,39,39,292,3263,0,0,4344.2,2021.4,9,6,iPhone
10008,retained,269,218,463,3427,54,0,2365.5,1214.4,20,15,iPhone
10009,retained,67,60,261,1998,7,0,5624.2,1438.8,11,4,iPhone
10010,retained,21,17,475,3250,134,0,2391.6,1348.5,26,21,iPhone
10011,retained,194,158,346,3317,0,0,1995.5,1229.0,29,19,Android
10012,retained,140,112,385,1546,59,0,3273.5,1721.7,4,1,Android
10013,retained,75,75,128,2361,15,31,4221.8,3158.2,5,0,iPhone
10015,retained,16,14,20,1497,50,0,1711.8,590.1,30,23,Android
10016,retained,55,45,133,2479,16,100,5566.3,3198.9,18,12,Android
10017,churned,2,2,23,2937,303,34,7019.5,4113.9,11,11,Android
10018,churned,183,183,227,1803,23,246,1625.1,403.2,5,5,iPhone
10019,retained,93,75,155,414,127,0,3743.7,2684.5,19,14,iPhone
10020,churned,38,31,61,1083,183,0,4871.3,3579.6,15,11,iPhone
10021,churned,152,122,234,489,285,0,4712.4,3705.0,6,6,Android
10022,retained,7,7,51,2735,33,26,2831.6,1242.1,13,9,iPhone
10023,retained,51,45,707,2982,178,0,3909.8,937.3,28,24,iPhone
10024,retained,2,2,163,437,38,72,1298.2,1059.1,28,21,Android
10025,retained,68,54,565,3045,421,0,6882.7,2918.9,22,15,iPhone
10026,retained,6,5,25,1180,161,2,9990.4,1227.0,16,11,iPhone
10027,retained,6,6,82,2150,102,0,6121.5,1387.4,25,19,iPhone
10028,churned,1,1,48,2761,14,0,2576.0,1695.8,8,1,Android
10029,retained,109,87,124,270,13,20,3692.3,1152.8,1,0,iPhone
10030,retained,20,16,103,1478,232,0,1787.2,1151.2,15,14,Android
10031,retained,4,4,270,43,68,0,4174.3,3296.2,15,11,iPhone
10032,retained,23,23,190,2716,415,0,1761.3,724.1,17,10,iPhone
10033,churned,111,91,396,1388,333,0,4488.6,2337.1,11,4,iPhone
10034,retained,39,32,73,2939,69,0,1327.0,1029.7,3,3,Android
10035,retained,55,51,73,3196,165,0,4153.1,1078.6,24,22,iPhone
10036,retained,55,46,297,1066,35,0,4488.5,2385.5,26,24,iPhone
10037,retained,19,17,66,2629,56,0,2196.3,835.8,5,0,iPhone
10038,retained,22,22,59,1049,38,87,4779.9,657.3,25,22,iPhone
10039,retained,123,99,161,725,0,29,1098.4,635.0,15,15,iPhone
10040,retained,34,27,37,1331,162,11,4682.0,2768.4,31,25,iPhone
10041,retained,5,5,146,739,95,94,2152.9,831.7,16,16,iPhone
10042,retained,28,23,102,160,62,0,2992.7,1518.1,14,7,iPhone
10043,retained,60,48,251,2350,5,49,3377.5,2516.9,14,10,iPhone
10044,retained,42,33,67,1204,28,60,4424.4,2982.4,13,9,Android
10045,retained,309,247,451,1642,0,96,2694.8,1674.4,9,8,iPhone
10046,retained,49,40,225,3282,121,21,2509.8,2069.7,12,12,iPhone
10047,retained,22,19,27,2876,158,0,3141.7,1335.5,26,17,iPhone
10048,retained,47,38,250,2382,161,102,3762.0,1567.6,26,24,iPhone
10049,churned,44,44,83,1968,305,0,7713.5,3343.1,6,6,iPhone
10050,retained,68,68,107,1766,78,0,5608.0,697.9,10,6,Android
10051,retained,105,85,413,3211,17,80,3917.9,1682.5,24,22,iPhone
10052,retained,12,10,45,3066,256,33,2132.5,160.1,1,0,Android
10053,retained,131,110,175,1334,52,30,2440.1,1527.1,26,16,Android
10054,retained,226,221,259,1064,89,0,2926.9,1356.4,11,8,Android
10055,retained,83,67,138,3241,133,0,1078.4,641.2,13,13,iPhone
10056,retained,45,37,95,2572,85,17,3754.4,939.0,20,20,iPhone
10057,retained,19,15,215,2699,0,51,9641.1,24.5,21,21,iPhone
10058,retained,18,18,76,811,0,6,10952.1,4096.7,19,12,Android
10059,retained,77,62,221,2893,168,31,7617.7,1528.5,20,20,iPhone
10060,retained,71,63,74,2504,374,23,3847.0,2425.8,24,14,iPhone
10061,retained,28,23,94,3344,6,0,2626.4,1615.9,14,14,iPhone
10062,retained,96,77,376,2894,0,16,1434.5,199.8,29,21,iPhone
10063,retained,39,39,46,2093,95,42,8318.6,4336.8,25,25,iPhone
10064,retained,199,159,293,1681,103,0,797.6,190.3,4,4,Android
10065,retained,87,74,148,200,733,24,1630.9,863.9,30,29,iPhone
10066,retained,61,49,61,486,0,99,6939.5,5191.9,29,20,iPhone
10067,retained,257,207,448,2726,55,62,5349.5,3581.2,23,17,iPhone
10068,retained,337,269,596,2873,27,15,1604.9,245.6,19,17,Android
10069,retained,126,105,127,3384,0,0,3187.9,1899.4,4,3,iPhone
10070,retained,66,53,202,3202,181,51,1952.7,1049.8,28,18,iPhone
10071,retained,3,2,50,3162,193,0,1604.5,1150.9,4,4,Android
10072,retained,32,32,172,1213,59,99,2234.4,299.5,5,3,iPhone
10073,churned,22,18,71,403,277,0,2207.2,1684.9,0,0,iPhone
10075,churned,38,31,195,451,0,0,2895.6,1151.7,3,3,iPhone
10076,retained,114,101,177,3144,65,161,2248.1,1134.4,30,19,Android
10077,churned,31,31,101,1347,98,0,1951.6,1307.2,12,12,iPhone
10078,retained,69,57,178,156,201,56,2097.0,618.8,7,2,iPhone
10079,retained,181,147,190,2626,0,0,4440.0,2350.2,5,5,iPhone
10080,churned,1,1,53,2982,49,0,2222.5,1192.2,12,5,iPhone
10081,retained,79,64,427,1178,72,52,2294.6,860.4,14,9,iPhone
10082,retained,95,80,262,2626,482,0,1613.3,1090.3,29,26,iPhone
10083,retained,15,15,26,3178,273,37,4105.4,2507.7,28,25,iPhone
10084,retained,42,35,144,2426,50,0,2869.6,1013.1,6,0,iPhone
10085,retained,207,166,222,879,25,0,3663.4,2951.3,28,25,iPhone
10086,retained,18,18,289,1226,73,0,2158.2,1151.6,12,8,iPhone
10087,retained,7,7,21,3221,650,119,10750.5,2530.4,10,8,Android
10088,retained,83,75,90,2166,422,11,6762.7,2528.8,21,21,Android
10089,retained,49,47,226,1651,0,0,6759.3,2291.2,19,13,Android
10090,retained,101,81,210,1235,0,6,5243.1,3509.3,1,1,Android
10091,retained,2,2,160,465,382,55,5779.5,3413.0,18,10,Android
10092,retained,84,68,211,1399,0,0,2330.1,1346.7,16,10,iPhone
10093,retained,202,162,497,3273,0,0,6616.3,1077.4,9,9,Android
10094,retained,96,85,172,3089,0,46,1205.5,514.3,20,19,iPhone
10096,retained,6,6,13,3294,0,0,2578.1,2025.5,18,13,iPhone
10097,retained,62,62,168,2161,103,0,3827.7,2728.4,24,23,Android
10098,churned,260,208,615,2722,280,166,2839.9,1610.6,6,4,iPhone
10100,churned,14,13,158,323,0,0,2322.7,1502.2,15,9,Android
10101,retained,48,39,137,1602,759,0,3880.9,3083.7,30,19,iPhone
10102,churned,20,20,105,2064,0,0,10114.4,5697.5,27,22,iPhone
10103,retained,113,91,220,2976,393,0,5945.5,2956.6,25,17,iPhone
10104,retained,177,142,208,2583,11,255,3368.8,525.1,21,17,Android
10105,churned,103,82,140,344,281,14,2987.8,2357.2,18,15,iPhone
10106,retained,39,34,74,3473,88,43,3556.4,1905.1,26,18,iPhone
10107,retained,2,2,92,1240,0,0,2879.5,1396.7,19,18,Android
10108,retained,38,31,254,1526,1,0,9023.1,6683.0,1,0,iPhone
10109,retained,37,29,235,47,46,11,6310.6,1071.8,19,12,iPhone
10110,retained,14,11,32,429,119,177,2114.2,1131.0,29,28,iPhone
10111,churned,15,12,196,576,473,49,9694.0,503.1,5,5,iPhone
10112,retained,5,4,103,939,0,0,4360.8,3482.0,1,0,iPhone
10113,retained,128,102,140,1369,597,30,4849.9,3208.1,14,13,iPhone
10114,retained,32,27,33,52,463,46,3191.1,455.6,28,24,Android
10115,retained,291,264,511,2513,199,0,2784.1,1729.9,19,16,Android
10116,retained,83,70,291,3059,100,0,6678.6,3500.7,14,8,Android
10117,retained,164,148,176,1366,416,0,6013.4,249.1,17,17,iPhone
10118,retained,26,23,28,2007,311,0,1139.8,393.1,14,9,Android
10119,retained,117,94,150,1489,630,2,6910.1,816.8,2,0,Android
10120,retained,24,20,146,2609,222,155,4038.2,2781.2,19,18,Android
10121,retained,10,10,99,93,89,0,1296.0,80.3,17,17,Android
10122,retained,0,0,8,3071,58,0,3384.5,759.8,27,23,iPhone
10123,retained,20,16,139,2027,116,63,1385.7,980.4,27,21,Android
10124,retained,40,33,133,1766,84,0,3601.8,2946.7,24,22,Android
10125,retained,4,4,7,2191,253,17,2791.4,1610.4,6,6,Android
10126,retained,50,40,237,1468,14,36,3686.6,645.3,10,9,iPhone
10127,retained,53,43,239,1721,138,101,5656.4,1280.9,5,5,Android
10128,retained,39,32,144,1123,108,4,5080.2,2682.3,5,1,iPhone
10129,retained,256,207,330,2505,136,7,3173.1,1650.1,31,22,iPhone
10130,retained,213,171,314,2352,0,9,1083.4,790.8,29,28,Android
10131,churned,52,42,247,2908,380,0,2931.6,1260.4,15,14,iPhone
10132,retained,58,47,73,42,202,34,2282.0,1149.2,10,6,Android
10133,retained,52,42,103,1488,117,4,4263.0,3062.6,18,12,Android
10134,churned,58,48,203,443,99,0,6069.9,2811.6,22,20,iPhone
10135,churned,158,136,204,2044,45,151,2705.2,2120.2,21,18,iPhone
10136,retained,81,66,158,1796,264,0,3211.8,329.1,0,0,Android
10137,retained,38,31,128,1780,269,80,4321.6,2706.2,28,19,Android
10138,retained,92,75,230,775,100,59,3324.2,1216.4,16,16,Android
10139,churned,21,21,271,1449,266,8,5783.1,1181.1,0,0,Android
10140,retained,14,14,197,493,1,23,7131.2,3889.7,15,15,Android
10141,retained,33,28,107,606,28,86,6714.3,2242.3,28,26,Android
10142,retained,15,12,18,2059,22,0,4146.2,2851.2,31,23,Android
10144,retained,29,25,41,527,151,0,864.8,531.7,4,4,Android
10145,retained,13,11,127,1729,62,56,2506.5,191.9,25,24,iPhone
10146,retained,31,25,74,1285,34,0,1774.2,1092.0,26,17,iPhone
10147,retained,12,12,102,2385,74,14,3769.3,1668.7,25,24,Android
10148,retained,11,11,210,3498,159,0,2537.3,1484.1,23,22,iPhone
10150,retained,9,7,27,204,105,82,2578.1,1238.8,19,12,Android
10151,retained,229,188,429,1815,20,45,670.5,433.4,21,21,iPhone
10152,retained,113,93,200,2219,0,169,5327.1,698.1,25,22,iPhone
10153,retained,131,105,152,2524,0,23,1533.7,664.7,2,2,iPhone
10154,retained,18,15,39,1155,596,28,5214.4,2518.6,28,20,iPhone
10155,retained,244,195,246,2858,0,24,2955.7,1312.3,6,3,iPhone
10156,retained,169,135,490,1678,445,0,11284.5,6499.8,26,22,Android
10157,retained,17,17,96,1078,48,10,4892.8,1598.0,17,14,Android
10158,retained,25,25,172,2624,150,0,1698.1,706.7,8,8,iPhone
10159,retained,34,28,135,1233,32,2,6051.3,1844.0,8,2,iPhone
10160,retained,30,25,242,2429,151,0,4651.6,3632.6,19,10,iPhone
10161,retained,92,75,165,1873,253,88,291.4,202.6,22,13,Android
10162,churned,135,108,328,317,0,51,7912.1,2995.3,8,2,Android
10163,retained,13,13,172,2334,365,44,3908.4,3039.6,17,15,Android
10164,retained,48,39,83,2059,9,0,1657.1,508.6,26,17,iPhone
10165,retained,53,45,57,3000,0,145,7203.6,2912.1,11,11,iPhone
10166,retained,16,13,26,496,136,13,5347.9,2779.4,27,18,iPhone
10167,retained,14,12,26,972,0,47,2415.3,1198.1,15,7,Android
10168,retained,10,10,39,1451,121,0,1736.1,450.6,31,21,Android
10169,retained,8,8,55,1153,197,0,2597.3,1450.1,3,3,Android
10170,retained,93,80,201,2148,96,0,8730.9,6897.3,12,7,iPhone
10171,retained,103,83,151,1129,266,45,2016.6,1111.3,17,17,iPhone
10172,churned,268,227,315,1881,366,0,4273.5,1425.9,14,14,iPhone
10173,retained,2,2,89,498,0,6,4134.4,630.5,13,13,iPhone
10174,retained,32,26,168,1285,0,41,1665.5,1080.7,16,14,Android
10175,retained,31,31,98,332,33,22,1175.8,764.5,16,14,Android
10176,retained,80,66,332,1022,0,35,4867.7,923.0,0,0,iPhone
10177,retained,90,90,279,187,249,167,3162.2,856.3,1,0,Android
10178,retained,1,1,81,1096,181,0,1865.1,262.2,3,0,iPhone
10179,churned,66,66,78,157,548,13,4971.6,3488.1,10,7,iPhone
10180,retained,59,59,131,191,144,0,7686.3,968.0,10,10,iPhone
10181,retained,17,15,40,479,248,0,6407.6,3672.2,28,22,Android
10182,retained,371,298,393,1894,102,0,11254.5,2181.2,9,5,iPhone
10183,retained,96,77,117,155,206,24,6752.6,1010.2,24,18,Android
10184,retained,150,121,394,2747,116,0,2664.5,1130.5,8,8,iPhone
10185,retained,30,28,170,359,0,2,7296.3,4669.9,30,24,iPhone
10186,retained,117,94,175,2857,16,0,7785.2,538.2,19,16,iPhone
10187,retained,4,4,11,2900,100,0,6074.0,1830.3,14,14,iPhone
10188,retained,29,24,106,206,0,13,2211.5,1026.5,16,12,Android
10189,retained,119,95,336,1701,8,0,6563.9,2168.0,19,16,Android
10190,retained,54,45,309,2509,36,31,9575.2,6911.5,28,22,iPhone
10191,retained,125,103,137,2837,290,0,6721.0,790.2,12,5,iPhone
10192,churned,90,82,143,2254,85,23,4886.4,3595.9,18,13,Android
10193,retained,102,102,113,149,82,0,2174.9,1786.5,20,19,iPhone
10194,churned,20,16,59,16,75,0,3535.2,1301.1,16,15,iPhone
10195,retained,74,61,124,203,2,61,3059.4,1666.8,30,19,iPhone
10196,retained,40,32,130,2175,179,10,5145.8,914.1,7,5,iPhone
10197,churned,46,37,72,800,199,0,4586.1,1975.4,29,20,iPhone
10198,retained,59,48,70,610,50,17,4122.0,2437.8,17,17,iPhone
10199,retained,76,61,143,2240,51,50,848.7,570.3,4,1,iPhone
10200,churned,44,44,146,216,0,0,1767.1,214.4,3,3,iPhone
10201,retained,141,117,222,2853,150,32,3352.1,713.9,13,12,iPhone
10202,retained,325,261,444,2948,174,0,2672.4,705.0,21,19,iPhone
10204,churned,46,40,145,1641,584,0,2464.5,1478.2,3,3,iPhone
10205,retained,48,44,57,1108,44,213,1883.1,683.9,21,17,Android
10206,retained,13,10,52,1597,458,8,6214.6,933.2,18,15,Android
10207,retained,23,23,122,1885,19,3,5999.5,1250.4,8,4,Android
10208,churned,247,203,282,2604,0,47,3350.3,2383.6,0,0,iPhone
10209,retained,32,26,220,2672,212,45,7359.0,2264.3,1,0,iPhone
10210,retained,34,27,74,1734,197,0,1682.2,980.2,17,16,iPhone
10211,retained,83,71,168,2445,401,0,2276.1,579.3,28,25,iPhone
10212,retained,28,23,579,95,209,7,2835.3,1922.7,11,10,iPhone
10213,retained,22,20,58,3450,17,0,3692.8,752.4,10,7,iPhone
10214,retained,79,65,176,2020,27,0,4892.7,588.3,24,22,iPhone
10215,retained,271,218,386,3355,0,3,2323.2,1399.3,25,18,Android
10216,retained,345,276,397,2914,187,0,2648.4,410.4,13,8,iPhone
10217,retained,64,54,244,2836,104,4,6843.2,3828.2,9,9,iPhone
10218,churned,56,45,118,2301,103,88,6077.3,4526.3,3,3,Android
10219,retained,108,87,131,1593,7,99,1622.2,1198.5,10,6,Android
10220,retained,56,45,108,2077,121,0,2002.7,1534.3,28,27,Android
10221,retained,82,66,122,2141,214,0,4655.2,827.5,30,28,iPhone
10222,retained,109,87,117,1151,166,52,5037.2,3252.8,12,10,Android
10223,retained,105,85,176,2891,0,4,1339.6,262.7,2,0,iPhone
10224,churned,62,54,63,101,0,13,3842.8,1068.7,11,4,iPhone
10225,retained,37,35,350,2827,61,4,7358.1,5129.9,21,13,iPhone
10226,retained,4,4,257,330,440,4,6134.0,1939.7,16,8,iPhone
10227,retained,8,8,34,1094,445,0,1462.3,815.3,8,8,Android
10228,retained,7,6,10,692,63,54,2928.7,1988.8,10,6,Android
10229,churned,131,106,225,3235,20,0,1417.4,584.2,1,1,iPhone
10230,retained,97,94,581,771,32,0,6287.3,3164.5,14,11,Android
10231,retained,54,43,191,1282,334,0,3734.0,2117.2,6,6,iPhone
10232,retained,63,52,207,2008,302,0,12682.3,9180.6,26,25,Android
10233,churned,2,2,119,2528,0,0,8154.9,4492.3,29,22,iPhone
10234,churned,50,50,52,932,228,34,2250.2,396.4,2,0,Android
10235,churned,11,11,140,776,295,176,4123.2,2591.9,16,14,Android
10236,retained,71,59,150,2910,171,65,3479.4,1237.1,12,12,iPhone
10237,retained,116,93,264,1706,90,7,6946.7,3419.8,26,26,iPhone
10238,retained,120,98,365,692,22,0,1881.2,922.2,7,7,iPhone
10239,retained,50,43,386,278,186,6,873.9,531.1,18,10,iPhone
10240,retained,9,9,16,2294,301,113,3051.9,384.3,0,0,iPhone
10241,retained,41,35,226,3122,28,0,747.7,311.6,24,19,iPhone
10242,retained,200,167,318,2155,0,1,5130.6,914.2,27,22,iPhone
10243,retained,57,46,191,2117,143,0,2517.2,1751.5,16,14,iPhone
10244,retained,105,87,151,2197,0,35,1778.7,681.0,30,23,iPhone
10245,retained,117,95,295,1815,60,13,786.4,173.7,6,4,iPhone
10246,retained,1,1,9,537,0,10,3043.1,1082.1,8,3,iPhone
10247,retained,38,38,132,675,64,49,1463.0,1089.7,4,2,Android
10248,churned,61,61,323,2157,0,0,2896.9,2192.3,2,2,iPhone
10249,retained,29,28,60,216,114,60,1246.3,858.9,15,13,Android
10250,retained,44,35,107,3011,311,0,5006.9,2859.1,22,15,Android
10251,retained,42,34,83,164,188,6,6018.3,4231.7,27,27,iPhone
10252,churned,23,19,52,533,342,42,1938.5,777.5,3,1,iPhone
10253,retained,42,34,97,430,30,0,728.9,300.8,29,27,iPhone
10254,retained,76,63,81,3443,78,0,2648.5,1304.5,10,10,Android
10255,retained,30,28,109,2803,79,46,5936.6,2294.2,25,22,iPhone
10256,retained,201,162,257,1930,0,108,2585.4,794.6,29,26,iPhone
10257,retained,172,138,180,1755,186,34,5702.5,789.7,9,6,iPhone
10258,retained,136,109,186,986,78,9,2026.8,1682.9,22,22,iPhone
10259,retained,62,50,349,2240,3,0,2782.5,1433.5,21,17,Android
10260,retained,36,36,128,2818,6,0,3440.1,2037.6,16,8,iPhone
10261,retained,32,26,233,2460,23,0,5647.6,2124.8,5,3,iPhone
10262,retained,152,122,277,557,205,13,3268.8,413.5,30,23,iPhone
10263,churned,207,166,350,1983,513,0,5445.3,4477.0,15,14,iPhone
10264,churned,319,257,355,1555,15,0,2063.4,1205.6,10,10,Android
10265,churned,157,129,198,930,163,12,3052.9,2193.8,1,0,iPhone
10266,retained,251,209,291,1794,27,48,5555.2,1594.2,14,9,iPhone
10267,retained,72,72,138,1326,106,135,3825.3,1181.5,3,0,iPhone
10268,retained,13,12,20,171,251,0,8619.9,3556.7,19,19,iPhone
10269,retained,19,19,65,3195,0,0,2017.7,1626.7,18,18,Android
10270,retained,351,286,435,1448,118,0,5769.4,4762.0,12,12,Android
10271,retained,58,46,426,2275,411,0,4251.2,2211.6,26,16,iPhone
10272,retained,189,168,269,140,268,15,2821.5,1140.0,12,12,Android
10273,retained,83,68,153,3345,44,4,1163.8,807.9,29,19,Android
10274,retained,30,30,43,232,628,0,3710.5,2760.9,29,21,Android
10275,retained,8,8,44,851,91,2,5849.9,2000.5,19,19,iPhone
10276,retained,138,110,259,3423,41,44,2848.8,1329.0,11,6,Android
10277,retained,7,6,113,1255,12,0,15865.8,11228.8,8,8,iPhone
10278,retained,37,35,134,3498,65,99,1731.6,959.2,13,13,Android
10279,retained,80,66,109,2136,0,0,2271.6,285.4,22,17,Android
10280,retained,1,1,195,999,90,49,3055.8,1121.7,16,16,Android
10281,retained,6,6,223,648,232,54,2209.7,468.5,15,15,iPhone
10282,retained,30,24,200,27,6,35,1077.9,131.4,10,6,iPhone
10283,retained,96,83,154,2667,361,0,1101.9,671.7,27,25,iPhone
10284,retained,75,63,216,1799,38,30,2920.8,1604.3,13,6,Android
10285,retained,3,2,13,3083,178,0,1464.0,534.5,14,14,iPhone
10286,retained,60,48,69,1488,0,41,4238.8,3338.0,20,16,iPhone
10287,retained,14,14,34,869,254,0,4059.9,1643.2,28,24,iPhone
10288,retained,12,9,96,739,200,40,1152.7,283.1,8,6,Android
10290,retained,17,14,214,2463,12,0,2349.6,1315.5,15,9,Android
10291,retained,21,17,297,2671,234,0,2714.0,1577.8,8,8,iPhone
10292,retained,29,27,152,3272,21,55,9609.4,7339.7,30,23,Android
10293,churned,104,84,164,821,95,9,8147.8,3314.7,4,4,iPhone
10294,retained,72,58,116,2228,65,0,2581.4,613.8,10,8,iPhone
10295,retained,57,48,106,2014,0,46,2953.9,1039.0,21,21,Android
10296,retained,23,20,74,2676,124,0,7968.0,2693.3,24,15,iPhone
10297,retained,31,25,193,2139,0,52,2824.4,228.1,2,2,Android
10298,retained,52,48,107,2033,35,35,4251.8,965.9,22,21,Android
10299,retained,0,0,103,1870,317,0,7524.9,6256.0,21,14,iPhone
10300,churned,287,230,650,2700,266,19,7535.4,1987.0,5,5,Android
10301,retained,222,178,299,2826,116,45,179.6,144.7,23,19,Android
10302,churned,248,199,391,157,141,85,3002.6,2102.6,15,12,iPhone
10303,retained,11,9,60,1791,312,0,3036.7,155.2,16,14,Android
10304,retained,10,10,144,3461,169,0,4976.2,1744.6,18,10,iPhone
10305,churned,14,14,204,2687,97,35,3815.3,794.1,1,0,iPhone
10306,churned,321,258,342,2170,120,0,3529.7,1794.4,18,12,iPhone
10307,retained,101,81,512,2065,53,0,2250.7,1551.6,17,11,iPhone
10308,retained,7,6,38,1294,48,233,6687.8,3105.6,16,8,Android
10309,retained,26,22,165,802,0,45,4150.2,1163.1,18,12,Android
10310,retained,45,37,283,559,645,77,1211.2,587.7,29,18,iPhone
10311,churned,133,108,252,3084,195,19,7097.7,3925.5,9,7,Android
10312,retained,17,17,68,1686,0,0,3170.9,1697.7,30,19,iPhone
10313,churned,97,82,112,2566,501,0,1577.2,657.6,25,19,iPhone
10314,retained,4,4,72,1417,0,0,3455.9,526.6,11,6,iPhone
10315,retained,3,3,122,2132,207,0,8290.0,3964.6,24,23,iPhone
10316,retained,71,57,229,621,0,0,3516.9,2730.9,13,9,iPhone
10317,retained,34,29,81,928,0,1,325.0,29.5,29,21,iPhone
10319,retained,160,129,550,1848,225,5,2573.9,343.8,7,5,iPhone
10320,retained,166,133,305,2661,52,7,5135.7,612.4,19,18,Android
10321,churned,28,24,43,2054,336,0,6745.9,1622.6,12,9,iPhone
10322,retained,4,4,67,2432,6,48,1717.6,1238.7,24,21,Android
10323,retained,185,149,279,371,81,20,1146.6,698.9,5,4,iPhone
10324,churned,38,31,105,99,142,8,1604.9,1011.9,29,27,iPhone
10325,retained,145,145,194,2790,456,4,2780.1,577.2,23,16,iPhone
10326,retained,24,20,104,281,64,23,2340.6,1621.5,30,25,iPhone
10327,retained,235,212,435,143,223,10,6952.9,875.4,28,24,iPhone
10328,retained,16,14,232,641,12,22,3473.0,2148.5,29,24,iPhone
10329,retained,89,74,235,2608,13,0,3501.4,2085.4,14,9,iPhone
10330,retained,24,19,37,1941,232,18,1544.2,759.5,23,17,iPhone
10331,retained,19,15,59,2105,106,0,2677.0,2032.2,4,4,iPhone
10332,retained,43,43,56,433,11,13,3576.3,2579.3,30,26,Android
10333,retained,215,172,359,2952,60,6,3400.4,1231.3,24,14,iPhone
10334,retained,30,24,238,2138,365,96,724.0,599.1,17,16,Android
10335,retained,1,1,24,1353,156,5,11023.6,687.3,17,14,iPhone
10336,churned,13,11,34,312,83,36,3639.5,1040.5,20,18,Android
10337,churned,79,72,136,124,1,120,5079.2,2467.9,1,1,iPhone
10338,retained,220,177,295,468,257,8,11235.8,5629.7,19,12,Android
10339,churned,24,24,39,2733,261,0,4040.9,1411.8,3,1,iPhone
10340,retained,36,31,48,2146,0,0,3598.2,361.7,6,6,iPhone
10341,retained,83,69,249,1587,149,1,7400.5,4909.8,4,2,iPhone
10342,churned,7,7,67,1424,155,0,3980.7,2852.1,29,25,iPhone
10343,retained,103,85,234,2121,0,0,4236.1,1283.7,30,27,iPhone
10344,retained,304,247,317,3466,295,69,3825.1,1540.1,13,7,iPhone
10345,churned,13,10,23,805,12,0,2727.3,404.1,12,5,Android
10346,retained,1,1,290,2126,0,0,1959.7,1408.7,13,9,Android
10347,retained,304,244,390,2093,112,29,5367.6,1857.6,18,10,Android
10348,retained,57,46,97,1726,10,0,4188.3,627.9,14,13,iPhone
10350,retained,5,5,6,3158,36,61,8487.4,4602.0,8,2,iPhone
10351,retained,3,3,82,1965,204,29,6672.7,3453.3,19,12,iPhone
10352,retained,45,38,180,558,0,0,6636.8,2346.8,7,5,iPhone
10353,retained,11,10,15,1933,0,41,5994.1,4780.5,26,22,Android
10354,retained,159,128,495,1791,227,0,5412.6,1850.5,14,11,Android
10355,retained,90,76,123,1371,0,15,3366.4,1527.5,7,6,iPhone
10356,retained,62,50,161,1512,0,27,1054.7,555.8,12,9,iPhone
10357,retained,75,60,195,3032,240,0,11440.0,7492.7,18,18,Android
10358,churned,13,12,144,798,0,106,3766.6,1339.1,5,5,iPhone
10359,retained,86,71,124,2644,46,0,4418.2,1311.2,8,7,iPhone
10360,churned,33,29,104,872,26,0,4169.0,2763.9,7,7,iPhone
10361,retained,20,17,25,351,0,41,3232.9,1972.9,18,18,Android
10362,retained,33,33,42,158,0,0,3499.5,2777.0,21,13,iPhone
10363,retained,22,19,113,845,67,26,4811.4,2347.7,16,10,iPhone
10364,retained,65,59,98,2716,23,0,2609.4,2101.2,2,1,Android
10365,retained,281,225,476,2839,0,0,3920.3,2567.4,27,22,iPhone
10366,retained,69,55,231,754,604,0,4591.5,3484.7,15,11,Android
10367,retained,78,71,216,2272,63,0,1025.1,504.6,10,7,Android
10368,retained,131,105,154,53,96,17,2381.0,1249.5,13,13,iPhone
10369,retained,94,75,179,1284,437,0,2876.8,1493.1,29,28,iPhone
10370,retained,137,109,157,293,215,0,1237.8,768.3,11,6,iPhone
10371,retained,1,1,76,600,626,30,1406.7,443.2,11,11,iPhone
10372,retained,53,48,568,794,43,0,3608.2,636.2,11,4,iPhone
10373,retained,38,31,50,1845,140,14,4418.6,1799.1,30,23,iPhone
10374,churned,59,50,367,99,180,71,2852.2,590.5,18,17,iPhone
10375,retained,79,79,180,2134,277,0,3240.3,2196.1,4,4,iPhone
10376,retained,139,112,157,1320,44,0,2499.1,1843.6,13,8,iPhone
10378,retained,134,108,138,3083,349,0,2399.0,1753.6,15,8,iPhone
10379,churned,11,9,60,379,43,33,4030.4,2401.4,5,0,iPhone
10380,retained,74,60,217,1963,31,0,8917.8,2585.5,4,0,iPhone
10381,retained,151,121,220,3369,10,52,1330.8,1048.8,3,0,iPhone
10382,retained,88,71,90,524,109,5,2927.1,1820.0,14,8,iPhone
10383,churned,151,122,276,1510,343,52,7871.6,2426.9,22,15,Android
10384,churned,27,27,251,2605,223,20,3136.5,1006.9,14,14,Android
10385,retained,230,184,288,2412,30,0,9694.3,803.7,20,16,iPhone
10386,retained,170,138,170,1336,85,0,1733.2,729.1,28,21,Android
10387,churned,187,150,387,1196,0,78,3622.5,1898.5,12,10,iPhone
10388,retained,6,5,51,2311,142,0,640.0,263.9,17,9,iPhone
10389,retained,45,42,247,2155,0,0,5763.1,2286.0,7,1,iPhone
10390,retained,116,93,178,2852,166,5,2737.7,1897.1,30,24,iPhone
10391,churned,172,137,801,960,159,0,2186.2,1159.0,0,0,iPhone
10392,churned,134,108,138,2109,0,119,2660.0,493.8,1,1,Android
10394,retained,19,16,37,2721,0,19,2299.8,1608.9,15,15,iPhone
10395,retained,23,19,477,2204,523,43,468.1,208.1,28,24,iPhone
10396,churned,122,98,393,1148,372,0,1669.7,536.8,19,11,Android
10397,retained,155,129,324,347,124,2,2693.2,449.9,22,16,Android
10398,retained,88,70,91,344,0,22,3251.3,2666.3,29,19,Android
10399,retained,93,74,94,1157,308,0,3311.4,899.6,8,6,Android
10400,retained,29,23,72,3214,264,39,3092.8,1444.6,5,5,iPhone
10401,retained,0,0,291,1589,447,110,1574.4,1162.7,17,16,iPhone
10402,retained,37,32,315,1906,89,16,1037.9,737.3,28,18,Android
10403,retained,316,253,395,2792,95,217,4874.6,739.3,21,18,iPhone
10404,retained,46,38,158,2832,9,63,6763.1,647.8,23,20,iPhone
10405,retained,8,8,129,3450,148,0,7655.8,5643.3,3,3,Android
10406,retained,45,37,55,3262,209,0,2550.0,473.8,1,1,Android
10407,retained,195,159,223,2442,77,15,3168.3,1745.6,25,23,iPhone
10408,retained,121,97,644,3344,103,14,3899.6,1709.4,7,1,iPhone
10409,churned,59,48,114,3045,733,0,2860.1,1329.7,2,2,iPhone
10410,retained,0,0,177,3326,33,22,4750.8,1862.5,5,5,Android
10411,retained,229,187,415,2647,0,0,1229.0,981.7,13,9,iPhone
10412,retained,74,61,105,2905,237,13,3936.7,2654.1,11,11,iPhone
10413,retained,24,21,65,978,501,0,4866.4,965.9,21,14,Android
10414,retained,43,35,70,1392,114,0,1672.0,1009.1,23,16,iPhone
10415,retained,105,84,337,2366,4,0,4858.7,334.0,4,4,iPhone
10416,retained,10,9,145,2438,0,2,5536.6,2869.7,8,5,iPhone
10417,retained,73,61,188,1794,45,239,4042.7,2624.0,7,1,Android
10418,retained,65,52,250,889,182,122,4279.7,1496.5,12,11,Android
10419,churned,202,168,206,3358,343,15,2895.4,1878.9,5,5,Android
10420,retained,22,20,142,3094,319,0,10014.9,1541.7,7,7,iPhone
10421,retained,42,35,91,1840,108,0,3594.0,2051.8,9,6,iPhone
10422,retained,174,139,448,926,19,0,4689.6,1402.4,22,19,Android
10423,retained,21,21,130,3197,54,53,5423.8,4265.5,3,0,iPhone
10424,retained,89,76,121,623,0,0,3677.1,2631.6,28,21,Android
10425,retained,54,48,146,1083,167,83,3386.0,2005.8,27,20,iPhone
10426,retained,494,402,553,1339,47,7,9677.7,4092.2,12,12,iPhone
10427,retained,73,59,221,495,196,20,8464.8,464.2,30,27,iPhone
10428,retained,55,47,295,2924,0,68,6137.7,1360.5,24,24,iPhone
10430,retained,107,92,184,1386,49,0,2232.5,1094.5,26,24,iPhone
10431,retained,247,198,385,402,231,0,3982.3,3232.0,18,10,iPhone
10432,retained,125,100,137,2981,510,104,6812.9,3658.6,13,7,Android
10433,retained,17,14,365,2020,61,33,8002.0,1017.9,7,2,iPhone
10434,retained,203,162,246,897,0,6,1712.7,910.4,20,20,iPhone
10435,churned,4,4,168,116,0,0,7322.7,1344.0,1,1,iPhone
10436,churned,199,161,232,391,143,80,2355.5,1088.7,7,1,iPhone
10437,retained,17,14,72,2014,78,110,4494.1,2706.4,19,12,iPhone
10438,churned,20,18,34,2937,481,0,8127.5,3510.0,9,4,iPhone
10439,retained,56,45,99,304,72,28,7253.4,3049.0,31,26,Android
10440,retained,23,19,72,2855,81,12,1313.1,402.2,18,12,Android
10442,retained,59,48,89,2214,91,0,3339.6,439.9,30,22,iPhone
10443,retained,43,37,311,1866,207,0,3144.9,1751.8,6,6,Android
10444,churned,14,13,41,783,6,0,2369.3,838.4,7,7,Android
10445,retained,47,38,224,334,124,30,1937.1,127.3,30,27,iPhone
10446,retained,71,58,112,2328,59,5,1510.0,584.6,22,16,Android
10447,retained,58,46,111,867,180,0,3125.3,884.6,5,3,Android
10448,retained,27,22,130,1511,0,90,7028.4,1743.8,22,17,iPhone
10449,retained,25,21,44,3375,94,0,4865.4,4015.7,11,9,iPhone
10450,churned,98,79,196,562,23,0,5129.7,4194.0,1,1,iPhone
10451,retained,11,11,79,2606,0,51,8397.6,3695.9,22,19,iPhone
10452,retained,86,70,234,2122,238,68,3516.1,1237.1,24,16,iPhone
10453,retained,139,112,198,2189,97,67,4403.0,1001.0,27,24,Android
10454,retained,1,1,273,87,0,0,2337.8,708.4,19,12,Android
10455,retained,193,160,270,3199,475,0,876.7,381.9,29,25,iPhone
10456,retained,28,22,172,1487,318,0,2137.8,678.0,13,11,iPhone
10457,retained,194,161,241,253,19,7,4364.6,778.7,30,22,Android
10458,retained,94,75,174,288,22,0,7750.8,319.1,19,15,Android
10459,churned,53,42,57,538,206,0,3605.9,1445.5,15,15,Android
10460,retained,139,135,271,1796,167,0,6794.6,3171.5,9,3,Android
10461,retained,41,34,78,2618,28,0,4615.1,2205.2,28,22,Android
10462,churned,123,99,214,1714,0,37,1384.2,965.1,1,1,iPhone
10463,retained,20,16,121,1976,299,0,4859.4,1496.4,13,5,iPhone
10464,retained,25,21,26,562,21,0,4307.0,1071.1,6,0,Android
10465,churned,67,55,74,2083,11,1,6180.8,3396.9,28,24,Android
10466,retained,147,117,191,3093,16,28,2768.1,1071.8,15,15,Android
10468,retained,204,163,241,2183,161,0,930.6,679.6,7,7,iPhone
10470,retained,42,42,218,815,36,0,6719.1,3059.8,6,1,Android
10471,retained,48,43,108,2398,5,10,5343.1,3037.9,1,0,iPhone
10472,retained,76,61,167,209,234,41,5208.2,1711.6,15,12,iPhone
10473,retained,111,89,158,2201,114,0,2094.3,737.2,30,21,iPhone
10474,retained,169,136,173,472,103,0,2348.1,472.3,20,19,Android
10475,retained,141,114,147,2138,24,0,6157.7,4893.5,1,0,iPhone
10476,churned,9,9,27,324,0,15,3240.5,2242.4,0,0,Android
10477,retained,108,88,113,1602,38,0,8731.4,1854.3,19,14,iPhone
10478,retained,108,87,192,625,280,36,8581.7,3810.1,29,19,Android
10479,retained,54,44,64,1968,173,72,5528.3,1808.9,0,0,Android
10480,retained,38,30,59,2463,199,21,2927.4,442.6,17,9,iPhone
10481,retained,36,36,337,1548,44,135,1837.8,1151.3,13,10,iPhone
10482,retained,65,55,112,3199,10,0,1144.7,663.4,17,17,Android
10483,retained,175,140,460,3025,154,14,4850.4,3380.2,29,27,Android
10484,retained,62,51,220,2501,163,122,2262.3,1557.3,25,20,Android
10487,retained,99,80,209,1209,0,12,1180.9,773.9,11,11,Android
10488,retained,67,67,345,2457,62,0,1396.8,940.3,3,3,iPhone
10490,retained,17,14,20,365,0,53,4054.0,2505.9,9,9,iPhone
10491,retained,9,8,54,1906,0,54,4704.0,1723.9,25,20,Android
10492,retained,16,13,83,208,0,17,4136.4,1941.4,6,6,iPhone
10493,retained,14,14,52,1797,291,13,5113.1,2614.9,17,15,Android
10494,churned,113,93,120,2207,121,2,2809.5,2170.4,18,13,Android
10495,churned,26,21,27,214,69,26,2522.5,1295.3,3,2,Android
10496,retained,65,52,94,2932,49,21,4530.2,627.1,24,19,iPhone
10497,retained,202,162,220,342,94,0,5431.2,4308.7,8,3,iPhone
10498,churned,40,32,137,1469,45,7,4310.2,866.1,10,5,iPhone
10499,retained,30,25,68,3429,45,0,199.6,156.9,5,3,Android
10500,retained,20,16,159,3050,59,0,8752.4,6307.4,30,22,iPhone
10501,retained,39,32,112,1105,32,0,1748.3,750.0,11,8,iPhone
10502,churned,21,21,46,161,317,62,3281.3,2434.7,21,21,iPhone
10503,retained,23,19,48,2447,252,42,4692.7,2297.9,6,6,iPhone
10504,retained,24,20,36,980,0,0,3618.1,231.7,22,18,Android
10505,retained,184,171,394,2050,142,14,5698.4,2385.3,17,9,iPhone
10506,churned,18,14,125,2799,84,0,11644.2,9687.7,27,25,iPhone
10507,retained,10,10,245,39,5,0,5272.0,3752.9,5,4,Android
10508,retained,11,11,56,2543,221,0,2124.2,706.1,22,21,iPhone
10509,retained,11,9,43,2254,21,0,4073.5,1214.0,17,11,iPhone
10510,retained,129,103,151,764,214,194,4080.2,2335.8,1,1,Android
10511,retained,207,207,491,876,200,233,1258.3,204.2,7,7,Android
10512,retained,29,24,102,62,41,11,5031.6,2384.9,20,12,Android
10513,retained,15,12,95,854,106,20,1709.8,1262.9,19,12,Android
10514,churned,64,52,200,1167,0,32,5808.7,4458.5,6,0,iPhone
10515,retained,30,24,171,913,0,21,2756.5,1761.5,23,22,Android
10516,retained,1,1,186,1102,318,0,4929.8,1386.2,22,22,iPhone
10517,churned,63,51,92,1054,0,123,4481.5,1297.9,1,1,iPhone
10518,churned,94,78,101,1973,529,114,2650.6,1044.1,27,18,Android
10519,churned,19,16,109,2637,422,101,2130.7,943.4,16,10,iPhone
10520,retained,18,14,51,2025,0,0,829.3,557.6,25,16,Android
10521,retained,6,6,13,2386,15,44,1989.5,1205.8,21,20,Android
10522,retained,27,21,105,1680,0,0,568.8,418.9,7,7,iPhone
10523,retained,81,68,146,2566,316,20,2266.6,852.6,12,9,Android
10524,retained,260,215,548,137,284,0,3755.2,3043.3,12,12,iPhone
10525,retained,13,11,19,2927,17,12,5493.1,794.1,7,3,iPhone
10526,retained,58,47,88,2316,441,32,3561.3,648.6,11,11,iPhone
10527,retained,89,72,344,746,2,92,2053.7,1085.1,9,7,iPhone
10528,retained,221,177,276,1874,188,26,3262.1,1099.6,29,19,Android
10529,retained,27,22,104,1558,143,0,2208.2,1819.7,22,17,Android
10530,retained,80,71,219,2376,15,301,5864.7,3531.5,11,11,Android
10531,retained,91,74,230,350,58,67,4715.4,862.2,23,16,iPhone
10532,retained,5,5,11,554,16,0,5500.1,4469.2,19,13,iPhone
10533,retained,14,14,202,2019,32,0,4032.4,1161.5,22,21,iPhone
10534,retained,321,257,477,2780,0,23,5430.1,1901.4,10,10,iPhone
10535,retained,1,1,45,1611,94,57,3129.8,2386.9,26,23,iPhone
10536,retained,57,47,77,2694,329,22,10707.8,5999.2,12,6,iPhone
10537,retained,167,134,289,3281,266,0,2747.7,165.4,14,7,Android
10538,retained,19,18,204,3254,205,0,3094.3,2441.3,26,25,iPhone
10539,churned,175,149,185,3287,338,65,3654.1,1575.5,3,1,Android
10540,retained,83,69,187,3167,0,36,7998.0,912.2,10,5,iPhone
10541,churned,9,7,187,1727,71,3,2008.0,649.9,22,22,iPhone
10542,retained,11,9,129,2337,149,7,2193.7,1343.0,29,28,iPhone
10543,retained,7,7,55,1040,43,0,7620.1,2374.6,14,12,Android
10544,retained,140,112,245,2579,193,8,4464.2,1974.1,18,11,Android
10545,retained,43,35,50,600,168,78,7702.9,5511.0,17,11,iPhone
10546,retained,80,76,125,317,62,0,5509.6,2409.2,14,12,iPhone
10547,retained,13,13,18,2638,49,0,5724.9,2611.8,1,0,iPhone
10548,churned,7,6,136,465,0,45,2612.7,2140.5,2,2,Android
10549,retained,72,59,150,3090,337,15,5773.9,1798.8,22,18,iPhone
10550,retained,25,20,72,334,342,42,1909.9,1520.9,29,27,iPhone
10551,retained,135,109,162,786,93,0,3783.5,1029.8,26,16,iPhone
10552,retained,102,82,237,2440,17,0,3429.0,1927.1,25,18,Android
10553,churned,10,10,53,163,138,0,1654.2,604.2,16,10,Android
10554,churned,85,68,118,537,444,0,2817.0,1707.4,18,11,Android
10555,retained,106,86,123,3283,166,209,649.7,388.6,0,0,Android
10556,retained,200,160,210,1212,73,109,3259.2,720.9,24,18,Android
10557,churned,130,104,162,273,143,0,7214.0,5871.2,5,5,iPhone
10558,retained,28,23,53,2924,35,11,7373.2,4795.0,28,20,Android
10559,retained,236,190,303,1691,155,1,5514.1,2625.4,22,16,iPhone
10560,retained,72,59,137,1356,180,0,1291.5,787.1,13,13,iPhone
10561,churned,255,204,309,761,17,125,1565.5,848.7,3,0,iPhone
10562,retained,189,151,193,3293,473,75,3168.8,1767.5,24,22,iPhone
10563,retained,119,97,124,2673,238,21,2965.2,574.2,24,21,iPhone
10564,retained,8,7,402,1970,214,44,3611.8,1488.8,4,4,Android
10565,retained,18,18,33,249,261,175,889.9,464.2,23,23,iPhone
10566,retained,293,237,355,2543,23,51,1810.6,386.7,28,25,iPhone
10567,retained,184,147,190,994,0,116,3888.9,2399.7,20,20,iPhone
10568,retained,44,35,149,2919,86,23,3727.0,1717.5,13,6,Android
10569,churned,81,65,292,2062,13,1,2571.4,1127.2,8,8,iPhone
10570,retained,222,187,309,1461,213,47,6168.7,3669.9,15,12,iPhone
10572,retained,49,41,113,1922,0,0,3140.6,1257.1,12,8,Android
10573,retained,91,73,111,2824,386,0,920.0,645.6,13,12,iPhone
10574,retained,8,7,78,2926,0,96,6619.6,3014.7,21,16,iPhone
10575,retained,29,27,144,1407,0,2,5772.6,1526.4,10,5,iPhone
10576,retained,56,45,123,2517,0,0,5576.3,1907.1,4,4,iPhone
10577,retained,27,22,278,2286,107,0,531.1,348.5,21,21,iPhone
10578,retained,225,181,422,2484,345,0,5114.5,3695.1,29,18,iPhone
10579,retained,70,57,185,3232,136,57,1261.9,485.3,17,10,iPhone
10580,retained,113,93,161,2708,8,114,4801.8,1273.9,11,6,iPhone
10581,retained,108,108,118,3396,236,49,6025.6,3329.0,11,11,Android
10582,retained,58,47,185,2762,86,17,5935.7,2046.4,28,23,Android
10584,retained,66,53,110,3098,46,34,3970.0,1763.8,27,23,iPhone
10585,retained,8,8,195,2035,57,58,4828.4,2153.3,20,16,iPhone
10586,churned,0,0,222,980,0,6,4932.0,2656.0,3,0,Android
10587,retained,60,51,235,2947,144,0,8654.8,2086.0,18,18,Android
10588,retained,226,182,337,3311,0,17,3213.7,1225.7,14,7,iPhone
10589,retained,175,140,229,1194,317,71,8676.1,7186.0,17,17,iPhone
10590,retained,17,13,202,2796,152,47,3660.2,2445.2,22,20,Android
10591,churned,78,63,101,2029,22,8,7054.8,4670.0,11,8,iPhone
10592,retained,28,24,105,2798,37,0,3234.4,1081.2,26,25,Android
10593,retained,107,86,215,1646,101,0,10799.7,4496.7,30,28,Android
10594,churned,14,12,92,169,586,14,3811.6,1916.4,7,7,Android
10595,retained,61,50,108,1580,306,0,1394.4,742.3,22,22,Android
10596,retained,127,112,141,1753,51,19,2252.2,1848.8,25,24,Android
10597,retained,8,7,105,587,85,49,2675.1,999.4,9,5,iPhone
10599,retained,17,14,254,2745,0,16,5608.8,1114.2,10,6,Android
10600,retained,14,11,21,936,206,75,6563.9,1789.4,7,7,iPhone
10601,retained,53,44,73,3087,0,1,2631.5,1659.2,30,21,Android
10602,retained,59,49,136,545,0,0,7248.0,3424.5,22,22,iPhone
10603,retained,89,74,144,1435,4,120,7955.4,3309.0,21,15,Android
10604,churned,85,68,102,1477,4,0,5129.5,3926.8,9,9,iPhone
10605,retained,45,36,116,2569,0,57,2070.2,1209.7,19,16,iPhone
10606,churned,68,68,93,1725,147,43,12557.2,6075.9,10,4,iPhone
10607,retained,3,3,167,306,0,27,2848.5,774.8,2,2,Android
10608,retained,183,148,305,256,48,22,4172.0,939.3,26,18,iPhone
10609,churned,167,134,200,1472,368,8,5263.4,1480.1,6,2,Android
10610,retained,80,64,119,3238,0,15,6592.8,2097.5,20,16,iPhone
10611,retained,101,81,343,2010,0,36,2113.8,1285.6,31,23,iPhone
10613,churned,65,52,268,1017,0,10,4105.1,2927.3,4,4,iPhone
10614,churned,148,119,267,2395,227,0,10726.6,2671.0,2,0,Android
10615,churned,41,41,92,1370,134,0,5889.1,2925.8,9,9,iPhone
10616,retained,137,111,401,1123,195,0,4388.7,1039.1,28,24,Android
10617,retained,87,69,472,1715,0,0,3063.0,1315.8,29,21,iPhone
10618,churned,138,111,260,59,125,23,1396.1,608.2,4,4,iPhone
10619,retained,118,96,121,1234,214,2,3470.3,2596.4,22,22,Android
10620,retained,359,287,396,2354,118,110,4353.1,2577.5,27,25,iPhone
10621,retained,27,22,114,285,5,10,3090.9,978.6,12,11,iPhone
10622,retained,174,140,181,2841,225,6,5232.3,3165.2,28,25,iPhone
10623,churned,121,98,437,162,793,0,3297.8,2458.6,18,17,Android
10624,churned,326,262,381,2437,50,0,4663.3,903.8,6,5,iPhone
10625,churned,27,23,73,1788,103,15,2455.0,1631.9,22,22,iPhone
10626,retained,87,73,124,404,0,90,6323.6,2473.4,2,0,Android
10627,retained,103,83,139,23,35,86,4244.5,759.3,19,11,iPhone
10628,retained,241,194,427,1305,0,0,5738.6,4660.1,22,18,Android
10629,retained,8,8,184,1226,105,39,2606.3,1744.2,23,16,iPhone
10630,retained,18,18,28,726,0,52,2330.5,1081.7,28,25,iPhone
10631,churned,4,4,167,771,0,17,5366.2,1269.6,14,6,iPhone
10632,retained,148,119,350,729,0,0,2025.6,783.5,22,13,Android
10633,retained,32,26,130,2115,198,0,5883.4,4290.9,0,0,iPhone
10634,retained,82,66,85,3427,531,3,7302.7,1801.7,22,18,iPhone
10635,retained,155,124,290,1090,32,0,1513.4,994.4,0,0,iPhone
10636,retained,19,16,176,315,20,0,1150.4,493.8,1,1,iPhone
10637,churned,75,61,235,207,0,0,6305.2,1309.1,5,5,iPhone
10638,retained,13,10,88,1244,341,101,3270.3,1578.5,27,26,iPhone
10639,retained,46,37,233,373,0,0,2383.1,540.1,21,12,iPhone
10640,retained,6,5,271,2931,0,0,2720.5,2230.8,28,27,iPhone
10641,retained,37,36,270,1388,22,49,8102.1,558.1,7,7,Android
10642,retained,36,33,230,3257,0,0,4517.2,1253.4,6,6,iPhone
10643,churned,84,69,265,601,0,27,5739.2,758.6,10,10,iPhone
10644,retained,155,155,175,3445,0,0,2223.7,1198.1,18,12,iPhone
10645,retained,87,70,138,1361,36,93,2555.0,1288.7,27,20,iPhone
10647,retained,191,153,219,3183,152,64,4733.6,1198.1,24,17,iPhone
10648,retained,22,18,162,897,584,0,4103.5,3287.5,14,11,iPhone
10649,retained,64,64,82,3466,93,0,2557.1,1601.4,5,5,Android
10651,retained,26,24,77,2673,143,0,3354.8,1107.0,1,0,Android
10653,churned,41,34,79,1054,0,35,3829.7,1616.7,8,7,Android
10654,retained,25,20,140,2188,0,81,973.6,805.3,5,5,iPhone
10655,retained,50,44,56,1832,225,0,2769.6,1534.4,16,8,Android
10656,retained,14,12,101,2807,33,2,1169.5,699.7,18,12,Android
10657,retained,137,109,165,1180,103,0,6852.3,5559.8,10,5,iPhone
10658,churned,18,18,36,720,13,60,2696.0,1293.9,4,2,iPhone
10659,retained,39,32,248,970,0,49,1176.0,544.4,18,12,Android
10660,retained,30,25,69,2124,171,0,1929.9,965.8,9,9,Android
10661,retained,50,41,63,502,117,0,422.2,331.4,18,10,Android
10663,retained,44,36,271,2954,60,72,1834.6,257.3,21,19,iPhone
10664,churned,204,166,208,2355,0,0,6718.6,1032.5,3,2,Android
10665,retained,75,60,117,1260,125,76,2698.7,1823.2,5,3,Android
10666,retained,105,84,115,1562,14,58,2451.9,1743.4,6,6,iPhone
10667,retained,40,32,104,3438,260,106,2563.4,618.6,4,0,iPhone
10668,retained,118,98,216,2324,54,10,4656.9,3151.4,25,17,iPhone
10669,retained,130,104,236,2472,0,0,2560.6,1432.7,10,10,iPhone
10670,retained,256,206,285,697,119,0,5170.4,4306.0,1,1,iPhone
10671,retained,158,126,293,2216,121,0,4233.2,1463.4,12,9,Android
10672,retained,27,21,47,2168,16,53,2519.7,1140.3,6,1,Android
10673,churned,216,173,287,1514,163,0,2528.9,526.4,2,1,iPhone
10674,retained,20,16,244,3063,371,37,5563.5,3369.1,8,7,iPhone
10675,retained,245,197,342,813,209,0,1717.7,879.1,11,9,iPhone
10676,retained,50,41,272,1743,205,25,1174.8,803.7,11,6,Android
10677,retained,140,113,168,2573,0,0,5481.2,3622.0,20,14,Android
10678,churned,223,180,277,307,56,0,598.3,323.1,18,18,iPhone
10679,retained,156,127,262,405,230,0,2002.9,1549.1,27,26,Android
10681,churned,8,7,253,134,13,0,4586.0,2896.6,7,2,iPhone
10682,retained,83,68,246,145,195,10,2133.4,1001.7,18,14,iPhone
10683,churned,48,38,632,918,282,0,520.9,398.9,19,14,iPhone
10684,churned,24,20,36,2199,47,21,4163.7,1896.1,4,0,iPhone
10685,retained,80,64,88,2719,213,0,4110.7,1898.8,16,16,Android
10686,churned,264,212,284,394,34,82,4499.4,2312.6,3,3,Android
10687,churned,141,113,181,798,401,0,6294.3,1365.1,30,20,iPhone
10688,retained,133,107,393,930,35,0,1579.6,1254.0,11,11,iPhone
10689,retained,15,15,60,3053,57,31,4231.8,1474.0,26,22,Android
10690,retained,147,118,258,814,418,9,8879.0,7037.9,19,19,iPhone
10691,churned,224,183,433,423,42,0,1308.1,939.0,8,5,iPhone
10692,churned,118,98,307,61,417,21,5019.1,406.9,21,18,iPhone
10693,retained,120,97,372,3249,93,5,1558.1,986.7,12,12,iPhone
10694,retained,53,43,136,2771,0,13,4336.9,3105.7,25,22,Android
10695,retained,146,120,154,173,5,53,3723.1,2750.1,12,12,iPhone
10696,retained,4,4,672,746,6,0,2110.1,1634.8,3,2,Android
10697,churned,54,54,220,2688,168,0,5012.7,1706.0,22,13,iPhone
10698,retained,44,36,340,1394,6,76,6713.2,3537.2,2,1,iPhone
10699,retained,94,76,119,2212,123,0,6098.4,1997.8,20,20,Android
10700,retained,52,42,214,2284,258,0,3684.5,2263.8,5,0,iPhone
10701,retained,319,266,387,3483,182,10,4818.9,3900.9,2,0,Android
10702,retained,29,23,234,48,92,0,7774.7,4103.4,22,22,iPhone
10703,retained,142,114,208,1690,73,51,834.8,100.5,3,3,iPhone
10704,retained,123,100,160,446,18,0,2584.6,1052.2,11,11,iPhone
10705,retained,212,172,224,3122,23,2,2380.3,1603.5,14,9,iPhone
10706,retained,3,3,13,2236,68,22,6011.2,1418.2,30,23,iPhone
10707,churned,182,147,292,3314,0,51,7453.2,3696.8,5,4,iPhone
10708,retained,36,29,275,2849,165,4,761.7,498.1,22,19,iPhone
10709,retained,35,28,108,2994,117,0,5847.5,383.2,9,9,iPhone
10710,retained,39,31,69,2046,12,25,5428.1,2181.1,19,14,iPhone
10711,retained,32,26,75,682,244,27,9169.6,2075.9,23,19,iPhone
10712,retained,3,3,68,1925,40,34,3431.2,2355.0,31,26,iPhone
10713,retained,54,54,101,2378,0,0,6749.1,3910.3,11,8,iPhone
10714,retained,13,11,32,2096,13,0,7488.6,3302.3,3,3,iPhone
10715,retained,54,45,70,1704,225,0,1821.8,674.0,6,1,Android
10716,retained,15,15,90,3205,91,0,1559.1,146.8,11,6,Android
10718,retained,105,86,107,1586,43,41,4123.5,1297.7,24,21,iPhone
10719,retained,22,21,156,1369,51,0,2700.8,1830.3,20,12,iPhone
10720,retained,44,37,291,3353,434,21,6649.1,3253.6,2,2,iPhone
10721,retained,60,50,175,906,303,0,4678.7,723.7,28,26,iPhone
10722,retained,6,6,42,2203,172,0,5359.0,412.9,2,2,iPhone
10723,retained,7,6,125,2779,17,0,2801.3,372.6,30,27,iPhone
10724,retained,42,35,235,3105,30,33,1994.0,1244.2,7,4,Android
10726,churned,41,34,306,1348,54,37,834.3,612.6,4,4,Android
10727,retained,17,15,131,1489,46,0,3241.2,482.4,24,19,Android
10728,retained,25,21,25,2918,189,0,2398.4,1510.5,16,10,Android
10729,retained,214,173,392,1554,664,0,1620.5,929.0,20,16,iPhone
10730,retained,97,78,240,810,15,9,3495.9,2198.3,9,5,iPhone
10731,churned,165,134,201,2133,0,0,2741.8,542.8,17,14,iPhone
10732,retained,46,37,165,1052,40,0,4406.0,1613.8,21,14,Android
10733,retained,14,12,44,3357,51,125,4505.3,3625.2,7,1,iPhone
10734,retained,165,133,201,460,621,0,4633.8,670.6,10,6,Android
10735,retained,58,47,108,3346,88,0,4610.8,3253.2,7,4,iPhone
10736,retained,49,49,71,1801,72,0,5101.3,2636.5,15,13,Android
10737,retained,43,34,78,3320,117,9,2167.4,777.7,24,21,Android
10738,churned,2,2,247,2774,2,60,2276.4,1493.9,1,1,Android
10739,churned,24,20,151,1669,9,0,2886.3,2289.8,21,18,Android
10740,churned,8,7,257,2547,82,1,9409.9,3128.4,9,9,iPhone
10741,retained,42,37,75,1134,114,24,3502.7,2542.4,18,10,iPhone
10742,retained,17,16,26,3414,280,21,8024.3,4257.9,7,4,Android
10743,retained,217,174,599,2263,535,189,2331.7,491.3,27,25,iPhone
10744,retained,107,86,130,873,28,198,4194.9,2541.0,8,6,iPhone
10745,retained,101,81,139,1867,268,46,2995.5,598.8,20,17,Android
10746,retained,31,25,39,745,235,0,3619.3,2299.6,26,24,Android
10747,retained,12,12,28,1673,0,0,9788.0,5090.7,29,25,Android
10748,retained,168,135,272,3124,202,6,3653.8,1111.5,29,27,iPhone
10749,retained,16,15,20,791,213,88,5119.6,2775.2,16,16,iPhone
10750,retained,16,13,135,2506,61,109,1081.9,782.9,29,22,Android
10752,churned,20,16,72,999,64,93,6763.7,5138.0,2,0,iPhone
10753,retained,150,120,292,478,146,0,3255.8,2231.8,20,16,iPhone
10754,retained,16,13,94,2960,0,0,4704.2,2148.8,23,16,Android
10755,retained,54,48,72,2076,159,1,2270.7,517.3,15,15,iPhone
10756,retained,360,292,627,1341,0,20,4951.5,2262.1,29,20,iPhone
10757,churned,38,30,206,835,803,65,2857.9,2299.7,4,3,Android
10758,retained,10,9,23,1891,159,37,1688.1,744.6,22,21,iPhone
10759,retained,45,36,141,2596,121,5,3363.0,1978.5,20,12,iPhone
10760,retained,26,21,107,2644,53,0,8879.8,1668.2,9,9,Android
10761,retained,68,55,80,1036,131,16,2446.5,1732.2,17,11,Android
10763,retained,64,53,250,2630,51,120,8423.8,4640.4,21,20,iPhone
10764,retained,77,62,261,3296,228,24,4703.1,687.5,18,10,iPhone
10765,retained,97,79,164,1689,177,0,6223.5,1746.3,2,2,Android
10766,retained,111,89,130,679,31,51,3566.2,1904.7,22,22,Android
10767,retained,37,37,242,2635,111,0,2119.6,1355.6,5,4,iPhone
10768,retained,3,3,198,3248,421,51,8663.1,3908.0,27,19,Android
10769,retained,88,73,301,523,244,0,5157.5,2002.8,29,25,Android
10770,retained,32,30,146,1828,76,10,4956.9,3120.6,20,14,iPhone
10771,retained,5,4,80,1025,0,21,3422.2,1884.7,30,24,iPhone
10772,retained,32,27,67,1217,420,126,2302.1,1346.0,15,15,Android
10773,retained,90,72,243,290,8,0,2806.9,1230.2,18,15,iPhone
10774,retained,27,23,97,487,30,66,2465.5,1242.1,10,10,Android
10775,retained,62,53,132,3090,0,14,4994.0,3772.7,17,13,Android
10776,retained,22,17,158,350,185,5,2226.1,1808.4,18,17,Android
10777,retained,147,119,211,2066,72,64,1348.3,1052.5,9,7,iPhone
10778,retained,32,32,98,1012,45,5,5410.4,2061.3,13,13,Android
10779,retained,246,197,312,2844,164,0,912.7,722.4,2,2,iPhone
10780,retained,24,20,72,2116,34,0,2901.0,1394.9,0,0,iPhone
10781,churned,334,267,562,2839,375,47,2005.0,1227.1,1,1,iPhone
10782,churned,42,34,320,411,91,94,4401.8,2422.4,5,5,iPhone
10783,retained,49,43,82,1895,27,0,2613.4,994.4,21,13,iPhone
10784,retained,33,28,126,3310,147,0,7057.0,5338.0,11,11,Android
10785,churned,65,52,90,2002,176,0,3064.9,281.2,0,0,iPhone
10786,retained,45,37,119,2369,302,6,2909.8,1981.4,29,21,iPhone
10787,retained,43,35,57,1507,195,0,2640.1,1476.0,16,16,iPhone
10788,retained,31,27,213,849,28,0,2832.0,1374.8,23,17,Android
10789,retained,149,119,203,1953,230,0,2539.2,933.9,30,28,iPhone
10790,retained,161,130,212,3109,100,54,4417.1,2066.6,18,14,iPhone
10791,retained,86,69,122,1035,156,23,3772.2,1522.5,11,9,iPhone
10792,retained,25,21,155,919,40,0,2278.6,509.2,29,22,iPhone
10794,churned,128,103,152,1547,452,11,4618.4,3603.8,1,0,iPhone
10795,churned,49,49,337,527,8,0,5242.0,4124.0,9,4,iPhone
10796,retained,41,34,118,2084,850,0,4730.1,3183.2,30,24,Android
10797,retained,24,20,108,1552,16,42,4764.4,2122.4,26,18,iPhone
10798,retained,45,36,126,1537,112,20,1211.6,470.0,29,21,iPhone
10799,churned,161,134,237,2742,75,35,2055.0,970.1,2,2,Android
10800,retained,10,10,254,3172,53,129,5975.5,794.3,21,19,iPhone
10801,retained,56,46,359,1790,111,9,3548.3,2306.5,15,11,iPhone
10802,retained,94,75,205,40,44,19,1978.3,692.6,25,24,iPhone
10803,retained,131,106,148,1257,162,142,6353.1,1684.7,26,23,Android
10804,retained,20,16,114,86,79,0,8367.2,4918.0,7,7,iPhone
10805,churned,174,142,184,1918,0,0,2005.9,1210.2,0,0,iPhone
10806,churned,19,19,43,534,7,52,4244.7,3024.5,4,1,iPhone
10807,retained,91,75,269,844,10,43,1356.2,265.0,21,19,iPhone
10808,churned,156,126,177,1584,0,50,2565.9,1746.7,3,0,iPhone
10809,retained,10,10,159,289,0,0,12340.4,5498.1,30,20,Android
10810,retained,87,69,306,994,1,54,3114.8,1822.3,23,14,iPhone
10811,retained,117,100,291,666,33,11,2641.2,1951.9,17,12,Android
10812,retained,7,7,55,3040,62,38,4292.3,975.3,20,17,iPhone
10813,retained,46,41,110,910,63,46,7209.9,2949.4,14,14,iPhone
10814,retained,173,139,294,2524,0,36,4964.5,1271.1,23,20,iPhone
10815,churned,14,14,100,1092,99,0,2560.9,1608.6,22,16,iPhone
10816,retained,280,224,409,829,72,23,13435.4,4034.2,26,21,iPhone
10817,retained,1,1,147,2431,0,0,4297.8,2745.5,14,14,Android
10818,churned,103,83,409,3440,402,0,3215.7,2153.5,12,12,iPhone
10820,churned,109,90,271,794,15,0,9443.8,6345.7,2,2,iPhone
10821,churned,142,123,225,1566,77,8,4391.8,2700.4,21,16,iPhone
10822,churned,65,56,163,1490,102,0,2123.2,947.5,3,3,iPhone
10823,churned,3,3,5,2306,350,0,8052.9,2154.4,30,27,iPhone
10824,retained,91,73,129,21,0,12,3687.7,776.5,21,15,iPhone
10826,retained,92,74,247,124,0,16,2554.3,586.1,3,3,iPhone
10827,retained,2,2,17,3073,0,34,2696.0,2142.0,5,5,iPhone
10828,retained,207,169,308,2035,120,23,4243.6,951.7,23,15,iPhone
10829,retained,100,100,209,2263,40,49,5458.8,4130.6,6,5,iPhone
10830,churned,314,252,430,1101,47,0,6454.8,3174.7,6,2,iPhone
10831,retained,118,95,164,1372,18,28,2049.6,1389.8,13,7,Android
10832,retained,292,236,312,1432,151,126,8936.1,3375.2,18,16,iPhone
10833,retained,202,162,257,2022,85,137,2947.9,1617.4,17,13,Android
10835,retained,44,36,171,469,62,183,1369.1,1057.8,29,22,Android
10836,churned,45,37,166,1345,221,0,4874.9,3462.4,4,4,Android
10837,retained,10,8,107,3011,0,0,5905.0,3939.6,25,22,iPhone
10838,churned,198,163,284,252,302,16,1057.0,703.5,1,1,Android
10839,retained,42,38,209,334,98,0,3051.5,1874.1,31,25,Android
10840,churned,62,52,135,2287,23,0,2427.8,1106.1,4,1,iPhone
10841,retained,27,23,135,2527,353,0,10856.5,1701.8,1,1,iPhone
10842,retained,128,103,282,2779,215,0,6104.7,965.6,2,2,iPhone
10843,churned,120,120,138,416,201,56,5006.7,2273.5,8,8,Android
10844,retained,18,15,146,635,2,2,579.0,280.0,20,20,iPhone
10845,retained,120,96,270,423,0,0,5616.9,1753.3,5,4,Android
10846,retained,21,16,164,1879,122,222,2529.5,1435.4,10,10,iPhone
10847,retained,118,97,145,2791,0,0,1446.4,708.4,11,11,iPhone
10848,retained,73,58,170,2844,9,3,3441.5,2555.3,31,22,Android
10849,retained,74,61,284,1445,56,0,9282.8,3083.0,19,14,iPhone
10850,churned,143,119,433,1052,66,0,10067.0,6059.8,8,3,Android
10851,retained,1,1,150,1306,121,0,1185.5,320.4,18,12,Android
10852,retained,7,6,133,3131,0,0,3296.1,2056.3,11,6,iPhone
10853,retained,12,12,290,2350,29,0,5266.2,3657.9,14,14,iPhone
10854,retained,39,33,95,3229,250,79,7814.7,2020.7,26,18,iPhone
10855,churned,23,22,270,3348,50,102,4413.7,1690.1,7,7,Android
10856,retained,66,66,195,3129,0,17,1808.2,1038.1,10,10,Android
10857,churned,15,12,77,1004,149,0,5096.8,3171.0,4,4,iPhone
10858,retained,82,66,90,1386,47,0,7213.8,2270.7,30,20,iPhone
10859,retained,24,24,28,2683,217,0,3677.3,1987.7,16,16,iPhone
10860,churned,17,17,59,845,93,11,5231.9,1987.7,5,5,Android
10861,retained,12,10,48,2197,38,75,5763.8,1190.9,21,17,iPhone
10862,retained,17,17,103,1053,0,61,2335.9,998.6,5,5,iPhone
10863,retained,51,41,567,707,0,30,438.7,127.2,1,0,iPhone
10864,churned,20,16,121,408,179,94,12470.5,6781.1,5,1,iPhone
10866,churned,10,9,31,1087,164,46,4264.1,3312.0,1,1,Android
10867,retained,50,50,141,228,536,0,8373.4,2299.0,6,3,iPhone
10868,retained,0,0,262,2315,277,0,2894.3,1622.1,21,21,Android
10869,retained,6,5,91,3364,27,78,2568.0,92.6,12,11,Android
10870,retained,241,193,261,3153,24,20,5744.9,2296.3,8,3,iPhone
10871,retained,53,43,194,136,74,0,4032.3,1025.8,28,18,iPhone
10872,retained,89,75,112,379,0,74,3877.7,830.8,29,21,Android
10873,retained,176,152,296,3132,193,0,2839.6,388.1,0,0,iPhone
10874,retained,49,39,105,3072,25,0,12213.5,9461.0,9,4,Android
10876,retained,125,101,228,3420,62,0,1112.0,429.3,28,21,iPhone
10877,retained,160,128,334,3056,0,0,7128.6,3152.7,13,11,Android
10878,retained,55,45,72,1475,146,54,5003.6,2672.7,23,14,iPhone
10879,retained,4,3,136,1612,371,0,4543.0,1024.0,7,3,iPhone
10880,churned,2,2,824,98,4,34,1752.4,955.4,28,22,iPhone
10881,retained,68,54,190,1157,0,7,4648.8,3500.4,16,9,Android
10882,retained,7,7,18,1780,60,16,6055.3,1093.6,11,8,Android
10883,churned,159,128,248,485,0,8,794.0,98.7,23,19,iPhone
10884,retained,260,208,376,815,0,133,4417.3,2549.4,16,9,Android
10885,retained,19,17,71,61,206,0,2051.9,188.1,22,20,Android
10886,retained,302,248,344,250,67,37,2877.2,904.5,11,11,iPhone
10887,retained,21,18,73,395,197,0,3362.7,616.8,20,14,iPhone
10888,retained,134,112,155,817,163,1,492.1,253.5,30,21,iPhone
10889,retained,36,30,64,2446,24,0,3186.6,1151.3,31,23,iPhone
10890,retained,68,54,394,1596,22,190,645.1,139.3,31,26,iPhone
10891,retained,43,43,169,1228,184,0,3219.3,1514.5,26,26,Android
10892,retained,370,370,493,1786,47,0,6407.7,3995.9,29,24,iPhone
10893,retained,196,165,203,1188,136,20,977.1,655.1,7,7,Android
10894,retained,98,79,517,2315,0,2,4136.3,1358.0,23,21,iPhone
10895,retained,4,4,4,2298,194,0,3224.1,605.1,9,5,Android
10896,churned,32,26,145,1952,158,0,7149.3,4832.0,6,6,Android
10897,retained,79,65,295,1884,0,0,3235.9,465.0,29,27,iPhone
10898,retained,91,73,315,1321,46,10,3344.1,1101.9,20,19,iPhone
10899,retained,133,107,212,874,425,11,2333.9,858.7,24,16,Android
10900,retained,20,17,20,63,415,69,12703.9,9699.1,28,20,Android
10901,retained,139,111,218,1350,58,14,12131.8,3687.8,22,18,iPhone
10902,retained,115,107,340,703,110,33,1742.5,1239.2,17,12,iPhone
10903,retained,173,139,207,162,47,111,3810.9,2369.1,13,13,iPhone
10904,retained,50,40,147,1379,18,0,1923.9,1278.3,25,25,iPhone
10905,retained,28,23,61,3258,77,47,8529.9,1954.9,7,3,iPhone
10906,churned,32,30,333,307,237,62,3714.5,1962.1,14,14,iPhone
10907,retained,157,127,346,3139,7,0,5817.4,3438.6,29,23,iPhone
10910,retained,342,276,353,2051,0,22,5416.7,4141.4,7,1,iPhone
10911,retained,32,32,44,2576,69,0,1006.3,641.2,26,22,iPhone
10912,churned,44,35,134,1244,139,2,5174.9,1735.9,3,0,iPhone
10913,retained,80,65,208,1225,454,0,3037.9,2283.9,26,18,Android
10914,retained,3,3,209,3026,104,68,6450.3,2690.4,16,13,iPhone
10915,churned,121,101,154,1845,58,79,4459.4,2604.5,16,15,iPhone
10916,retained,113,109,186,281,1,86,2614.7,1492.3,28,27,iPhone
10917,retained,3,3,34,2554,212,3,1763.0,736.0,7,7,iPhone
10918,retained,72,58,168,194,85,7,4426.3,1962.3,17,16,iPhone
10919,retained,5,5,388,2881,23,9,1738.0,729.7,4,4,iPhone
10921,retained,98,98,162,2012,0,0,3519.5,1653.6,1,0,iPhone
10922,retained,136,118,346,2099,7,27,1672.1,1364.1,3,1,iPhone
10923,retained,129,105,352,513,123,7,4121.1,3345.6,4,4,iPhone
10924,retained,13,13,107,3398,27,14,2699.7,1527.8,19,19,iPhone
10925,churned,49,41,91,956,59,0,4254.7,908.2,30,26,iPhone
10926,retained,39,39,152,1073,38,0,5108.9,585.9,8,7,iPhone
10927,retained,79,65,305,2538,151,0,3361.7,2345.2,3,0,Android
10928,retained,60,48,348,1724,339,53,4514.8,934.6,20,12,iPhone
10929,retained,12,10,316,2088,70,35,3018.7,773.3,23,13,iPhone
10930,retained,10,10,103,460,152,21,4639.7,1750.3,29,20,Android
10931,retained,57,46,62,2124,53,0,1310.2,859.3,10,10,iPhone
10932,retained,90,73,199,1467,203,0,6933.6,4611.1,19,18,Android
10933,retained,192,154,199,1983,75,48,1728.4,1178.0,21,19,iPhone
10935,retained,132,106,255,698,43,7,2255.7,314.6,19,19,Android
10936,retained,22,18,88,625,11,0,8247.9,907.2,8,8,Android
10937,retained,171,139,347,331,4,7,7400.8,2349.3,15,12,Android
10938,retained,3,3,314,2269,262,7,1475.0,370.3,18,15,iPhone
10939,retained,11,9,68,2576,26,32,2277.7,1169.0,15,10,iPhone
10940,retained,353,283,495,67,186,0,8479.1,2860.2,21,14,Android
10941,retained,4,4,27,1122,0,36,4771.7,2305.2,11,6,Android
10942,retained,419,336,614,499,34,0,3954.4,2068.9,15,15,Android
10943,retained,339,271,357,2794,61,0,1291.7,671.1,12,10,iPhone
10944,churned,94,78,109,1668,45,0,1602.9,884.9,4,2,iPhone
10945,retained,6,6,39,207,27,0,3106.7,2407.7,15,14,Android
10946,retained,61,50,68,2385,0,40,1126.2,730.9,21,17,iPhone
10947,retained,60,60,167,465,0,22,2263.9,793.0,2,0,Android
10948,churned,108,104,371,1202,205,0,5073.2,1428.2,25,16,Android
10949,retained,20,18,146,2950,7,66,3535.4,2496.1,6,4,iPhone
10950,retained,62,59,95,212,91,54,4343.5,1356.3,1,0,iPhone
10951,retained,128,116,241,2669,17,0,4323.7,2207.8,30,25,Android
10952,retained,29,29,74,1470,143,0,1393.8,1135.1,19,19,Android
10953,retained,4,4,52,3303,212,69,2166.4,1610.1,5,4,Android
10954,retained,26,26,278,500,132,26,2958.5,2408.8,14,8,Android
10955,retained,180,151,198,63,45,0,2948.0,1903.2,2,2,iPhone
10956,retained,106,85,263,425,317,24,4226.0,2306.1,6,3,iPhone
10958,retained,19,15,19,2156,5,0,1337.5,990.2,3,3,Android
10959,retained,35,29,134,2122,697,0,6256.0,3496.2,27,17,iPhone
10960,retained,39,31,88,108,2,16,7234.3,518.4,12,12,Android
10961,retained,16,16,47,757,428,0,1703.2,319.5,15,14,iPhone
10962,retained,14,14,49,3161,93,2,1217.7,467.5,26,20,iPhone
10963,churned,203,163,319,1822,275,28,5312.6,3129.4,2,2,Android
10964,retained,71,59,80,1520,203,28,4442.4,410.2,17,17,iPhone
10965,retained,54,44,195,1571,26,47,2591.5,1143.2,3,1,iPhone
10966,retained,25,25,42,3256,19,0,2517.3,1962.3,16,9,iPhone
10967,retained,43,34,617,1895,45,43,3374.5,2195.5,20,15,Android
10968,churned,31,25,164,413,115,0,2487.7,1134.4,10,10,Android
10969,retained,13,11,41,60,434,119,745.6,522.1,29,21,iPhone
10970,retained,94,94,219,205,90,0,9652.4,3015.2,13,11,Android
10971,retained,37,30,111,223,284,0,2715.6,1483.6,13,13,iPhone
10972,retained,92,74,333,1678,32,0,4153.6,1805.9,10,6,iPhone
10973,retained,51,41,113,2275,19,18,6779.3,3169.3,5,1,iPhone
10974,retained,75,61,135,2836,14,0,747.5,18.3,26,22,iPhone
10975,retained,109,108,264,197,100,0,3073.8,1869.0,24,15,iPhone
10976,retained,39,32,89,2528,89,30,1054.6,762.5,23,18,Android
10977,retained,33,26,122,1479,129,93,2360.4,1109.9,10,3,iPhone
10978,retained,263,211,385,2990,63,27,6788.2,1668.8,21,15,Android
10979,retained,47,40,252,2277,0,0,1021.3,378.6,4,0,Android
10980,retained,31,25,32,1004,34,127,3299.4,1608.2,4,0,iPhone
10981,retained,23,21,41,2097,259,14,2231.8,1537.8,20,18,Android
10982,retained,136,113,204,3383,113,0,1806.3,60.8,21,17,Android
10983,retained,43,34,150,3478,108,50,3049.3,752.6,31,26,Android
10984,retained,223,180,460,1113,248,0,2545.3,618.6,4,0,iPhone
10985,retained,15,12,62,2253,185,0,6095.8,2084.6,17,14,Android
10986,retained,217,183,296,3186,128,121,3778.9,2010.4,28,18,iPhone
10987,retained,49,44,358,1867,12,48,5366.5,526.7,5,5,iPhone
10988,retained,17,17,37,2271,29,55,11752.6,6055.8,20,18,Android
10989,retained,93,74,154,1940,186,42,1311.0,549.5,7,3,iPhone
10990,retained,108,88,147,789,8,69,2050.3,1700.5,12,12,iPhone
10991,churned,68,67,110,435,145,42,5531.2,3821.8,6,6,Android
10992,retained,148,119,222,1025,585,107,2366.1,1363.2,20,20,Android
10993,retained,11,9,573,2017,0,21,8899.9,3851.2,14,14,iPhone
10995,retained,15,12,45,2445,0,76,1713.8,712.7,20,17,iPhone
10996,retained,99,80,249,3166,223,75,1645.6,113.1,4,4,iPhone
10998,retained,176,159,279,3150,100,0,1035.8,608.4,21,16,Android
10999,churned,44,44,183,1027,140,0,8221.3,4535.4,5,5,iPhone
11000,retained,123,99,289,2598,14,32,2126.2,843.8,11,4,Android
11001,retained,373,373,391,1930,0,58,9806.2,6832.1,17,10,iPhone
11002,churned,7,6,41,1824,135,40,5025.2,3054.6,11,5,iPhone
11004,retained,12,10,253,3335,57,0,3338.7,2555.7,16,9,iPhone
11005,retained,2,2,55,3388,80,0,3720.5,1257.1,22,20,Android
11006,retained,81,67,96,118,115,54,2905.2,747.9,30,21,iPhone
11007,churned,37,31,100,1967,0,0,5718.7,3058.6,7,7,Android
11008,retained,151,124,204,2253,184,0,3593.9,2104.9,9,8,iPhone
11009,retained,41,34,606,940,17,66,5856.0,2343.0,9,5,iPhone
11010,retained,129,103,170,2310,114,55,2819.9,514.8,19,17,iPhone
11011,churned,64,52,91,587,187,0,1202.5,870.6,25,19,iPhone
11012,retained,63,51,172,1418,79,0,2079.1,1252.7,18,18,iPhone
11013,retained,113,95,263,3189,167,54,2220.5,1439.0,4,4,iPhone
11014,retained,22,18,117,3095,59,25,1193.0,424.3,0,0,Android
11015,retained,74,59,544,1396,61,0,2143.4,1498.0,30,23,Android
11016,retained,117,94,141,670,55,11,4724.6,361.0,27,19,Android
11017,retained,384,317,413,2342,0,4,1983.0,1191.4,15,11,iPhone
11018,retained,136,109,176,2813,11,2,4410.6,1244.0,16,13,Android
11020,retained,151,122,283,448,302,6,9431.7,6795.2,17,9,Android
11021,churned,47,40,144,36,353,0,10763.6,4617.1,18,17,Android
11022,retained,174,140,234,1820,122,51,3734.2,1846.3,5,0,iPhone
11023,retained,78,62,132,1206,40,7,770.3,568.2,29,28,iPhone
11024,retained,33,30,149,3084,42,0,8125.8,4571.0,1,0,iPhone
11025,churned,298,240,301,658,8,3,8429.9,2505.2,2,0,Android
11026,retained,49,40,164,1703,0,28,2442.9,1996.2,12,10,iPhone
11027,retained,70,58,98,697,401,41,5429.5,3008.7,24,24,iPhone
11028,retained,95,77,155,2838,74,38,2318.2,1867.5,12,8,Android
11029,retained,102,86,120,2362,89,7,8712.2,1845.1,13,12,iPhone
11030,retained,60,55,190,648,156,76,3927.9,797.9,9,6,iPhone
11031,retained,124,100,176,678,71,0,596.8,330.4,1,1,iPhone
11032,retained,173,140,288,1918,1,10,3316.4,708.3,22,22,iPhone
11033,retained,2,2,4,2433,61,46,3521.0,2793.4,22,18,Android
11034,retained,39,38,114,1122,24,36,6027.8,3332.8,5,5,iPhone
11035,retained,147,133,175,540,0,4,4888.4,2014.5,30,29,iPhone
11036,retained,59,48,229,964,11,172,3263.3,1026.6,5,5,iPhone
11037,retained,36,31,75,344,5,0,845.4,480.7,30,23,Android
11038,retained,28,22,56,2173,136,54,3276.0,2489.4,17,10,Android
11039,churned,70,58,122,68,247,35,4075.3,3315.9,16,11,iPhone
11040,retained,19,16,41,317,49,0,3602.5,2148.2,22,22,Android
11041,retained,30,25,219,1951,98,0,2129.2,948.6,9,9,iPhone
11042,retained,187,150,283,2924,164,68,4306.7,3036.3,29,19,iPhone
11043,retained,38,38,86,163,230,62,2480.7,887.9,19,17,iPhone
11044,retained,133,107,291,2344,95,337,2806.4,616.9,9,7,Android
11045,churned,23,19,39,1017,180,1,1883.2,1429.7,6,4,Android
11046,churned,23,18,107,2193,53,0,6962.7,5738.7,24,14,Android
11047,retained,69,65,121,2564,0,104,3379.5,1785.0,9,9,Android
11048,retained,35,28,56,999,271,19,8008.0,5564.9,29,20,iPhone
11049,retained,24,20,139,2881,290,41,4744.4,2231.3,8,3,Android
11050,retained,104,84,295,628,315,86,4900.5,3365.4,14,7,iPhone
11051,retained,109,94,247,2961,43,23,2838.5,300.0,29,26,iPhone
11052,retained,2,2,30,407,0,122,5467.0,2986.2,15,15,iPhone
11053,retained,3,3,51,1836,193,0,3652.5,2400.0,27,21,iPhone
11054,retained,168,134,196,443,100,64,5775.9,3117.5,10,10,iPhone
11055,retained,155,124,206,1723,0,27,5449.0,4096.9,18,18,Android
11056,churned,16,13,71,2370,69,23,2285.5,1263.5,23,18,iPhone
11057,retained,8,7,80,3448,87,41,13306.9,7337.7,26,25,iPhone
11058,retained,48,38,55,1255,62,0,3392.0,1920.6,6,6,iPhone
11059,retained,18,15,219,2474,67,0,2424.1,1465.6,18,10,iPhone
11060,retained,82,82,135,3341,18,7,8832.6,2599.3,2,2,Android
11061,retained,2,2,63,186,38,0,4258.0,2936.2,24,15,Android
11062,retained,34,27,45,1398,678,37,6526.5,3930.7,23,19,Android
11063,retained,66,53,170,3284,5,29,1445.7,843.7,13,6,iPhone
11064,retained,148,118,492,1518,181,109,6425.5,1524.0,0,0,Android
11065,retained,96,77,98,2712,0,0,5297.6,1306.9,21,16,iPhone
11066,retained,79,63,242,3410,167,12,1369.4,563.1,14,9,iPhone
11068,retained,17,17,44,503,18,54,2832.7,1780.4,31,24,Android
11069,retained,162,130,275,2883,58,9,1847.7,1439.6,30,28,iPhone
11070,retained,64,55,252,632,40,49,989.7,540.7,9,7,Android
11071,retained,148,118,160,22,10,39,2994.4,1441.7,22,14,iPhone
11072,retained,7,7,198,2479,0,39,5254.7,3367.6,7,7,iPhone
11073,retained,225,180,302,95,66,0,1359.2,814.6,5,4,Android
11074,retained,90,73,228,2051,0,90,3166.8,882.7,14,14,Android
11075,retained,289,232,460,465,230,0,6845.0,5253.4,5,5,iPhone
11076,retained,164,139,234,521,82,0,5164.2,2850.7,21,20,iPhone
11077,churned,17,14,132,992,5,148,1245.8,500.5,9,3,iPhone
11078,retained,23,21,71,1670,7,70,1569.8,389.9,9,4,iPhone
11079,churned,68,55,176,3348,247,0,6554.1,3277.8,12,9,iPhone
11080,retained,127,104,130,2894,401,28,2937.8,2157.9,28,20,Android
11081,retained,25,23,40,925,7,87,4817.6,3591.5,28,21,iPhone
11082,retained,251,202,294,2795,73,0,5724.4,3574.6,13,7,iPhone
11083,retained,178,154,249,2457,0,46,3717.4,3095.7,28,20,Android
11084,retained,17,13,75,754,0,31,524.1,401.7,18,14,iPhone
11085,retained,11,9,37,193,215,0,6867.5,3019.3,21,13,iPhone
11086,churned,50,40,122,1324,0,0,4007.4,1333.4,6,2,Android
11087,retained,107,86,272,26,2,0,6247.6,1207.8,7,4,iPhone
11088,retained,181,152,305,3455,0,8,10410.4,2934.8,10,5,iPhone
11089,churned,29,26,110,612,164,0,3176.7,2340.4,11,8,iPhone
11090,retained,111,90,128,1607,0,35,3551.4,1623.2,14,14,iPhone
11091,retained,61,49,360,2548,52,53,3189.7,1736.3,29,18,iPhone
11092,retained,67,54,160,1280,125,46,961.2,433.6,27,19,Android
11093,churned,15,12,54,1556,116,52,1998.3,1529.8,8,8,iPhone
11094,retained,80,80,90,1237,269,24,3820.3,2321.0,18,12,iPhone
11095,retained,184,174,263,2629,254,32,5167.4,3261.2,17,16,iPhone
11096,retained,93,75,233,1836,578,0,2299.6,1114.4,27,19,Android
11097,retained,11,9,75,2562,557,59,1669.2,459.3,26,21,iPhone
11098,retained,67,54,477,1707,97,0,3489.4,2055.7,29,22,Android
11099,retained,18,18,31,756,187,0,4824.8,816.3,5,3,iPhone
11100,retained,38,31,41,1181,324,0,5606.6,4036.1,21,14,iPhone
11101,retained,183,162,291,1700,123,4,1914.0,1547.2,25,22,iPhone
11102,retained,0,0,43,2900,113,4,11370.6,4320.6,3,2,iPhone
11103,retained,222,178,492,2519,84,127,5197.8,2328.7,9,9,Android
11105,retained,50,50,54,3102,88,0,3807.7,2743.1,14,8,iPhone
11106,retained,2,1,63,2338,0,0,2095.3,1044.9,3,0,Android
11107,churned,55,44,135,3273,0,0,4004.3,2224.8,4,4,Android
11108,retained,37,30,109,1519,260,140,4844.5,1696.2,17,16,iPhone
11109,retained,19,19,182,1996,44,0,2345.6,201.8,25,20,Android
11110,churned,116,93,302,2579,0,0,1228.5,901.5,6,6,iPhone
11111,retained,4,4,11,2343,106,9,5558.8,3959.1,24,18,Android
11112,retained,49,40,139,1732,0,0,3253.2,2459.1,29,21,iPhone
11114,retained,104,88,157,2197,367,12,1902.3,1371.0,20,12,iPhone
11115,retained,5,5,301,3035,0,0,1562.9,1111.3,22,22,iPhone
11116,retained,4,4,50,2229,0,46,5051.3,3717.1,11,6,iPhone
11117,retained,34,27,105,890,230,6,2836.2,1747.1,21,12,Android
11118,retained,41,33,166,220,232,0,448.5,314.8,20,13,iPhone
11119,churned,133,107,223,211,350,0,5088.9,1568.3,11,10,Android
11120,churned,58,47,97,389,0,0,2228.3,521.3,9,4,iPhone
11121,retained,11,9,124,98,72,54,1700.1,664.9,18,17,iPhone
11122,retained,155,131,205,3342,64,0,2375.7,676.7,15,15,iPhone
11123,retained,68,56,79,1649,0,0,5386.4,2209.0,26,17,iPhone
11124,retained,164,132,326,2293,33,17,7321.8,4136.9,1,0,iPhone
11125,retained,27,27,31,3433,14,0,6088.6,4797.1,12,12,Android
11126,retained,185,155,512,2123,0,23,2315.5,1400.9,16,9,Android
11127,churned,262,210,315,321,160,0,2132.4,687.2,18,10,Android
11128,retained,272,218,433,933,208,46,12030.0,2784.3,23,18,Android
11129,churned,68,67,137,1417,298,94,7754.2,1978.0,0,0,iPhone
11130,retained,109,97,124,2203,60,191,1819.4,147.0,13,13,Android
11131,churned,245,208,251,1949,53,0,1930.5,934.8,23,16,iPhone
11132,retained,15,13,164,1151,106,54,1485.5,1118.8,22,20,Android
11133,retained,38,31,63,896,98,0,7082.5,4218.6,17,10,iPhone
11134,retained,38,31,150,3348,127,114,6401.8,1921.4,28,26,Android
11135,retained,100,81,215,1434,0,0,4384.8,3645.6,28,22,Android
11136,churned,52,51,406,1909,10,157,3277.8,1831.5,5,0,iPhone
11137,churned,68,55,141,3020,12,0,5141.6,1003.6,7,7,iPhone
11138,retained,154,126,308,323,60,0,6137.7,1306.2,27,20,iPhone
11139,retained,0,0,335,203,103,130,6494.8,2249.3,25,22,Android
11140,churned,58,46,59,445,325,93,3313.8,1015.1,1,0,iPhone
11141,retained,7,5,89,2082,0,18,2123.2,1625.4,15,11,iPhone
11142,churned,37,37,44,1550,223,18,11310.5,1505.9,21,17,iPhone
11143,retained,2,2,3,3206,0,39,4027.0,1274.4,7,7,iPhone
11144,retained,173,139,263,512,61,0,2473.6,2032.0,22,22,iPhone
11145,retained,5,5,29,2633,4,13,6371.4,3867.1,25,17,Android
11146,churned,62,51,120,2780,0,0,2004.0,816.6,0,0,iPhone
11147,retained,111,89,127,967,23,0,2223.8,928.7,29,27,Android
11148,retained,84,68,326,3193,0,2,2021.2,1051.1,12,5,Android
11149,retained,160,130,210,446,235,66,5056.6,1366.1,16,11,iPhone
11150,retained,86,69,205,877,73,161,1825.2,1501.6,30,26,Android
11151,retained,6,6,213,2984,0,14,937.5,541.2,21,14,iPhone
11152,churned,219,176,312,407,0,0,5863.1,2341.5,15,15,iPhone
11154,retained,105,86,192,1777,123,46,5718.4,895.1,11,11,iPhone
11155,retained,62,50,146,1498,251,140,1019.6,433.4,4,3,iPhone
11156,churned,170,136,430,295,20,0,7249.0,3543.3,2,0,iPhone
11157,churned,59,47,341,731,158,111,4894.4,2076.5,2,0,Android
11158,churned,92,74,102,2456,226,19,5946.3,4068.8,1,1,iPhone
11159,retained,40,40,171,426,107,8,2067.4,612.9,9,8,iPhone
11160,retained,32,32,96,1233,0,0,8536.8,5870.0,30,27,iPhone
11161,retained,101,81,132,1039,67,0,1115.6,595.1,30,22,Android
11162,retained,112,101,221,840,247,85,4379.5,2394.9,14,14,iPhone
11163,retained,46,44,175,842,189,69,3620.3,1095.4,6,6,iPhone
11164,retained,31,31,170,1847,487,21,1267.6,429.7,14,14,Android
11165,retained,55,44,258,1431,28,12,5215.9,2397.0,9,9,iPhone
11166,retained,101,83,106,2847,186,27,5646.8,4449.8,20,12,iPhone
11167,retained,52,42,240,3396,194,0,1118.8,205.5,10,10,iPhone
11168,retained,3,2,184,1287,24,0,8581.2,2073.9,24,17,iPhone
11169,retained,27,24,269,712,116,0,2325.6,1626.2,0,0,iPhone
11170,churned,91,91,93,93,165,0,1746.5,169.4,30,21,iPhone
11171,retained,229,185,260,611,482,123,2031.8,1584.9,6,4,Android
11172,retained,2,2,89,2522,61,0,3785.0,1379.2,8,3,Android
11174,retained,37,31,149,1087,180,0,3023.0,2009.0,9,9,Android
11175,retained,46,37,124,2869,66,0,3178.8,146.4,13,7,iPhone
11176,retained,13,12,128,2332,43,0,2031.8,517.5,1,1,iPhone
11177,retained,59,47,218,2747,47,0,2128.3,964.5,4,1,iPhone
11178,retained,4,4,79,2502,0,107,6977.6,3067.8,5,3,Android
11179,retained,98,79,342,643,99,47,4836.4,3022.7,27,25,iPhone
11180,churned,9,8,10,3485,160,100,4863.5,1888.2,1,1,iPhone
11181,churned,25,21,39,940,767,48,2677.0,1517.3,1,0,Android
11182,retained,15,12,128,2317,165,0,5500.8,3451.3,6,6,Android
11183,retained,34,28,41,2938,11,42,803.0,510.6,17,11,iPhone
11184,retained,61,49,84,579,0,0,2995.0,793.4,29,19,iPhone
11185,churned,1,1,225,1069,106,71,1717.1,827.6,26,21,Android
11186,retained,103,83,491,167,252,0,2965.3,288.1,3,0,iPhone
11187,churned,25,21,64,742,23,8,5592.1,3252.1,9,3,iPhone
11188,retained,24,24,42,3481,57,113,3409.3,2710.4,5,4,iPhone
11189,retained,14,11,102,2592,131,59,6372.3,676.2,4,0,Android
11190,retained,115,98,632,1155,163,0,3376.5,1049.9,27,18,Android
11191,retained,268,214,431,1905,55,10,2614.1,1050.0,31,25,Android
11192,retained,146,117,304,645,0,30,3588.5,664.9,4,4,Android
11193,retained,96,92,111,1131,466,0,3387.2,2718.4,16,14,iPhone
11194,retained,50,41,114,2082,829,0,3143.7,1430.7,15,8,iPhone
11195,churned,25,21,123,2773,0,9,6996.7,1725.9,5,3,iPhone
11196,retained,69,65,175,1896,56,164,2504.8,1184.6,6,2,iPhone
11197,retained,64,51,182,3407,585,0,6678.4,3273.0,9,4,iPhone
11198,retained,8,7,154,591,112,79,4935.3,2355.6,4,3,Android
11199,churned,241,193,316,1453,64,20,3610.8,1898.5,18,12,iPhone
11200,retained,417,334,460,2091,358,3,2602.1,1113.2,10,7,Android
11201,retained,2,2,86,2002,437,45,3684.1,1057.8,16,16,iPhone
11203,retained,40,33,198,2011,26,67,3142.6,1964.5,14,14,Android
11204,retained,9,7,49,1158,0,36,5162.5,1725.4,27,18,iPhone
11205,churned,175,140,187,1888,0,0,4840.0,1844.2,2,0,iPhone
11206,retained,103,83,549,2654,310,0,3629.5,1078.6,21,17,Android
11207,retained,5,5,12,404,20,0,6860.2,1285.7,30,22,Android
11208,retained,210,170,262,1886,0,67,4226.1,3386.8,12,6,Android
11209,churned,23,19,38,543,0,5,5004.4,3815.9,2,0,iPhone
11211,retained,73,59,123,2169,133,19,4910.8,3842.0,9,9,iPhone
11212,retained,39,31,220,2960,152,99,4316.1,2688.8,25,25,iPhone
11213,retained,72,61,145,2373,0,0,2928.2,335.4,8,7,Android
11214,retained,79,63,184,3237,194,0,3853.0,1800.2,22,20,iPhone
11215,retained,137,137,145,1363,238,0,10152.5,7459.4,18,14,Android
11216,retained,17,17,106,2150,72,0,2705.9,2243.8,16,11,iPhone
11217,retained,13,11,85,3238,645,105,6291.3,5159.9,17,15,iPhone
11218,retained,90,74,707,3267,36,64,4000.5,3005.5,19,14,iPhone
11219,retained,21,20,137,2663,35,52,5021.1,680.1,24,18,iPhone
11220,churned,208,167,387,2173,41,0,2519.5,1608.9,4,3,iPhone
11221,churned,58,48,159,2171,3,0,9188.7,7145.5,1,0,iPhone
11222,retained,56,48,70,2081,0,29,2250.6,1665.1,19,11,iPhone
11223,churned,45,37,136,2082,91,23,4293.3,1216.1,3,0,Android
11224,retained,35,29,45,533,84,27,1572.3,256.4,24,14,Android
11225,retained,88,71,102,2159,209,108,2953.5,1923.2,9,5,iPhone
11227,churned,6,6,11,731,462,60,4549.5,2776.4,12,9,iPhone
11228,retained,100,83,150,2292,0,40,3954.7,2302.8,29,23,iPhone
11229,churned,25,21,69,208,6,0,2199.8,1632.7,2,0,iPhone
11230,retained,101,83,367,2338,380,5,4933.0,2878.4,23,17,Android
11231,churned,77,69,107,356,293,64,5417.4,584.9,21,18,Android
11232,retained,83,67,412,2852,0,12,4448.8,3187.0,4,4,iPhone
11233,retained,21,17,142,3386,122,0,2342.2,1525.1,3,0,Android
11234,retained,59,47,121,672,93,34,2218.5,1839.0,3,2,iPhone
11235,retained,328,264,413,832,0,103,4242.3,3157.4,22,21,Android
11236,churned,11,9,67,1073,25,151,4332.5,1341.4,16,16,Android
11237,churned,3,3,34,865,22,10,5387.1,3840.2,5,3,iPhone
11238,retained,16,16,117,3132,13,3,2384.2,1393.5,2,2,iPhone
11239,retained,65,53,184,1762,0,106,5348.6,2132.4,17,17,iPhone
11240,retained,97,78,249,2487,0,0,3005.1,1760.2,12,9,Android
11241,retained,264,211,305,2151,51,169,4923.9,1878.4,5,2,iPhone
11242,retained,12,12,20,1924,0,205,1480.2,1062.2,6,3,Android
11243,retained,83,67,126,1286,0,0,8737.4,4997.7,17,13,iPhone
11244,retained,7,6,32,3171,92,54,1965.8,806.6,27,21,iPhone
11245,retained,18,14,137,72,70,0,3259.2,864.8,20,16,iPhone
11246,retained,56,56,119,372,42,97,2184.0,339.6,2,2,iPhone
11247,retained,118,95,275,2801,21,86,2182.8,1710.6,21,16,iPhone
11248,retained,59,48,248,325,38,0,6415.1,1070.2,18,11,Android
11249,retained,89,73,99,2746,254,0,4569.1,3732.8,25,18,iPhone
11250,retained,41,33,96,1729,0,0,5890.4,3732.2,17,15,Android
11251,retained,34,29,279,2824,284,0,1576.2,1069.4,27,26,iPhone
11252,retained,17,17,130,2281,597,0,2681.1,1153.5,18,14,iPhone
11253,retained,43,37,440,2760,48,33,2499.6,762.2,8,8,Android
11254,retained,77,62,276,2466,0,130,3552.5,1191.6,25,23,iPhone
11255,retained,40,35,68,2754,74,0,3073.7,1072.4,11,6,iPhone
11256,churned,41,33,72,1419,41,0,651.8,155.5,1,0,iPhone
11257,retained,134,108,147,1015,0,0,2411.2,900.8,4,4,iPhone
11258,churned,230,184,487,1081,0,0,6927.7,3959.1,13,6,Android
11259,retained,1,1,94,2191,96,85,15777.4,9361.5,24,23,iPhone
11260,retained,9,9,47,1285,101,0,1910.1,227.6,15,15,iPhone
11261,retained,76,62,150,3482,0,19,1052.0,494.0,10,7,Android
11262,retained,81,65,311,1679,70,31,526.4,299.4,10,6,iPhone
11263,retained,44,37,112,330,0,0,821.6,561.4,20,20,iPhone
11264,retained,34,34,104,2310,348,11,8257.1,2750.4,10,10,iPhone
11265,churned,93,75,187,120,4,0,1382.8,1116.9,8,8,iPhone
11266,retained,186,149,218,620,26,42,3845.3,2037.7,27,23,iPhone
11267,retained,27,27,105,625,230,0,4363.9,3080.1,16,9,Android
11268,churned,1,1,181,2889,85,59,5353.1,2862.8,1,1,iPhone
11269,retained,88,72,158,3103,0,0,1246.5,1019.3,14,14,Android
11270,retained,107,98,144,1028,0,0,1240.5,812.5,20,19,iPhone
11271,retained,60,50,74,128,51,115,4119.2,982.7,22,22,iPhone
11273,retained,89,71,179,3380,3,29,1050.3,403.0,11,6,iPhone
11274,retained,117,94,158,3115,181,0,6425.6,1710.4,2,2,iPhone
11275,churned,7,7,97,1656,13,0,5683.2,1846.5,0,0,iPhone
11276,churned,175,143,238,3338,22,55,1142.2,537.1,1,0,iPhone
11277,retained,142,133,164,2886,22,1,8354.2,5816.5,2,2,iPhone
11278,retained,209,167,479,3481,41,33,10224.9,727.0,9,9,Android
11279,retained,32,26,110,2095,67,29,3486.1,680.3,14,14,iPhone
11280,retained,289,232,570,1081,478,85,3392.2,1062.9,31,22,iPhone
11281,retained,135,109,290,559,34,0,2577.0,1849.5,30,24,iPhone
11282,churned,122,97,142,2610,270,29,2148.8,1228.1,1,1,Android
11283,retained,75,61,140,3377,28,4,2255.6,882.6,11,8,iPhone
11284,retained,102,89,257,2228,31,0,4718.6,3567.8,31,27,Android
11285,retained,36,29,67,2566,16,150,1103.2,402.8,4,4,iPhone
11286,retained,236,189,523,2403,6,0,3070.2,635.4,11,8,iPhone
11287,retained,30,25,144,1539,200,0,3066.4,2143.0,16,14,Android
11288,retained,8,8,93,485,175,8,4168.6,1476.8,14,12,iPhone
11289,retained,78,62,89,3321,27,12,4199.6,1706.2,29,26,iPhone
11290,retained,116,93,306,2802,257,16,3796.0,677.8,8,6,Android
11291,retained,18,18,143,2887,16,4,2045.7,1221.8,22,14,iPhone
11292,retained,196,158,258,1278,29,8,2836.9,1504.9,18,10,iPhone
11293,retained,17,14,244,227,166,43,4866.4,732.2,18,10,iPhone
11294,retained,207,167,223,825,156,63,812.7,163.6,24,14,iPhone
11295,retained,10,10,75,1081,110,0,4691.0,627.0,17,11,iPhone
11296,retained,10,8,47,438,0,17,1968.7,626.5,26,25,Android
11297,retained,34,28,94,312,9,66,3892.5,2353.3,27,23,Android
11298,churned,62,50,75,1647,331,86,877.9,640.4,8,3,iPhone
11299,retained,48,40,129,3358,144,0,966.0,773.5,15,9,Android
11300,retained,7,7,191,3447,118,55,6827.4,1073.8,10,7,Android
11301,retained,101,81,119,2766,48,0,4042.7,2073.2,22,17,Android
11302,retained,14,14,90,1849,263,39,1876.2,1388.7,0,0,iPhone
11303,churned,61,49,125,2642,128,0,5319.6,3824.5,2,2,iPhone
11304,retained,2,2,67,574,232,0,7150.7,2105.8,26,20,Android
11305,retained,6,6,211,3071,2,93,3963.3,3278.0,15,9,iPhone
11306,retained,250,201,285,2125,211,55,13804.8,9381.8,31,23,iPhone
11307,retained,3,3,197,2094,162,54,3755.5,1755.5,15,9,Android
11308,retained,13,11,50,1781,0,0,1359.5,821.4,6,3,iPhone
11309,retained,151,121,267,801,157,27,3004.7,1778.1,13,8,iPhone
11310,churned,12,12,69,800,32,210,3322.1,730.4,4,0,Android
11311,retained,80,70,218,749,0,25,3819.2,3163.4,9,9,Android
11312,retained,211,197,394,2959,272,0,1156.6,876.9,28,21,iPhone
11313,retained,32,26,213,1188,3,9,2428.0,633.9,23,21,Android
11314,retained,34,27,115,2528,545,107,3805.3,1825.2,27,19,iPhone
11315,retained,124,102,173,1547,298,0,2624.7,334.8,25,22,Android
11316,retained,27,22,184,733,0,0,1582.2,1168.2,13,12,iPhone
11317,retained,42,34,178,452,227,0,1248.2,431.8,25,20,Android
11318,retained,9,7,190,3314,280,15,2853.4,1349.2,13,7,Android
11319,retained,96,78,103,311,23,0,3132.0,2312.5,14,14,Android
11320,retained,65,54,157,1700,29,23,614.9,480.9,17,17,Android
11321,retained,106,91,156,3222,268,32,2045.5,432.5,30,26,Android
11322,retained,168,134,304,1965,60,18,2880.5,1150.6,27,18,iPhone
11323,retained,131,109,178,3324,29,0,6806.6,3267.4,1,1,iPhone
11324,retained,160,128,246,3064,0,0,4158.5,773.3,8,2,iPhone
11325,retained,30,24,61,812,14,0,1642.2,924.3,20,13,Android
11326,retained,8,7,19,3258,0,61,3211.2,1152.8,1,1,Android
11327,retained,23,19,57,541,157,248,3020.0,1219.7,25,22,Android
11328,retained,42,35,223,1502,262,0,2107.8,1355.0,1,1,iPhone
11329,churned,61,56,75,168,188,74,2470.0,1921.2,15,9,Android
11330,churned,29,25,127,3339,89,44,2664.2,932.9,1,0,iPhone
11331,retained,43,34,59,2014,488,7,1544.3,923.3,4,2,iPhone
11332,retained,389,314,444,2037,83,219,2246.3,1449.4,30,21,iPhone
11333,retained,59,47,146,2999,110,0,3223.1,2359.8,2,1,Android
11334,retained,29,29,59,635,0,0,4071.9,2283.2,22,14,Android
11335,retained,73,61,213,1140,136,19,8930.4,1019.5,10,7,iPhone
11336,churned,31,25,140,2731,183,15,6367.3,4508.9,16,16,iPhone
11337,retained,120,96,154,1755,0,0,1305.6,464.9,16,9,Android
11338,retained,228,182,322,3266,56,66,2546.6,350.1,14,9,iPhone
11339,retained,48,40,58,1007,71,0,3469.1,2814.2,15,14,iPhone
11340,retained,2,2,55,3423,292,27,3856.7,2120.6,18,14,Android
11341,retained,10,8,90,2776,132,0,3266.0,929.8,13,8,iPhone
11342,retained,135,135,317,2029,5,11,3687.2,2467.2,28,22,iPhone
11343,churned,151,121,211,2567,699,71,8528.8,3894.6,20,11,Android
11344,retained,15,13,73,1512,0,0,7728.8,6172.6,29,22,iPhone
11345,retained,58,48,329,807,399,15,1121.1,766.7,16,10,iPhone
11346,retained,39,31,58,2273,0,154,3663.6,2806.0,16,15,Android
11347,retained,114,93,175,3360,120,0,2809.8,632.9,2,0,Android
11348,retained,5,5,360,2697,79,0,602.4,169.3,13,13,iPhone
11350,retained,173,139,237,1607,0,49,5303.4,1167.4,11,11,iPhone
11351,churned,79,66,162,171,132,0,2479.5,655.4,2,2,iPhone
11352,retained,191,153,243,3092,5,156,3501.9,1476.3,22,20,iPhone
11353,retained,103,84,154,2994,451,0,6760.0,2070.4,9,7,iPhone
11354,retained,56,56,172,1047,133,0,2383.6,1260.1,23,18,Android
11355,retained,204,164,541,714,108,6,3338.5,2537.8,6,6,iPhone
11356,retained,302,243,456,835,324,0,6362.2,2149.4,1,1,Android
11357,retained,98,78,396,3474,32,161,1654.9,1295.1,17,17,iPhone
11358,retained,0,0,31,2007,273,16,2864.6,1168.6,19,15,Android
11359,retained,54,45,59,2868,297,0,1931.9,1364.9,7,6,iPhone
11360,retained,225,180,582,580,0,0,2350.5,1379.1,18,12,Android
11361,churned,6,6,23,1050,0,49,4917.5,1640.7,5,2,iPhone
11362,retained,25,21,97,207,24,2,7003.9,2842.0,28,20,iPhone
11363,retained,130,104,285,1113,123,0,3602.4,1624.8,25,23,Android
11364,retained,57,46,222,2992,135,51,1728.8,1080.1,11,11,Android
11365,retained,30,27,191,2966,55,28,3522.8,1121.4,13,12,Android
11366,retained,15,12,121,2094,56,17,9751.7,2965.0,6,6,iPhone
11367,retained,22,18,368,1344,46,47,1818.4,744.2,24,16,iPhone
11368,retained,129,106,476,709,0,0,7886.6,5494.0,25,16,iPhone
11369,retained,106,85,190,1948,111,52,1502.4,889.3,22,13,Android
11370,retained,352,282,474,335,110,14,6850.9,2001.4,27,19,iPhone
11371,retained,2,2,191,977,87,11,3103.4,2421.0,11,9,iPhone
11372,retained,4,4,403,2006,322,2,12687.4,4924.4,28,19,Android
11373,retained,117,94,122,493,17,16,6133.3,2864.1,7,6,iPhone
11374,retained,75,61,202,3013,144,0,1177.2,955.8,28,22,Android
11375,churned,116,93,142,349,243,48,6520.6,4933.0,4,2,iPhone
11376,retained,28,23,32,2964,21,50,9357.4,3793.2,5,5,Android
11377,retained,48,41,50,599,47,0,4653.4,1942.2,27,25,iPhone
11378,retained,324,259,345,2775,81,0,6529.8,5153.2,14,14,iPhone
11379,retained,48,38,97,679,75,23,9420.5,5976.8,18,14,iPhone
11380,churned,24,23,87,1225,235,128,2951.3,1752.9,0,0,iPhone
11381,retained,107,89,159,1150,186,61,3858.2,2739.9,21,21,iPhone
11382,churned,13,13,31,996,0,53,1671.6,589.2,2,1,iPhone
11383,churned,207,167,372,48,158,124,2256.0,794.5,10,9,iPhone
11384,retained,81,71,114,3194,8,38,2356.0,1921.2,18,14,Android
11385,churned,70,56,509,2560,146,0,2073.5,934.3,4,2,iPhone
11386,retained,71,57,228,2531,166,32,783.0,450.7,29,27,iPhone
11387,retained,76,61,84,893,97,0,3139.9,1901.5,16,8,Android
11388,retained,67,54,116,1837,292,187,3931.5,1386.7,6,3,iPhone
11389,retained,76,61,190,2533,0,0,13671.9,8714.6,24,20,iPhone
11390,retained,18,18,263,889,90,0,6797.8,5266.3,19,11,iPhone
11391,retained,28,22,70,1830,580,33,4205.9,1170.1,22,15,iPhone
11392,retained,23,19,86,2203,201,110,3580.3,1057.3,19,12,iPhone
11393,retained,31,31,39,1403,88,11,7865.5,2523.0,7,6,Android
11394,retained,501,405,669,2240,9,32,4289.2,2896.0,24,23,Android
11395,retained,63,51,178,2695,0,0,3953.7,628.6,10,10,iPhone
11396,churned,56,56,64,3443,60,47,4398.9,2536.9,13,7,Android
11397,churned,107,107,114,416,313,20,1682.4,840.9,25,22,iPhone
11398,retained,91,74,220,127,0,18,3412.5,2734.2,31,27,Android
11399,retained,137,110,232,430,149,161,1319.5,268.2,6,5,Android
11400,retained,131,105,324,2715,29,43,2721.2,69.4,11,4,Android
11401,retained,70,65,83,232,1182,0,4217.9,3229.6,8,8,Android
11402,retained,20,16,336,2653,205,0,8273.6,1911.0,5,2,iPhone
11403,retained,124,100,145,1334,212,36,683.1,195.7,12,10,Android
11404,retained,20,17,247,3403,78,0,7817.5,5637.1,3,1,iPhone
11405,retained,82,66,449,854,183,15,1823.9,1149.2,20,11,Android
11406,retained,38,36,90,3029,0,105,1188.6,962.2,8,8,iPhone
11407,retained,70,56,112,1974,113,21,4446.4,907.0,16,9,Android
11409,retained,4,4,201,2389,56,32,4126.0,1737.2,6,6,iPhone
11410,retained,15,15,88,1357,393,29,4385.8,2761.6,15,10,Android
11411,retained,9,9,84,1568,379,47,2781.3,1813.8,19,16,iPhone
11412,retained,17,17,64,858,4,8,2195.4,1140.0,14,14,iPhone
11413,retained,136,118,197,2992,168,8,7774.4,1659.6,23,22,iPhone
11415,retained,6,6,60,2543,7,0,3131.4,109.4,12,12,iPhone
11416,churned,65,52,133,1311,0,25,1905.2,374.7,1,0,iPhone
11417,retained,420,336,424,1548,183,40,3752.2,2614.8,29,27,iPhone
11418,retained,1,1,176,3434,144,117,2557.1,1748.4,3,0,iPhone
11419,retained,121,97,186,2844,110,81,4000.1,3180.1,26,20,iPhone
11420,retained,51,42,63,2682,0,141,2765.5,813.1,12,5,iPhone
11421,churned,45,36,57,2772,203,60,2349.5,822.9,23,14,iPhone
11422,churned,99,80,284,112,446,13,10427.8,6076.7,13,9,iPhone
11423,retained,77,62,173,2880,0,31,4258.9,2382.0,11,11,iPhone
11424,retained,12,10,48,2474,133,0,4120.2,2913.8,28,19,Android
11426,retained,8,8,81,349,141,60,8235.5,3748.9,27,23,iPhone
11427,retained,31,28,49,1275,27,11,1230.1,796.6,23,16,Android
11428,retained,67,55,95,2563,206,0,2911.2,2011.2,11,8,Android
11429,churned,91,73,162,1814,44,73,7358.5,3513.0,14,8,Android
11430,churned,200,166,305,863,125,49,5505.2,4522.8,18,17,Android
11431,retained,138,112,571,2737,0,14,4057.8,3137.4,8,8,iPhone
11432,retained,75,61,348,2913,0,0,5441.8,2629.4,19,19,iPhone
11433,retained,59,48,201,1034,250,0,3300.5,2744.9,20,15,iPhone
11434,retained,143,114,306,682,171,0,2644.2,2154.1,22,18,iPhone
11435,churned,81,72,489,513,285,0,9620.5,6035.2,8,8,iPhone
11436,retained,28,23,116,2654,247,91,4002.0,2934.2,19,13,Android
11437,churned,120,96,184,1344,61,31,2303.5,803.6,3,3,Android
11438,retained,18,15,47,3325,99,0,1965.1,418.9,4,4,iPhone
11439,retained,50,41,87,1370,52,0,2854.9,1610.7,7,7,Android
11441,churned,43,35,89,415,82,0,3049.0,2082.2,24,17,iPhone
11442,churned,87,84,148,799,0,0,8953.3,6315.4,1,0,Android
11443,retained,19,19,227,317,121,0,1182.5,630.5,25,19,Android
11444,retained,140,140,203,2515,175,32,1641.7,354.7,9,9,Android
11445,retained,8,8,302,1244,225,16,2065.8,959.0,12,12,iPhone
11446,churned,15,12,127,368,203,20,3422.3,2148.1,21,13,iPhone
11447,retained,10,8,35,1258,0,6,6536.8,3075.2,21,19,iPhone
11448,retained,6,6,128,2426,101,16,12648.6,10348.4,23,14,iPhone
11449,retained,23,23,31,2354,0,73,4059.1,1745.6,10,9,iPhone
11450,retained,97,78,294,1754,240,0,4157.9,1437.7,13,9,iPhone
11451,retained,18,16,135,1221,110,88,4651.0,3284.9,4,0,iPhone
11452,retained,104,86,245,2010,0,23,4289.6,3322.9,14,6,iPhone
11453,retained,149,120,184,1729,458,117,6382.0,320.1,30,27,iPhone
11454,retained,2,2,166,2565,37,3,1155.5,801.2,30,24,Android
11455,retained,68,56,148,2357,11,19,3448.1,1448.5,13,6,iPhone
11456,retained,149,149,159,2327,94,0,3206.3,1375.7,4,0,iPhone
11457,retained,79,64,167,1816,265,0,4944.1,3969.4,6,6,iPhone
11458,retained,38,38,162,1389,35,11,5372.8,681.2,23,17,iPhone
11459,retained,12,12,77,2250,207,54,1528.3,533.5,29,19,Android
11460,retained,3,3,93,737,0,0,7259.6,1086.2,25,22,iPhone
11461,retained,75,60,452,764,0,26,2711.2,1655.1,19,12,Android
11462,retained,69,59,125,3306,143,124,1493.4,510.9,3,0,Android
11463,retained,48,39,167,1989,47,0,3368.2,2001.6,30,23,Android
11464,retained,87,70,257,1414,497,0,5757.3,2737.0,31,25,iPhone
11465,retained,182,156,387,2249,22,76,4663.4,1353.4,12,6,iPhone
11466,churned,8,8,171,580,100,38,1423.7,464.9,5,2,Android
11467,retained,31,30,584,1986,3,23,5381.0,1981.7,22,20,iPhone
11468,retained,16,13,124,2718,144,0,2922.6,1159.2,9,2,Android
11469,retained,198,159,259,976,1,11,4596.1,3823.1,27,24,iPhone
11470,retained,282,226,299,2636,0,82,956.6,378.1,19,14,Android
11471,retained,102,83,203,2617,0,84,5179.1,1823.5,23,20,iPhone
11472,churned,16,14,21,33,141,0,931.3,595.3,8,5,Android
11473,retained,16,13,316,1273,0,21,6861.1,4014.2,12,12,iPhone
11474,churned,159,127,490,3256,293,0,4579.1,3243.7,1,0,iPhone
11475,churned,14,11,46,1789,91,0,1039.5,771.4,14,14,iPhone
11477,retained,39,36,60,1257,142,20,9428.8,3669.3,20,17,iPhone
11478,retained,6,6,67,2882,108,56,2273.9,1464.9,1,1,iPhone
11479,retained,73,60,110,794,86,0,1345.4,1059.0,16,12,iPhone
11480,retained,56,46,170,760,104,0,9675.5,1718.8,25,22,iPhone
11481,churned,32,26,300,2587,0,0,1346.7,599.9,2,2,iPhone
11482,retained,152,122,338,390,9,0,3427.1,1082.7,29,22,iPhone
11483,churned,22,21,101,194,225,221,2650.2,1492.8,19,19,iPhone
11484,retained,116,94,123,763,61,6,4119.5,2409.9,19,19,iPhone
11485,retained,108,90,238,1985,0,45,1591.9,1191.5,30,23,iPhone
11486,retained,2,2,223,379,8,0,3750.0,1816.6,0,0,iPhone
11487,retained,102,82,157,2666,95,80,3702.5,297.0,27,22,Android
11488,retained,142,114,266,1581,121,13,3338.4,1824.8,23,22,iPhone
11489,retained,133,107,389,2335,106,84,4563.8,427.3,22,17,iPhone
11490,retained,9,9,157,2490,227,0,11457.7,9344.2,2,0,iPhone
11491,retained,52,52,227,847,140,0,3462.5,1151.4,16,12,iPhone
11492,churned,27,26,91,3142,130,35,4495.9,3378.9,11,11,iPhone
11493,churned,46,46,60,1592,0,61,3484.6,2141.6,6,6,iPhone
11495,retained,6,6,189,1455,45,0,1637.9,936.8,10,9,Android
11496,retained,74,63,95,1693,360,65,1286.2,591.8,18,15,iPhone
11497,churned,170,137,208,2873,0,16,3640.5,2251.0,7,7,Android
11498,retained,72,58,273,70,24,0,2851.6,1827.6,18,17,iPhone
11499,retained,298,238,305,545,245,0,1964.5,260.7,13,10,iPhone
11500,churned,0,0,171,2929,58,38,1410.6,972.6,19,13,iPhone
11501,churned,125,101,176,496,13,47,12826.0,9848.2,16,12,iPhone
11502,churned,53,51,104,637,14,19,5513.4,2179.7,13,8,Android
11503,retained,19,16,25,1281,67,35,3732.1,1796.0,14,10,iPhone
11504,retained,134,110,165,139,149,0,1349.0,1054.4,1,0,Android
11505,retained,8,7,54,1461,340,26,2060.6,714.4,3,2,Android
11506,retained,84,68,586,750,968,87,15263.7,3087.3,23,21,iPhone
11507,retained,9,9,93,1115,64,10,3087.4,1399.2,1,0,iPhone
11508,retained,117,95,152,446,82,0,4735.3,1493.3,29,27,Android
11509,retained,48,39,100,1372,15,0,3277.5,2462.7,21,18,iPhone
11510,retained,127,119,192,777,38,0,1992.6,829.5,15,7,iPhone
11512,retained,15,12,138,1329,177,0,4546.8,1281.1,28,25,iPhone
11513,retained,55,44,105,2232,341,0,3842.5,2525.9,15,10,iPhone
11514,churned,93,74,125,1487,0,4,3811.0,2958.1,28,19,iPhone
11515,retained,87,71,96,1882,0,6,4143.6,1687.7,28,24,Android
11516,retained,76,62,130,1371,59,0,2935.4,119.0,24,23,iPhone
11517,churned,58,47,184,272,131,9,683.5,23.2,4,4,iPhone
11518,retained,25,20,32,1887,146,46,1424.5,770.9,26,16,iPhone
11520,retained,20,17,353,3206,1,0,950.9,346.5,5,5,iPhone
11521,retained,53,42,123,1610,126,116,3522.9,1804.1,17,16,iPhone
11522,retained,4,4,946,697,180,16,3081.4,1635.5,20,11,Android
11523,retained,39,36,380,1750,166,0,2326.8,1896.3,31,29,iPhone
11524,churned,67,54,82,581,3,0,2489.4,2024.7,1,0,iPhone
11525,retained,172,137,176,2519,175,45,2065.0,518.0,24,23,iPhone
11526,retained,39,39,71,1139,0,34,609.6,473.7,30,27,Android
11527,churned,146,118,206,592,61,49,1817.5,643.2,20,15,iPhone
11528,retained,194,157,216,3031,234,6,9980.9,3050.9,30,21,iPhone
11529,retained,140,136,290,1642,72,0,5082.5,1615.8,27,25,iPhone
11530,retained,38,31,291,3459,18,48,6849.6,3517.0,11,6,Android
11531,retained,20,17,30,1979,575,0,6504.7,4093.5,20,14,iPhone
11532,retained,26,24,77,3073,0,0,4847.6,3864.9,23,23,iPhone
11533,retained,24,24,67,1719,73,144,7789.1,4315.1,18,18,iPhone
11534,retained,29,24,31,2866,35,48,3423.0,985.7,26,18,Android
11535,retained,57,46,288,3138,172,67,3831.9,2653.9,11,8,iPhone
11536,retained,62,51,165,1989,314,47,1901.9,1247.6,8,7,Android
11537,retained,188,158,364,2980,33,0,2274.9,1454.2,24,20,Android
11538,retained,15,15,107,905,174,2,1069.8,615.8,30,24,iPhone
11539,retained,2,2,105,1729,154,0,3315.9,1029.9,17,14,iPhone
11540,retained,3,3,102,2235,0,0,3688.2,1062.3,8,6,iPhone
11541,retained,4,4,37,1073,0,0,1371.4,776.3,7,2,Android
11542,churned,8,6,125,985,135,181,3500.6,882.5,10,7,iPhone
11543,retained,393,315,402,2227,0,41,4027.4,3028.8,6,5,iPhone
11544,retained,90,75,176,2549,175,0,2645.9,1736.1,20,16,iPhone
11545,retained,147,147,248,2229,0,20,5264.6,1443.6,24,16,iPhone
11546,retained,238,190,466,2515,84,51,3813.3,689.6,26,23,iPhone
11547,retained,30,24,52,2452,6,0,3105.2,1370.9,19,16,iPhone
11548,churned,253,204,279,371,74,0,3364.1,819.3,7,7,iPhone
11549,retained,34,28,228,2535,75,25,4607.2,3188.9,19,18,iPhone
11550,retained,23,21,80,1931,51,65,4415.2,2205.3,27,24,iPhone
11551,retained,22,22,44,2860,233,0,1870.7,320.1,23,19,iPhone
11552,retained,112,90,278,3235,113,0,2277.2,639.5,12,12,iPhone
11554,retained,286,240,338,2395,0,0,2798.1,1832.8,19,14,iPhone
11555,retained,17,14,38,2326,317,0,3126.8,1331.6,6,6,iPhone
11556,retained,57,47,145,3468,0,28,6118.0,3993.8,22,13,iPhone
11558,retained,125,100,160,1077,1,131,1995.3,1583.4,27,17,iPhone
11560,retained,142,142,164,2424,116,0,6336.5,3568.2,28,21,Android
11561,retained,2,2,93,2199,163,2,1445.7,720.3,11,5,Android
11562,retained,124,108,140,2881,124,7,4436.9,1457.3,18,13,Android
11563,churned,22,19,127,1709,134,0,915.9,436.9,8,1,Android
11564,retained,57,46,176,2960,70,0,2828.0,2299.8,11,4,iPhone
11565,retained,82,66,98,37,0,0,8048.7,1379.0,27,22,iPhone
11566,retained,101,81,137,1367,0,121,4391.5,3157.1,3,3,iPhone
11567,retained,97,78,201,2031,184,0,4233.9,1318.1,11,11,iPhone
11568,churned,16,13,245,3301,0,0,9394.8,6505.0,4,4,iPhone
11569,retained,23,22,114,3064,311,0,6654.7,4201.7,2,2,Android
11570,churned,36,29,118,1821,0,0,5015.7,3220.0,24,18,Android
11571,retained,56,45,430,463,0,0,2423.2,1463.6,24,17,Android
11573,retained,47,38,136,737,0,23,2324.5,1586.8,23,20,iPhone
11574,retained,17,15,76,1035,282,5,1785.3,1332.7,13,11,Android
11575,retained,288,231,331,3391,0,0,6591.6,885.9,25,18,iPhone
11576,retained,20,16,187,2298,0,0,2225.1,651.5,31,24,iPhone
11577,retained,73,59,112,3485,91,0,1077.2,743.5,31,26,iPhone
11578,retained,72,59,819,485,105,0,4127.9,950.4,25,22,iPhone
11579,retained,50,50,115,1721,71,0,2162.0,1330.2,25,25,iPhone
11580,retained,7,6,92,2789,95,68,9014.0,4312.4,26,26,iPhone
11581,retained,16,13,102,2333,0,0,2363.5,723.8,14,10,Android
11582,retained,40,40,209,2694,0,2,3188.6,2232.6,3,0,Android
11583,churned,27,22,63,361,0,0,4443.1,3433.1,26,17,Android
11584,retained,361,289,422,3430,221,0,8751.1,2978.2,26,25,Android
11585,churned,89,77,276,136,92,0,6635.2,738.8,16,16,Android
11586,retained,20,18,145,3045,153,100,999.6,798.5,25,24,iPhone
11587,retained,49,49,338,1659,51,150,3115.1,2206.4,17,13,iPhone
11589,retained,17,17,59,1348,77,10,3556.8,1925.0,12,12,iPhone
11590,retained,54,44,144,2686,123,0,3718.1,2637.7,19,11,Android
11591,retained,92,74,105,2779,315,3,3549.7,2347.1,7,1,iPhone
11592,retained,16,15,63,2830,93,49,3925.8,839.0,1,0,Android
11593,retained,85,69,274,2076,83,31,1547.8,402.5,26,21,iPhone
11594,retained,139,112,292,2956,615,0,2621.4,1004.9,3,3,iPhone
11595,retained,83,67,462,1172,16,0,3655.3,1949.5,9,2,iPhone
11596,retained,97,82,157,288,98,0,9293.4,2832.5,23,19,iPhone
11597,retained,56,45,81,2585,39,0,6285.4,1210.9,23,20,Android
11598,retained,102,82,169,2941,180,37,768.6,260.1,4,0,Android
11599,retained,201,161,444,44,169,142,2226.3,1456.8,27,22,iPhone
11600,retained,20,17,188,141,0,0,2040.7,1260.3,19,18,iPhone
11602,retained,15,15,29,3209,177,71,6429.4,2123.5,26,16,iPhone
11603,retained,49,40,84,814,33,19,5167.5,862.1,26,21,Android
11604,retained,2,2,9,227,159,89,1705.6,1250.1,28,21,iPhone
11605,retained,31,31,89,2728,240,17,3234.5,2448.7,24,24,iPhone
11606,retained,280,254,406,332,80,0,2009.0,1597.1,14,14,iPhone
11607,retained,326,266,348,2827,309,22,5072.4,4035.8,20,19,Android
11608,churned,78,74,135,1799,0,7,4743.5,2713.2,17,16,iPhone
11609,retained,19,15,28,2034,234,0,3624.3,469.1,3,3,Android
11610,retained,9,8,31,1739,25,10,5083.5,3175.3,6,6,iPhone
11611,retained,4,3,153,1615,25,12,1805.7,438.0,0,0,iPhone
11612,retained,107,89,250,2063,479,44,2509.3,1770.9,5,5,Android
11613,churned,10,10,416,224,52,0,867.7,465.6,4,4,iPhone
11614,retained,3,3,127,2077,0,34,2607.7,1517.7,1,1,iPhone
11615,retained,66,53,139,2972,107,101,1114.6,836.4,19,19,iPhone
11616,retained,202,163,609,3089,0,0,2022.1,547.6,13,7,Android
11617,retained,5,5,94,3110,13,0,2000.9,1153.2,30,23,iPhone
11618,retained,36,36,184,3484,113,48,5737.9,3051.4,5,5,iPhone
11619,retained,48,39,188,1339,101,108,2321.6,970.7,31,30,Android
11620,retained,60,50,134,708,82,0,3517.4,1175.8,17,10,iPhone
11621,retained,73,59,431,2167,110,197,4192.5,864.6,15,13,iPhone
11622,retained,109,109,207,1473,81,0,3484.0,1817.6,10,3,iPhone
11623,retained,21,17,181,1338,3,0,338.0,214.9,11,7,Android
11624,retained,275,220,533,2478,95,207,2937.3,1136.3,30,23,iPhone
11625,retained,13,11,223,1369,10,0,1704.4,1301.5,26,24,iPhone
11626,retained,29,23,144,1159,186,9,2150.5,1783.5,24,16,Android
11627,retained,222,179,310,2629,133,0,1907.0,1456.5,15,15,Android
11628,retained,0,0,300,17,31,0,3948.8,3077.3,10,6,Android
11629,retained,69,58,147,366,9,14,3985.1,1414.6,5,5,iPhone
11630,retained,118,95,174,1145,184,11,4895.2,1524.2,26,23,iPhone
11631,retained,71,70,174,3339,17,128,6136.2,1610.0,22,16,Android
11632,retained,30,30,193,3103,407,148,2213.7,1492.5,17,13,iPhone
11633,retained,156,142,400,2968,88,0,3382.5,1820.5,8,2,iPhone
11634,retained,13,13,221,3211,71,21,1586.0,1292.6,14,8,iPhone
11635,retained,116,116,200,2790,222,0,3713.6,1209.1,11,9,Android
11636,retained,123,99,168,1123,88,2,8144.9,4715.3,3,1,iPhone
11637,churned,18,15,64,2176,168,0,2821.6,1582.0,1,0,Android
11638,churned,295,237,512,1951,29,86,3131.6,2337.5,12,11,iPhone
11639,churned,50,40,64,1813,71,0,1740.1,1403.3,14,12,iPhone
11640,retained,0,0,112,2015,5,0,6350.5,2478.8,21,13,Android
11641,retained,71,71,137,3446,12,59,2309.9,1293.5,1,0,Android
11642,retained,21,17,191,2948,348,45,2158.0,1525.0,24,21,Android
11643,retained,211,171,229,1977,21,20,3490.5,398.0,25,19,Android
11644,retained,91,74,429,17,52,0,6953.2,4607.6,17,16,iPhone
11645,retained,81,81,150,1351,108,174,1934.0,1183.3,28,24,Android
11646,churned,20,20,326,2889,23,14,3188.0,2069.8,2,0,iPhone
11647,retained,102,83,125,1863,217,0,5166.2,2432.1,29,27,iPhone
11648,retained,67,54,82,1438,35,186,9797.3,4908.9,16,13,iPhone
11649,retained,2,2,70,1737,297,5,4756.4,3135.5,24,21,iPhone
11650,retained,28,23,222,1711,27,0,1565.2,891.6,12,8,iPhone
11651,retained,58,50,75,1755,69,24,4022.3,525.2,17,11,iPhone
11652,retained,25,25,46,2881,18,52,7601.0,1262.5,3,3,iPhone
11653,retained,3,3,187,218,250,14,3517.6,2552.1,5,5,Android
11654,retained,50,41,58,3125,583,0,6284.7,2803.7,14,11,iPhone
11655,retained,73,64,156,1906,184,0,3511.3,1543.3,18,12,iPhone
11656,retained,67,53,125,2900,169,0,792.7,590.6,27,23,Android
11657,churned,49,40,108,267,192,9,1127.7,896.8,20,18,iPhone
11658,retained,375,308,429,2088,180,9,1338.7,597.0,10,6,Android
11659,retained,112,112,248,1980,0,0,4617.4,3122.3,3,3,iPhone
11660,churned,315,252,339,78,198,29,2433.2,1302.8,10,10,iPhone
11661,churned,149,119,218,1756,549,0,3905.3,1359.1,18,12,iPhone
11662,retained,114,92,136,1919,0,3,4427.1,320.8,18,11,Android
11663,retained,42,35,104,431,250,59,2723.0,1046.5,31,25,iPhone
11664,retained,44,35,190,1147,297,75,5950.0,3244.1,18,10,iPhone
11665,retained,86,70,459,1154,36,24,3381.2,352.3,17,9,Android
11666,retained,46,37,109,2001,196,2,2897.3,561.3,27,21,iPhone
11667,retained,37,37,111,2516,4,31,6262.8,1873.1,22,22,iPhone
11670,retained,74,64,87,446,0,0,7832.0,640.5,2,2,Android
11671,churned,4,4,184,376,242,0,3849.4,652.1,4,0,iPhone
11672,retained,20,19,54,120,206,0,9291.6,1247.0,10,8,iPhone
11673,retained,54,43,141,3102,218,0,3126.4,1927.7,4,4,iPhone
11674,retained,30,24,47,134,158,62,7181.9,4183.0,28,27,iPhone
11675,retained,41,33,163,846,61,0,3368.1,486.7,12,7,iPhone
11676,retained,93,75,172,2693,416,0,3174.2,628.4,21,15,Android
11677,churned,53,43,224,1059,0,31,4727.8,1953.5,3,0,iPhone
11678,retained,33,27,42,2479,203,0,5184.4,1179.4,6,1,iPhone
11679,retained,26,21,566,2955,98,46,2661.6,1648.2,12,8,iPhone
11680,retained,17,14,68,1367,76,0,2879.8,812.0,1,0,Android
11681,retained,72,59,162,2004,0,39,1602.2,1261.8,13,8,Android
11682,retained,31,27,226,821,18,0,2040.5,1567.0,28,26,iPhone
11683,retained,169,140,268,3027,93,0,2741.2,125.8,11,6,Android
11685,churned,88,73,134,48,320,0,2892.5,1520.3,12,8,Android
11686,retained,70,57,75,270,251,6,1185.0,541.2,28,26,iPhone
11687,churned,58,47,449,1655,50,0,9033.3,2469.3,17,15,Android
11689,retained,69,56,86,3122,102,9,7896.6,303.1,13,10,iPhone
11690,retained,8,8,39,748,60,0,2751.1,2291.8,17,11,Android
11691,retained,27,23,73,1502,0,6,3560.6,970.4,9,4,iPhone
11692,retained,80,80,296,2687,90,308,7223.7,4763.1,23,16,iPhone
11693,retained,11,11,133,968,18,0,2111.9,421.5,28,24,iPhone
11694,churned,46,39,226,1369,0,15,3010.0,2385.1,7,2,iPhone
11695,retained,15,12,127,179,323,90,5792.0,2806.3,4,4,iPhone
11696,retained,63,51,266,1542,31,15,1401.1,652.0,11,10,iPhone
11697,churned,1,1,92,520,39,0,2357.0,448.6,13,13,Android
11698,retained,3,3,46,504,369,0,3847.4,1757.7,15,13,iPhone
11699,retained,19,15,118,765,62,100,3673.0,1235.6,19,11,iPhone
11700,retained,174,140,238,1139,66,0,7106.6,467.1,5,5,iPhone
11701,retained,2,2,13,3210,0,129,7477.1,4909.4,12,6,iPhone
11702,retained,15,12,130,1556,77,50,2417.8,1777.4,22,22,iPhone
11703,retained,49,41,85,1468,406,0,7780.6,2679.6,15,8,Android
11705,retained,76,61,211,3101,235,17,2329.3,637.7,16,14,iPhone
11706,retained,57,46,199,2157,172,0,6126.8,3483.7,31,23,iPhone
11707,retained,42,33,269,2904,687,0,5769.1,3205.4,26,17,Android
11708,retained,66,58,161,1160,289,26,4743.9,982.8,29,23,Android
11709,retained,37,31,82,415,151,25,3969.8,1927.5,16,16,Android
11710,retained,122,98,157,2034,50,2,4241.8,2673.9,5,4,Android
11711,retained,240,193,518,2132,81,12,2044.4,1391.6,29,18,iPhone
11712,churned,192,154,305,3378,148,0,2262.1,753.9,4,2,iPhone
11713,retained,13,10,63,3028,38,83,4415.0,3619.9,22,13,Android
11714,retained,28,24,57,443,35,0,8381.8,1706.6,31,20,Android
11715,retained,59,51,182,2651,85,134,6059.5,643.3,9,7,iPhone
11716,retained,25,20,27,875,7,2,2016.2,700.0,19,17,iPhone
11717,retained,369,296,786,2988,31,0,8653.3,4433.3,21,15,iPhone
11719,retained,42,34,215,1040,62,25,2705.2,1996.0,16,10,iPhone
11720,retained,9,9,93,2947,208,94,7420.4,4130.4,22,15,iPhone
11721,retained,112,90,210,185,290,31,6779.4,265.8,5,0,iPhone
11722,retained,5,5,103,2092,0,0,1880.2,1565.7,17,15,iPhone
11723,retained,106,85,221,1669,19,0,2511.1,1057.2,17,16,Android
11724,retained,125,110,173,1839,148,0,1619.0,1288.0,4,0,iPhone
11725,retained,51,42,70,1567,86,24,3686.7,859.8,16,14,Android
11726,churned,12,11,146,1792,186,35,11555.6,7266.1,3,3,iPhone
11727,retained,81,65,135,3164,0,98,4874.4,950.5,7,7,Android
11728,retained,3,3,17,1562,43,0,4868.3,2643.6,10,6,iPhone
11729,retained,16,16,87,3110,0,44,3619.9,1350.1,18,11,iPhone
11730,retained,55,48,73,906,139,4,6215.0,1769.4,5,4,Android
11731,retained,49,39,129,2110,66,9,6864.9,2941.5,22,16,Android
11732,retained,55,44,56,777,6,10,2150.9,1172.7,15,15,iPhone
11733,retained,120,96,418,247,0,0,5995.2,1393.6,9,8,iPhone
11735,retained,16,15,46,3484,32,32,4563.8,2742.9,2,0,iPhone
11736,retained,178,145,301,1502,0,14,986.3,712.0,8,2,iPhone
11737,retained,38,35,85,1026,270,57,2643.0,1386.0,28,24,iPhone
11738,retained,3,3,176,2977,307,0,1559.5,488.4,4,2,Android
11739,retained,5,5,63,1046,268,12,5024.1,2736.4,6,5,iPhone
11740,retained,44,36,57,91,202,0,5624.6,2280.2,28,23,iPhone
11741,retained,45,36,57,3258,160,14,2862.4,2034.7,21,20,iPhone
11742,retained,32,32,229,2174,865,0,1635.2,190.8,26,22,Android
11743,retained,33,31,322,1717,2,0,2917.9,2058.7,15,13,iPhone
11744,retained,138,110,219,3169,67,0,1438.7,891.1,8,8,iPhone
11745,retained,17,17,46,1836,339,16,4710.1,1572.9,18,12,iPhone
11746,churned,259,212,307,2413,4,30,2995.4,596.0,18,16,iPhone
11747,retained,10,9,19,3313,21,71,5199.6,436.6,7,7,iPhone
11748,retained,57,47,137,2071,444,33,3837.1,2038.0,1,0,iPhone
11749,retained,65,52,182,2367,0,175,5221.6,1240.3,2,2,iPhone
11750,retained,113,91,260,934,0,62,3337.6,419.1,9,9,iPhone
11752,retained,133,108,211,2952,0,2,3538.7,2711.0,18,18,Android
11753,retained,92,83,398,2730,131,103,10771.9,1187.5,7,7,iPhone
11754,churned,10,9,136,271,59,0,3428.1,2710.4,2,2,iPhone
11755,retained,5,4,10,3172,106,0,3470.5,968.4,3,0,iPhone
11756,churned,32,26,102,1822,150,0,6789.1,809.9,17,10,iPhone
11757,retained,105,84,141,1101,0,147,3405.7,1944.5,13,10,iPhone
11758,retained,57,46,114,597,41,207,3808.0,1292.4,19,17,iPhone
11759,churned,34,34,209,2746,280,9,3277.1,1845.1,4,0,Android
11760,retained,91,91,121,267,7,79,1651.4,1329.8,16,13,iPhone
11761,retained,1,1,4,649,242,85,2232.4,641.8,12,5,iPhone
11762,retained,72,58,168,709,105,40,2249.9,1377.0,15,11,iPhone
11763,retained,101,81,176,732,205,37,3070.3,991.3,11,11,Android
11764,retained,68,68,173,1085,183,0,1461.3,506.5,19,11,iPhone
11765,retained,72,58,252,2783,65,173,7639.2,2452.0,28,26,iPhone
11766,retained,67,54,195,2502,141,20,3406.3,2389.4,19,10,iPhone
11767,churned,172,137,206,1443,85,0,7234.0,5409.2,24,24,Android
11768,retained,116,99,263,1146,105,39,1331.5,1054.3,18,14,iPhone
11769,retained,5,4,117,997,483,29,5635.5,2049.7,24,21,iPhone
11770,churned,13,13,73,1370,0,0,4225.1,1381.4,0,0,iPhone
11772,churned,66,66,109,1201,31,0,2031.0,923.3,8,7,iPhone
11773,retained,32,28,171,927,17,0,1237.3,842.9,29,23,iPhone
11774,retained,80,75,171,646,40,149,4062.5,1759.3,24,22,iPhone
11775,retained,22,18,84,797,75,155,1138.2,662.0,17,9,iPhone
11776,retained,21,18,40,3088,285,34,2466.6,1686.1,21,15,iPhone
11777,retained,75,61,76,2010,0,0,3075.8,1663.7,15,13,Android
11778,retained,15,12,70,1385,0,96,3067.0,1661.2,5,5,Android
11779,retained,12,10,228,2319,398,0,1999.5,745.1,10,8,iPhone
11780,churned,107,85,173,457,0,0,1615.6,1202.0,5,4,Android
11781,churned,136,112,196,2522,20,0,6220.6,4120.4,2,2,iPhone
11783,retained,105,105,246,678,363,0,1395.1,660.4,10,10,iPhone
11784,retained,36,29,143,2817,26,129,2835.8,996.6,4,3,iPhone
11785,retained,77,62,207,2556,70,95,12615.4,5838.0,22,19,iPhone
11787,churned,15,13,210,2422,13,5,3234.9,1693.5,13,12,iPhone
11788,churned,95,76,239,2531,188,0,2674.0,1009.9,4,1,iPhone
11789,retained,111,111,160,2412,70,30,5526.7,2740.1,19,16,iPhone
11790,churned,4,3,138,25,69,6,4631.3,2447.2,18,17,iPhone
11791,retained,54,43,166,2683,8,69,1518.9,965.3,29,19,iPhone
11792,retained,65,55,406,1671,79,28,3604.0,848.6,17,10,iPhone
11793,retained,18,14,57,3268,329,26,9164.1,4202.6,6,6,iPhone
11794,retained,14,11,151,2146,579,0,2328.6,1524.2,6,2,iPhone
11795,churned,75,62,178,2847,232,50,1807.3,51.0,2,2,Android
11796,retained,187,149,214,449,110,0,3243.0,2426.7,31,24,Android
11797,retained,56,49,71,1628,0,11,3529.5,1544.7,30,27,iPhone
11798,retained,69,61,111,3156,17,0,2754.1,1445.9,24,16,iPhone
11799,retained,76,61,125,3068,0,153,1683.2,543.3,4,1,Android
11800,retained,48,48,64,2287,0,2,4515.0,487.9,13,11,iPhone
11801,retained,89,72,298,2940,0,7,4534.9,2644.7,10,10,iPhone
11802,retained,73,59,280,2756,0,0,3122.3,2238.6,18,10,iPhone
11803,retained,9,9,196,2846,100,0,6175.2,3361.4,18,12,Android
11804,churned,18,15,193,15,77,0,5800.4,3437.6,13,10,iPhone
11805,retained,41,34,43,241,115,3,4236.4,2369.9,11,10,iPhone
11806,churned,64,52,178,238,174,11,10380.8,6419.5,8,3,iPhone
11807,retained,34,28,158,2427,22,0,9551.8,1923.1,17,12,Android
11808,retained,4,4,123,2409,371,58,4890.8,3790.2,24,23,iPhone
11809,retained,4,3,35,3293,160,22,1139.7,624.3,3,3,iPhone
11810,retained,25,25,127,674,80,16,10138.9,7352.0,30,25,iPhone
11811,retained,27,27,149,893,0,0,1014.7,609.1,15,14,iPhone
11812,retained,5,5,52,2410,379,35,6484.5,5269.4,12,10,iPhone
11813,retained,170,137,267,2866,108,0,3145.8,2139.9,17,15,iPhone
11814,retained,163,131,207,2015,0,46,4082.9,1121.8,5,5,Android
11815,retained,4,3,14,3407,78,0,7602.3,5034.1,10,5,iPhone
11816,retained,51,42,81,2702,358,0,1925.4,391.3,14,14,iPhone
11817,retained,1,1,814,3252,0,31,2385.2,934.0,18,14,iPhone
11818,retained,1,1,99,1163,26,74,2010.2,539.1,5,3,Android
11819,churned,5,4,250,374,82,0,2704.8,1080.1,29,25,iPhone
11821,retained,112,90,151,1705,0,223,2495.6,1222.4,9,9,Android
11823,retained,151,126,315,3103,0,159,5631.8,2737.4,10,6,Android
11824,retained,91,73,315,1087,48,5,6189.8,2038.6,27,26,Android
11825,retained,259,207,608,1036,0,0,8365.4,6594.1,19,16,iPhone
11826,retained,141,114,327,1644,0,0,3176.6,1824.3,16,12,iPhone
11827,churned,129,114,522,2246,496,0,5689.5,3666.5,23,21,Android
11828,retained,167,134,409,3240,611,0,5530.5,3794.1,18,12,Android
11829,retained,117,94,214,188,0,17,6514.3,3393.9,23,17,iPhone
11830,churned,11,9,85,1960,2,19,4725.9,1547.9,2,2,iPhone
11831,retained,206,165,311,960,2,0,7480.7,4602.7,29,18,iPhone
11832,retained,162,141,230,1693,264,13,580.1,429.9,23,22,Android
11833,retained,10,8,99,1638,16,41,4293.0,1152.5,18,18,iPhone
11834,retained,253,203,340,3269,86,46,1685.5,1096.1,15,10,Android
11835,retained,216,179,408,3051,144,0,3082.0,2562.7,15,12,Android
11837,retained,45,45,387,2664,0,10,1429.6,203.9,9,9,iPhone
11838,retained,32,27,193,2125,169,0,3942.8,699.0,3,1,iPhone
11839,retained,81,65,117,2166,0,21,1579.6,411.2,23,18,Android
11840,retained,20,18,44,73,7,0,2069.5,1616.8,30,23,iPhone
11841,churned,164,136,290,2179,332,22,2790.4,2296.7,31,25,iPhone
11842,retained,85,68,97,1971,169,55,6000.9,913.9,25,25,Android
11843,retained,154,124,157,1706,0,0,2241.3,1480.0,21,19,Android
11844,retained,75,61,87,2825,67,94,242.9,182.6,2,0,Android
11845,retained,53,46,78,1074,70,40,2263.7,1055.1,27,23,Android
11846,retained,37,30,66,2646,165,0,1806.5,283.8,9,8,Android
11847,retained,25,22,35,2431,166,45,5463.3,2594.1,13,12,iPhone
11848,retained,28,23,194,1555,56,3,2065.4,1031.8,26,18,Android
11849,churned,4,4,12,907,0,67,6240.6,1689.0,8,8,iPhone
11850,retained,47,42,110,2465,43,0,10925.1,1761.3,16,11,Android
11851,retained,46,46,230,3269,303,0,4399.8,2105.8,2,0,Android
11852,retained,16,14,55,2069,81,0,3335.4,2248.8,0,0,Android
11853,retained,281,225,324,214,71,63,3194.6,1526.4,15,7,iPhone
11854,retained,27,22,80,779,311,15,2595.6,165.1,21,21,iPhone
11855,retained,75,61,99,876,114,73,7657.3,393.2,20,18,iPhone
11856,retained,42,42,62,1258,0,55,807.4,403.3,25,24,iPhone
11857,retained,55,44,230,2715,294,7,5468.6,1909.8,3,3,Android
11858,retained,50,40,77,2310,374,0,5369.8,2169.3,12,11,iPhone
11859,churned,57,47,282,1163,62,149,1619.1,414.8,7,7,iPhone
11860,retained,132,105,151,2047,97,2,8026.9,4718.9,2,0,iPhone
11861,retained,332,265,357,181,31,0,2183.2,358.6,29,27,iPhone
11862,retained,7,7,224,587,0,261,5939.4,4496.2,29,22,Android
11863,retained,47,39,65,1731,103,0,8040.2,4531.5,7,7,iPhone
11864,retained,4,4,62,509,341,0,2998.9,1483.5,28,25,iPhone
11865,retained,14,11,90,448,250,51,2921.8,1360.8,1,1,Android
11866,retained,242,196,505,392,0,97,1461.2,1001.5,22,14,iPhone
11867,churned,162,133,251,1202,70,20,3793.5,1048.1,2,0,iPhone
11868,retained,22,18,64,1432,26,14,5849.1,4075.0,28,18,iPhone
11869,churned,105,86,138,420,35,4,1841.8,430.2,20,20,iPhone
11870,retained,11,10,26,3176,368,30,6118.8,4972.0,14,14,iPhone
11871,churned,25,24,32,1615,185,45,6881.3,2333.8,4,4,iPhone
11872,retained,27,22,27,2483,162,14,7212.5,1563.6,6,2,iPhone
11873,retained,9,8,161,222,123,2,4073.1,641.5,29,27,iPhone
11874,retained,33,28,147,285,75,79,2112.7,1041.8,18,18,iPhone
11875,retained,363,308,440,1493,12,11,3194.3,1710.6,26,23,Android
11876,retained,2,2,105,2127,0,49,2758.0,1770.1,12,9,iPhone
11877,retained,74,59,214,903,463,1,1092.8,663.8,16,11,Android
11878,retained,203,163,380,2807,0,71,4738.0,2981.0,2,2,iPhone
11879,retained,39,31,64,3311,323,16,2815.4,1504.9,5,5,Android
11880,retained,98,81,334,1988,0,50,1479.6,1211.0,31,21,Android
11881,retained,161,129,176,2147,151,51,1968.8,448.0,20,12,Android
11882,retained,21,17,96,521,371,30,4724.6,855.4,28,25,iPhone
11883,retained,147,118,322,2056,0,0,3205.9,990.8,18,18,iPhone
11884,retained,4,4,13,3070,48,0,7535.2,1009.2,3,3,iPhone
11885,retained,49,42,82,3230,210,37,3670.9,1798.1,31,28,iPhone
11886,retained,86,69,190,2408,190,56,11297.0,472.6,26,25,Android
11887,retained,147,118,155,3058,277,0,3045.0,1376.4,5,5,iPhone
11888,churned,172,140,514,2204,449,100,4281.3,1515.2,8,4,iPhone
11889,retained,49,39,73,3066,246,68,1655.7,820.2,16,14,Android
11890,retained,59,48,260,1397,118,3,1684.3,1300.9,7,7,iPhone
11891,retained,44,38,49,769,122,3,5286.9,1815.5,22,18,Android
11892,retained,109,95,172,2173,7,0,5938.2,1462.6,29,24,iPhone
11893,retained,34,28,50,2265,45,71,4814.7,1781.6,30,27,Android
11894,retained,113,97,194,709,271,54,3087.4,1828.9,22,22,iPhone
11895,retained,147,119,167,3288,231,32,1868.4,149.1,15,11,iPhone
11896,churned,9,8,13,49,0,13,4113.3,2564.7,8,8,Android
11897,retained,110,93,211,3359,20,14,3220.2,1328.7,22,20,iPhone
11898,retained,5,5,54,3211,11,90,2951.7,854.3,24,23,Android
11899,retained,2,2,3,794,114,18,3286.5,1780.9,5,1,iPhone
11900,retained,1,1,31,3228,37,0,1572.9,835.1,27,21,Android
11901,retained,63,51,422,3126,20,40,1425.9,1162.3,0,0,Android
11902,retained,45,37,157,1115,52,3,4063.9,710.5,25,21,iPhone
11903,retained,175,140,309,981,0,49,4237.5,2917.2,27,25,Android
11904,retained,307,248,525,658,15,0,1393.8,974.6,28,21,iPhone
11905,retained,33,29,39,358,0,30,3379.4,909.6,19,15,iPhone
11906,retained,88,70,99,1237,438,13,4598.2,3316.8,9,9,iPhone
11907,retained,91,81,240,1413,0,0,3679.7,2049.4,22,19,Android
11908,retained,26,26,59,493,46,0,5063.9,1876.4,30,25,Android
11909,churned,155,152,261,1914,187,17,5736.4,2061.4,6,3,iPhone
11910,retained,35,28,220,3017,305,0,4422.9,3190.5,2,2,Android
11911,retained,68,55,185,114,34,175,2462.1,967.7,10,5,iPhone
11912,retained,61,53,611,1957,227,37,3064.4,2417.8,30,21,iPhone
11913,retained,70,56,81,770,220,0,1808.4,1452.8,23,20,iPhone
11914,retained,74,62,298,190,0,192,1681.3,779.4,24,15,Android
11915,retained,88,71,165,2051,379,4,1487.5,761.6,30,28,Android
11916,retained,50,40,200,1115,0,2,2061.2,1221.0,6,0,iPhone
11917,retained,93,74,113,2406,271,0,3687.4,2872.6,18,11,Android
11918,churned,46,39,50,1326,116,165,7976.4,4595.9,1,1,iPhone
11919,retained,9,9,175,3455,27,93,5400.2,1792.1,20,14,Android
11920,retained,62,54,125,758,97,0,4152.0,1987.8,26,21,Android
11921,retained,152,123,325,3017,167,7,1457.3,451.8,13,11,Android
11922,retained,83,67,187,62,417,0,1080.4,191.0,9,3,Android
11923,retained,86,80,157,1691,4,0,10675.5,3537.6,17,11,iPhone
11924,retained,143,114,317,2695,213,0,6093.7,3530.1,21,19,iPhone
11926,retained,305,244,627,3406,20,91,3572.8,2597.1,25,23,iPhone
11927,retained,344,281,391,2292,141,12,2846.5,2141.3,16,15,iPhone
11928,retained,101,81,121,2007,194,53,2711.4,2161.5,30,20,iPhone
11929,retained,39,31,83,2918,0,0,2125.2,645.7,18,12,Android
11930,churned,9,8,247,1817,67,0,6906.6,2014.9,20,19,Android
11931,retained,54,43,110,605,48,0,2017.3,800.8,13,9,iPhone
11932,retained,25,25,83,3301,163,4,5042.8,2641.5,28,24,Android
11933,retained,22,19,34,2434,13,71,2953.9,2328.0,22,17,Android
11934,churned,26,24,92,592,99,72,5428.4,2430.6,2,0,Android
11935,retained,104,85,308,2764,366,0,5347.0,3928.3,14,12,iPhone
11936,retained,25,20,61,3165,111,0,6458.0,3770.8,14,6,iPhone
11937,retained,10,8,108,3279,119,0,3151.7,2026.1,21,13,Android
11938,retained,42,42,116,2215,0,0,6353.5,1712.7,25,17,iPhone
11939,retained,186,157,323,3451,164,8,10446.9,8220.1,23,22,iPhone
11940,retained,97,81,110,1711,70,16,3611.8,787.5,28,20,Android
11941,retained,73,58,313,166,318,72,3532.4,621.4,15,15,iPhone
11942,retained,81,69,91,2992,0,0,2593.3,1594.0,12,7,Android
11943,retained,16,14,51,3227,18,91,10674.5,1904.4,17,17,iPhone
11944,retained,31,25,139,1709,160,8,3798.0,2591.6,27,18,Android
11945,retained,3,2,177,76,95,22,3679.6,2384.3,27,22,Android
11946,retained,43,43,59,748,0,208,6075.9,1724.2,22,13,iPhone
11947,retained,14,11,280,1701,55,0,2105.3,454.0,20,14,Android
11948,retained,95,77,196,821,16,0,1387.4,550.1,10,8,iPhone
11949,retained,15,13,30,433,38,63,7532.3,1099.4,12,5,iPhone
11950,retained,4,4,74,2540,339,13,3186.9,1286.3,16,15,iPhone
11951,retained,25,22,105,1688,0,0,2178.2,1771.6,1,0,iPhone
11952,churned,200,160,339,2543,369,70,4104.6,856.5,0,0,iPhone
11953,retained,19,16,29,614,457,0,2230.7,975.4,30,28,Android
11954,churned,85,69,236,2367,13,73,9287.4,2275.7,15,12,iPhone
11955,retained,174,140,476,678,232,64,4015.6,1573.2,30,22,iPhone
11956,retained,33,33,46,2547,117,157,7818.4,3560.1,25,17,Android
11957,retained,479,384,586,3001,191,91,5690.1,2704.1,17,9,iPhone
11958,retained,8,7,15,1906,136,0,4725.3,1107.2,29,26,iPhone
11959,retained,112,98,119,2041,119,0,2171.9,564.9,23,20,Android
11960,churned,7,6,27,882,153,68,6488.8,3264.1,18,15,Android
11961,churned,44,36,137,190,17,0,6165.4,1780.1,2,0,iPhone
11962,retained,33,28,74,178,0,0,1955.2,683.7,12,12,Android
11963,retained,24,24,24,1507,41,0,2323.9,359.0,13,13,Android
11964,retained,2,2,4,705,197,0,2097.6,1601.3,13,7,iPhone
11965,retained,114,91,553,289,0,0,4763.1,3825.0,10,10,Android
11966,retained,295,237,463,3171,144,0,4051.1,2139.7,24,20,Android
11967,retained,330,265,442,2150,0,0,704.1,471.0,12,9,iPhone
11968,retained,22,22,86,2105,65,0,2023.3,753.8,26,18,iPhone
11969,retained,38,31,122,1208,7,179,7171.4,1457.8,27,25,Android
11970,churned,80,65,110,3058,163,63,2388.4,1827.8,8,8,Android
11971,retained,259,225,300,1697,55,30,2036.8,891.2,28,19,iPhone
11972,churned,72,57,140,617,258,0,5751.6,4367.7,7,7,Android
11973,churned,161,129,332,762,461,0,5072.0,3962.6,12,12,iPhone
11974,retained,57,50,229,15,158,0,2824.3,1574.8,15,10,iPhone
11975,retained,70,57,146,1809,151,0,3333.3,1480.6,27,17,iPhone
11976,churned,2,2,431,3048,17,0,3872.9,192.5,2,2,iPhone
11977,retained,12,10,238,2792,61,31,205.6,89.2,21,18,iPhone
11978,retained,60,48,152,2299,0,9,4026.6,2882.2,31,26,Android
11979,retained,91,73,256,1110,123,0,4615.4,2430.2,27,24,iPhone
11980,retained,226,187,275,147,395,0,2075.4,1590.5,28,20,Android
11981,churned,270,216,279,2610,124,0,2157.9,814.8,16,16,iPhone
11982,retained,86,70,152,1091,347,0,1856.7,1102.5,20,19,Android
11983,retained,59,48,90,1638,0,268,1229.6,340.6,11,11,iPhone
11984,retained,9,9,67,2652,124,0,2944.9,839.7,10,5,Android
11986,churned,8,8,315,2132,1,60,4107.7,1708.6,3,0,Android
11987,retained,5,5,92,681,0,0,2235.8,424.6,13,13,iPhone
11988,retained,1,1,264,2957,116,115,3159.7,2279.3,12,10,iPhone
11989,retained,28,23,252,806,0,9,2488.3,1427.3,9,8,Android
11990,churned,41,33,79,2635,149,8,4590.2,2244.4,18,11,iPhone
11991,retained,69,58,190,1224,322,11,3315.5,2614.5,1,1,iPhone
11992,retained,144,118,198,2956,310,29,4623.0,1563.8,30,23,Android
11993,retained,0,0,48,1793,0,0,1680.0,1258.8,23,22,Android
11994,retained,44,36,48,2534,320,0,1685.6,1194.7,25,16,Android
11996,retained,120,97,207,2853,23,0,3106.4,1540.9,6,6,iPhone
11997,retained,92,73,95,408,144,5,5890.1,2392.4,13,9,Android
11998,retained,14,14,186,1272,78,0,4132.8,752.1,5,0,Android
11999,retained,30,24,40,3211,466,59,3021.6,2312.5,12,10,iPhone
12000,retained,30,25,53,3323,0,37,2760.7,1452.3,22,21,iPhone
12001,retained,46,38,77,3448,0,0,1589.6,816.4,18,18,Android
12002,retained,44,36,59,3491,62,0,6135.7,1262.2,6,6,iPhone
12003,retained,102,81,251,3248,24,0,3019.7,2127.8,9,9,iPhone
12004,churned,46,37,74,2973,49,42,3449.4,1186.4,9,6,iPhone
12005,retained,31,25,41,3293,254,30,3263.1,2361.3,16,14,iPhone
12006,retained,122,98,127,395,172,31,3826.1,556.3,28,27,iPhone
12007,retained,25,22,216,670,242,29,3315.5,421.6,24,21,Android
12008,retained,67,58,70,361,100,88,1302.9,1063.8,30,23,iPhone
12009,retained,13,13,22,2263,1,6,1752.0,1308.8,12,7,Android
12010,retained,20,17,83,3203,293,0,5431.9,3642.9,7,4,iPhone
12011,retained,179,143,184,2302,89,30,2747.8,1046.2,6,5,iPhone
12012,retained,300,241,352,2771,77,0,4604.3,3312.2,14,12,iPhone
12013,retained,124,100,231,2479,24,0,6734.5,1778.0,17,9,iPhone
12014,retained,131,109,531,355,26,22,3051.2,1180.4,9,3,iPhone
12015,churned,23,23,105,1130,180,0,2181.7,1775.7,0,0,iPhone
12016,retained,308,246,368,251,313,4,3857.9,2522.6,26,21,iPhone
12017,retained,33,28,239,259,7,0,3031.0,1655.4,23,21,iPhone
12018,retained,348,284,395,3098,20,0,3407.0,1914.7,17,11,iPhone
12019,retained,162,132,235,939,90,0,2786.2,1955.0,23,15,iPhone
12020,retained,55,45,194,3465,112,0,3178.7,1427.2,17,14,iPhone
12021,retained,120,96,158,3369,37,226,4847.2,1937.2,12,11,iPhone
12022,retained,18,18,55,1462,0,0,4918.1,3703.4,25,17,iPhone
12023,retained,113,91,128,831,426,42,4473.7,3614.4,25,25,Android
12024,retained,70,57,99,787,0,98,763.1,477.6,21,14,Android
12025,retained,14,13,85,165,173,70,6804.5,5061.5,30,29,iPhone
12027,churned,137,110,273,1642,146,82,5007.6,1038.4,25,21,iPhone
12028,retained,145,117,208,2032,0,0,3069.4,2117.5,5,3,Android
12029,retained,25,25,119,1252,321,6,6627.6,4474.5,1,1,iPhone
12030,retained,34,28,137,841,393,10,3065.0,2048.4,9,5,iPhone
12031,retained,13,13,63,1902,0,39,5361.0,3380.0,5,5,Android
12032,retained,40,32,242,371,165,0,2523.6,571.9,27,23,iPhone
12033,retained,179,144,237,1980,0,0,13039.9,6793.4,18,16,Android
12034,retained,208,167,223,2180,110,0,562.7,85.1,12,8,iPhone
12035,retained,91,73,309,2940,183,140,9260.9,5226.5,2,2,iPhone
12036,churned,1,1,40,2211,0,36,4361.8,1324.4,10,3,iPhone
12037,retained,23,23,295,2167,92,0,4044.7,1941.2,9,3,iPhone
12038,retained,146,142,289,3292,117,1,1725.4,1237.0,1,0,iPhone
12039,retained,95,79,197,164,4,61,3189.9,2041.6,21,13,iPhone
12040,churned,31,25,140,690,55,130,4450.2,3670.4,1,0,Android
12041,retained,131,118,145,1458,32,89,5140.5,4259.2,11,11,Android
12042,retained,4,4,171,2161,0,14,4178.2,2913.4,13,8,iPhone
12043,retained,186,149,203,817,126,88,6034.1,1329.5,10,3,Android
12044,retained,66,66,189,2552,0,4,5481.6,2553.9,25,16,iPhone
12045,retained,40,33,84,171,55,69,2129.8,1002.8,20,18,iPhone
12046,retained,172,138,309,2245,0,60,15931.9,9129.8,13,10,iPhone
12047,churned,97,79,144,2585,12,23,5411.6,2962.5,2,0,iPhone
12048,retained,28,26,230,1538,0,0,4227.9,2099.4,30,29,iPhone
12049,retained,76,61,114,2114,72,0,7584.5,5511.7,1,1,iPhone
12050,retained,141,126,230,843,0,37,5201.1,3187.1,17,12,Android
12051,retained,14,14,70,2589,308,75,3740.0,2115.6,24,22,Android
12052,retained,33,30,37,466,0,13,4701.2,2366.4,19,17,iPhone
12053,retained,4,4,18,246,343,0,351.7,152.3,28,19,iPhone
12054,retained,82,66,94,2755,99,5,2730.0,1487.2,10,10,iPhone
12055,churned,120,96,256,881,244,0,3552.5,2728.4,10,9,iPhone
12056,retained,40,34,123,1691,0,70,548.0,330.7,10,9,iPhone
12057,retained,13,11,132,988,512,0,2005.0,1387.1,22,22,iPhone
12058,retained,58,53,254,542,232,29,4025.8,2433.9,9,9,iPhone
12059,churned,627,506,629,1326,29,0,2736.0,1196.3,11,7,iPhone
12060,retained,127,103,185,1800,49,0,3808.9,579.1,8,4,iPhone
12062,retained,105,84,120,3466,77,25,4103.0,1623.2,15,13,Android
12063,churned,142,114,145,1612,479,0,3007.6,1995.4,2,2,iPhone
12064,retained,49,41,52,1019,104,3,683.0,459.6,13,7,Android
12065,retained,99,79,119,251,112,0,1490.1,905.8,24,16,iPhone
12066,retained,14,12,16,636,217,63,5433.3,3014.5,6,0,iPhone
12067,churned,77,62,610,1969,0,32,2249.9,1859.3,3,0,Android
12068,churned,195,156,257,1150,0,77,7867.7,3484.8,7,2,Android
12069,retained,23,23,117,2770,17,65,2186.2,1269.9,28,17,Android
12070,retained,50,41,65,871,29,278,4115.2,3347.4,23,23,iPhone
12071,retained,55,45,214,1720,0,0,11175.5,1116.7,6,1,Android
12072,retained,24,21,116,2058,303,0,2783.2,796.1,10,7,iPhone
12073,churned,40,32,126,784,0,135,1050.0,163.1,13,13,Android
12074,churned,103,103,135,2605,160,16,1562.3,463.3,3,0,iPhone
12075,retained,346,279,350,2157,5,10,10314.7,2528.0,9,7,Android
12076,retained,66,58,447,2594,0,0,457.6,114.3,29,22,iPhone
12077,retained,2,2,111,95,151,49,4069.7,2800.9,11,9,Android
12078,retained,142,125,147,2106,9,31,3212.9,908.0,17,11,Android
12080,churned,91,75,197,3438,25,0,11761.6,9125.0,8,2,iPhone
12081,retained,66,53,142,1440,20,0,8711.3,4399.2,17,14,iPhone
12082,retained,13,13,108,524,91,14,7838.3,6485.0,30,19,iPhone
12083,churned,48,48,113,1178,53,0,5669.3,3310.3,11,9,iPhone
12084,churned,91,78,197,465,27,0,552.8,411.1,5,2,iPhone
12085,retained,160,128,226,3417,107,22,5504.3,1626.2,30,21,iPhone
12086,retained,111,90,319,784,312,112,3014.6,2441.7,25,22,Android
12087,retained,25,25,44,2410,0,0,3003.7,1101.3,25,17,Android
12088,retained,83,67,511,921,0,53,3500.1,836.2,28,22,iPhone
12089,retained,124,99,239,1231,316,0,5691.4,4238.9,5,2,Android
12090,retained,57,48,77,2939,302,0,4471.1,1184.6,7,7,iPhone
12091,churned,106,91,265,1874,60,0,6626.2,4526.2,6,6,Android
12092,retained,140,129,262,2771,89,40,4334.6,907.7,6,6,iPhone
12093,churned,190,153,251,1595,12,0,6019.6,4554.1,12,12,Android
12094,retained,68,61,139,802,0,0,2169.8,1630.5,27,25,iPhone
12095,retained,36,30,196,3021,309,68,3950.3,2080.7,20,17,iPhone
12096,retained,36,30,208,2932,0,0,4499.9,2057.7,22,22,Android
12097,churned,64,52,154,2303,300,0,2919.3,395.0,22,17,iPhone
12098,retained,58,49,78,3209,16,13,2249.5,1698.1,8,8,iPhone
12099,churned,15,12,101,2377,77,13,6699.6,3981.0,0,0,Android
12100,retained,97,79,790,209,88,43,4085.1,2471.9,29,19,Android
12101,retained,68,55,120,957,34,25,1369.6,402.9,27,21,Android
12102,retained,44,35,377,2978,205,77,6028.8,4364.4,11,9,Android
12103,retained,119,95,394,1881,189,24,2391.6,1552.9,20,13,Android
12104,retained,41,34,58,2949,0,0,1015.3,733.1,27,22,iPhone
12105,churned,3,3,260,118,425,119,1453.7,522.9,10,4,Android
12107,retained,124,100,177,3134,55,19,6395.0,2007.3,26,20,Android
12108,retained,50,42,84,27,42,10,405.3,207.0,27,25,iPhone
12109,retained,119,100,486,2214,0,19,4192.2,1781.3,30,26,iPhone
12110,retained,79,78,88,2794,220,0,3629.7,2712.7,0,0,Android
12111,churned,154,124,263,1619,0,164,4698.2,928.8,18,18,iPhone
12112,retained,39,31,164,496,130,0,1016.7,754.2,17,14,Android
12113,churned,59,50,333,10,52,0,2872.9,1204.4,10,6,iPhone
12114,retained,131,105,152,1399,0,0,5470.2,4400.9,14,14,iPhone
12115,retained,42,36,49,315,42,5,5686.1,2249.0,18,11,iPhone
12116,retained,58,46,259,1659,401,6,3605.3,2906.1,17,15,Android
12117,retained,6,5,108,2260,0,0,7039.4,4491.7,8,6,iPhone
12118,retained,191,155,219,15,688,7,2567.1,880.6,4,4,Android
12119,retained,72,72,200,1641,47,41,2628.5,1526.9,8,5,iPhone
12120,retained,46,38,68,3210,213,0,12407.7,3047.5,28,23,iPhone
12121,retained,24,24,158,3118,180,0,3762.0,2176.2,11,11,iPhone
12122,retained,46,46,68,2789,0,150,2388.2,1819.1,22,22,iPhone
12123,retained,67,56,113,388,55,121,1171.8,631.5,10,4,iPhone
12124,retained,224,179,365,1817,0,10,3812.2,1635.3,18,11,iPhone
12125,retained,135,109,271,2329,0,0,2067.6,1569.8,9,7,iPhone
12126,churned,44,36,70,329,85,0,2201.4,1645.4,5,0,iPhone
12127,retained,29,24,66,1144,146,123,4307.8,1085.6,16,14,iPhone
12128,retained,36,33,295,3125,0,27,6298.4,837.6,6,3,Android
12129,retained,77,64,432,1475,252,21,1231.5,679.2,4,0,Android
12130,retained,47,38,158,1339,0,91,1493.6,436.7,22,19,iPhone
12131,retained,11,11,205,2922,47,30,5637.6,3418.6,25,20,iPhone
12132,retained,162,131,207,2762,0,29,2261.1,515.2,13,11,iPhone
12133,retained,18,15,105,1294,115,5,3059.2,855.6,27,20,Android
12134,retained,190,153,206,3250,374,0,3932.9,1727.2,22,19,iPhone
12135,retained,64,53,258,1209,32,41,21183.4,620.8,10,10,Android
12136,retained,76,72,520,704,146,30,2097.3,1620.3,25,20,iPhone
12137,retained,21,18,271,461,123,0,9618.9,3638.2,5,0,iPhone
12138,retained,125,101,257,565,49,0,2272.5,831.5,23,14,Android
12139,retained,106,86,156,1155,4,88,10153.2,3819.9,18,18,iPhone
12140,retained,32,32,41,997,432,36,10007.8,7860.3,30,24,Android
12141,churned,50,41,248,3039,0,51,10537.2,7624.1,5,4,Android
12142,retained,138,111,529,3037,0,25,3212.8,1151.8,16,13,iPhone
12143,retained,107,86,175,1627,70,80,4691.6,413.6,14,9,Android
12144,churned,54,49,106,659,0,96,3693.0,2568.1,25,21,Android
12145,retained,68,57,369,93,21,0,299.3,203.9,21,21,iPhone
12146,retained,47,38,101,1754,187,148,1744.2,1301.9,10,10,iPhone
12147,churned,59,47,107,1457,484,28,5860.1,4835.1,5,4,iPhone
12148,churned,69,56,184,389,94,78,3478.9,2395.8,7,7,iPhone
12149,retained,45,37,68,331,0,48,5461.2,3460.7,26,26,iPhone
12150,retained,106,85,115,3124,0,0,11430.3,2592.7,29,20,iPhone
12152,retained,13,11,92,312,0,65,2232.8,301.5,26,25,iPhone
12153,retained,30,24,307,1754,196,12,4128.7,1382.0,0,0,iPhone
12154,churned,381,309,539,2133,155,11,3926.7,1836.0,18,9,iPhone
12155,retained,99,82,102,2103,416,0,759.9,257.5,23,14,Android
12156,retained,30,30,83,2040,84,33,4029.5,2528.2,1,1,iPhone
12157,retained,52,42,55,1362,111,2,8158.3,3553.9,22,14,iPhone
12158,retained,86,70,167,2009,41,0,3169.1,2603.8,7,6,iPhone
12159,retained,157,128,234,1618,39,0,2644.1,2035.8,29,18,iPhone
12160,retained,52,42,450,1483,0,37,1519.1,407.0,12,12,Android
12161,retained,225,207,231,751,195,61,9300.4,1622.4,2,0,Android
12163,churned,41,41,196,487,55,42,8115.6,4133.0,15,7,Android
12164,retained,48,39,152,2439,0,49,1690.3,1197.8,13,6,iPhone
12165,retained,122,98,241,1851,19,42,557.0,60.3,19,12,iPhone
12166,retained,35,30,61,1286,406,0,1140.4,523.8,7,4,iPhone
12167,retained,112,90,272,1680,89,0,6301.7,3128.7,16,16,Android
12168,retained,231,185,299,405,354,0,740.1,175.4,23,23,iPhone
12169,churned,179,143,658,838,0,21,5049.0,3839.5,2,0,Android
12170,churned,3,2,439,2370,217,0,3330.3,849.6,11,7,iPhone
12171,retained,75,60,195,2500,29,25,1763.2,1310.6,28,22,iPhone
12172,retained,39,39,61,1731,37,44,2064.0,1351.9,10,10,iPhone
12173,retained,230,184,293,2796,13,0,3122.6,2329.2,18,10,iPhone
12174,retained,154,125,263,816,168,0,6961.3,384.9,24,21,iPhone
12175,retained,53,50,141,2586,3,59,1502.0,684.7,24,19,iPhone
12176,retained,19,16,105,1327,65,0,5190.9,2377.0,8,5,Android
12177,retained,76,76,166,1166,69,21,1837.2,1010.6,6,6,Android
12178,retained,160,129,175,2652,0,8,5511.2,2819.6,18,17,iPhone
12179,retained,124,101,409,837,184,47,3074.7,1452.8,29,19,iPhone
12180,retained,29,23,36,1915,0,0,2316.9,481.9,15,8,iPhone
12181,retained,16,14,105,698,65,12,5237.0,1692.8,17,13,iPhone
12182,churned,235,235,257,747,82,116,4866.2,2656.2,3,0,iPhone
12183,retained,86,69,154,437,166,84,5557.5,2488.5,4,4,iPhone
12184,churned,65,54,176,794,146,84,11789.8,5886.4,1,0,Android
12185,churned,390,313,418,470,242,1,969.1,102.4,10,7,iPhone
12186,retained,177,142,345,1066,1,0,13993.8,3961.7,14,9,iPhone
12187,retained,201,162,235,2860,32,0,5130.8,506.8,5,5,Android
12188,retained,36,34,174,93,218,80,7361.4,2462.7,23,18,Android
12189,retained,24,20,104,882,98,0,2341.4,321.0,1,0,iPhone
12190,retained,20,20,33,1363,54,70,1744.6,1052.8,13,12,Android
12191,retained,36,30,147,3348,14,0,3624.1,1966.1,16,16,iPhone
12192,retained,78,64,355,2762,0,0,6721.8,3003.6,5,5,iPhone
12193,retained,64,52,96,724,12,0,1045.1,659.2,28,22,iPhone
12194,retained,106,87,138,1462,163,0,4630.4,1266.2,1,0,Android
12195,retained,8,7,132,827,355,0,6145.5,666.6,21,17,iPhone
12196,retained,47,37,72,2677,0,30,4007.6,2716.8,18,12,iPhone
12198,retained,296,237,316,47,106,44,1779.2,1090.7,17,9,iPhone
12199,retained,152,121,184,1227,249,0,3687.2,343.4,27,17,Android
12200,retained,85,85,319,508,118,4,4688.2,564.2,1,0,iPhone
12201,retained,56,45,121,1001,19,90,3120.2,378.7,14,6,Android
12202,churned,48,38,99,47,16,26,6722.5,5223.6,22,18,iPhone
12203,retained,18,14,151,1525,67,25,2824.2,1670.6,25,19,iPhone
12204,retained,111,90,436,3461,95,58,5530.5,2356.9,12,11,iPhone
12205,retained,133,106,224,668,148,12,2436.9,969.3,10,6,iPhone
12207,retained,13,11,148,1665,121,0,9179.7,3223.1,15,15,iPhone
12208,retained,30,29,117,1877,0,0,3855.8,2599.6,25,23,iPhone
12209,churned,81,65,136,1343,201,38,1317.3,1062.3,3,0,iPhone
12210,retained,22,22,317,2224,0,0,2199.1,1299.9,27,21,Android
12211,retained,83,67,164,1059,162,35,3725.9,3026.6,27,20,iPhone
12212,churned,36,36,113,632,211,0,2260.5,292.4,8,8,Android
12213,retained,272,218,380,2300,189,0,1623.9,1262.1,17,14,iPhone
12214,retained,156,125,312,3138,11,79,5440.1,865.1,30,25,iPhone
12215,retained,89,72,183,1814,0,0,7270.8,4494.8,25,23,iPhone
12216,retained,58,47,88,1008,36,21,5785.2,4576.0,2,0,iPhone
12217,retained,38,34,226,2295,211,20,3436.3,1563.5,2,1,iPhone
12218,retained,115,92,162,660,35,15,4950.5,3526.4,20,16,iPhone
12219,retained,12,10,204,3087,41,0,3989.0,2162.2,16,15,iPhone
12220,retained,89,72,321,2407,0,37,4133.3,1116.9,13,9,iPhone
12221,churned,43,41,124,1478,348,73,9310.1,5203.2,14,10,iPhone
12222,retained,74,74,169,58,37,0,7514.7,1958.4,2,0,iPhone
12223,churned,28,23,184,1692,103,0,5670.5,3051.9,8,8,Android
12224,retained,2,2,43,793,0,75,1248.2,261.0,26,23,Android
12225,retained,133,107,746,2003,44,0,3446.9,946.1,9,5,iPhone
12226,churned,18,14,232,3107,183,9,5660.4,3262.7,6,5,iPhone
12227,retained,56,50,56,1482,414,0,3488.3,1885.0,9,3,iPhone
12228,retained,117,103,158,1881,171,0,1309.1,774.4,1,1,iPhone
12229,retained,129,109,134,2081,87,35,4906.0,3441.3,3,3,iPhone
12230,retained,97,78,126,2244,38,49,8854.0,1765.9,29,22,iPhone
12231,retained,408,326,504,45,68,0,5274.3,1075.8,26,21,iPhone
12232,retained,13,12,208,2367,42,0,1475.9,816.7,24,20,Android
12233,churned,11,11,273,1000,217,47,6911.6,1796.8,10,5,iPhone
12234,retained,70,56,227,566,0,0,5631.4,3284.2,12,5,Android
12235,retained,69,55,120,3067,151,0,4158.6,1156.3,30,28,iPhone
12236,retained,50,50,56,1390,35,237,9491.4,3865.6,19,12,iPhone
12237,retained,62,50,122,390,43,84,4611.6,1931.3,5,3,iPhone
12238,churned,7,6,11,609,316,0,1418.5,798.7,18,18,Android
12239,retained,5,5,102,2457,324,80,3540.4,1765.1,22,22,iPhone
12240,retained,84,68,97,422,379,2,2953.6,2344.3,18,17,iPhone
12241,retained,130,104,173,455,339,132,1422.2,1171.7,11,4,iPhone
12242,retained,64,52,68,79,36,97,2078.2,1635.8,30,29,iPhone
12243,churned,30,25,170,3383,15,56,1818.2,1164.3,5,2,iPhone
12244,retained,60,56,249,1081,186,64,5740.2,4750.3,16,11,Android
12245,retained,36,29,55,1445,87,0,2294.5,517.7,28,25,iPhone
12246,retained,25,20,40,2392,122,0,1933.8,724.8,31,20,iPhone
12247,retained,75,61,116,2224,0,58,7347.3,332.7,25,20,Android
12248,retained,13,11,107,1378,115,1,1537.7,1012.4,29,22,Android
12249,retained,60,48,156,1287,332,0,1855.8,1052.5,3,1,Android
12250,retained,35,28,396,395,45,31,3362.7,1883.4,6,1,iPhone
12251,churned,537,430,725,811,115,52,1792.7,1328.6,25,23,iPhone
12252,retained,68,68,89,1107,99,92,4351.0,2125.6,7,7,iPhone
12253,churned,32,26,89,2907,171,0,3682.1,2489.1,5,5,Android
12254,retained,145,116,417,93,92,38,2950.5,2060.4,29,23,iPhone
12255,retained,20,17,87,55,247,176,8276.4,748.5,16,16,iPhone
12256,retained,11,10,60,1149,52,15,1936.2,899.7,25,22,iPhone
12257,churned,6,6,77,676,280,356,7210.0,3479.6,6,3,iPhone
12258,churned,48,42,183,2960,776,0,3821.4,3024.3,15,13,iPhone
12259,retained,21,21,93,459,159,27,5112.1,2918.5,27,21,Android
12260,retained,87,70,101,1281,32,0,2925.9,2432.1,1,1,iPhone
12261,retained,136,118,245,1993,328,0,9651.0,4874.4,31,20,Android
12262,churned,20,20,219,1965,785,0,5315.4,2367.6,2,1,Android
12263,retained,24,19,26,2084,197,0,4680.2,1168.3,24,17,iPhone
12264,retained,50,41,65,220,56,0,1094.8,847.7,9,4,iPhone
12265,retained,77,62,96,267,117,56,1282.4,396.6,24,24,iPhone
12266,retained,24,19,106,2592,39,0,1504.2,1082.4,18,14,Android
12267,churned,38,30,126,1609,462,166,2652.9,1115.1,27,26,iPhone
12268,retained,90,73,215,1517,127,163,1907.4,297.3,5,5,iPhone
12269,retained,3,2,139,1084,17,25,2450.0,1148.9,10,10,iPhone
12270,retained,157,127,384,1243,339,0,3811.7,1160.6,6,4,Android
12271,retained,43,35,59,135,752,0,1291.5,935.6,28,26,iPhone
12272,retained,43,36,173,520,373,0,3300.6,1769.8,7,5,iPhone
12273,retained,0,0,9,413,43,19,1016.2,264.9,0,0,iPhone
12274,retained,6,6,65,2629,0,46,706.1,226.0,21,15,iPhone
12275,retained,176,176,177,1373,449,38,6081.2,2592.4,13,9,iPhone
12276,retained,125,101,174,196,0,18,2610.5,1220.8,30,25,iPhone
12277,retained,5,4,10,2897,4,59,2341.8,1813.3,26,20,iPhone
12278,retained,44,35,163,2922,393,0,4773.2,1148.3,21,17,iPhone
12279,churned,74,63,89,3475,17,5,4457.2,2313.1,12,12,iPhone
12280,retained,7,7,17,599,103,0,2960.0,1558.4,3,3,iPhone
12281,churned,3,3,18,2243,46,3,6957.4,2515.0,15,15,iPhone
12282,retained,43,35,384,3309,425,0,2254.1,373.7,24,19,iPhone
12283,retained,4,4,188,3493,278,0,2186.9,1102.4,8,3,iPhone
12284,retained,77,62,148,1216,70,0,2832.9,2049.8,13,12,iPhone
12285,retained,52,42,78,500,167,31,1981.4,262.2,11,5,Android
12286,retained,21,17,74,778,59,92,1557.7,904.8,18,10,iPhone
12287,retained,45,36,68,1073,119,8,825.6,596.2,19,14,iPhone
12288,retained,47,47,536,977,221,0,1821.5,890.5,20,17,iPhone
12289,retained,1,1,100,1482,106,54,3643.6,2109.9,22,19,Android
12290,retained,24,19,102,2701,8,43,4931.3,1504.5,11,6,Android
12291,retained,23,19,58,3400,0,0,2254.5,1397.7,30,25,Android
12292,retained,60,49,119,268,21,0,939.1,402.8,23,17,Android
12293,retained,46,38,127,2827,0,100,3456.8,1456.6,9,9,iPhone
12294,churned,172,140,174,1058,2,65,5024.3,3705.5,10,10,iPhone
12295,retained,108,86,174,3075,29,12,3431.5,467.5,10,8,iPhone
12296,retained,87,70,296,465,464,0,6717.3,1822.1,27,22,iPhone
12297,retained,76,61,113,1859,13,0,2370.0,1868.1,14,9,iPhone
12298,churned,25,20,29,2220,316,17,5353.1,3675.0,26,21,iPhone
12299,retained,76,62,242,2659,256,73,6753.7,1912.2,8,7,iPhone
12300,retained,24,20,162,3455,392,0,12116.9,9121.4,15,9,Android
12302,retained,303,288,312,233,45,172,3060.1,2209.7,22,16,iPhone
12304,churned,14,14,65,1516,16,4,1757.3,301.6,12,9,iPhone
12305,retained,19,15,150,1820,0,0,2491.9,491.3,23,20,iPhone
12306,retained,55,45,151,2639,97,69,3501.2,2797.6,7,7,Android
12307,retained,117,94,132,1601,237,0,2265.0,1725.2,28,19,iPhone
12308,churned,2,2,84,2064,121,79,5180.5,924.8,17,12,Android
12309,retained,141,115,269,2377,91,3,1282.2,690.0,31,29,iPhone
12310,retained,251,201,325,3469,0,0,4562.2,2569.2,23,19,Android
12311,retained,164,164,411,2937,437,0,3897.6,1792.4,10,6,Android
12312,retained,366,293,387,1707,362,0,2803.1,1984.0,11,7,Android
12313,retained,33,29,859,2327,151,16,3152.6,1238.5,5,5,Android
12314,retained,32,26,302,207,0,9,6610.7,1524.7,3,2,Android
12315,retained,80,68,103,1404,0,134,3344.0,2206.0,23,15,iPhone
12316,retained,137,110,364,2549,475,0,2866.3,2318.6,22,13,iPhone
12317,retained,101,83,120,1607,215,0,2940.5,2418.9,30,20,iPhone
12318,retained,150,125,162,783,42,1,6465.7,4239.5,23,22,iPhone
12319,churned,261,213,312,1951,153,17,2440.4,1417.0,18,10,Android
12320,retained,138,111,172,1386,145,40,4017.9,2319.7,3,0,iPhone
12321,retained,37,31,160,1123,88,0,3927.8,2229.0,30,21,iPhone
12322,retained,9,9,57,2533,28,49,5891.8,607.4,1,1,Android
12323,retained,81,65,116,1716,80,18,3018.9,1952.2,6,6,iPhone
12324,retained,3,3,48,2009,171,0,3633.0,605.5,4,4,iPhone
12325,retained,91,74,140,583,19,0,3761.7,2583.4,9,6,Android
12326,churned,89,85,308,1856,38,45,4085.0,736.3,8,4,iPhone
12327,retained,152,122,193,2247,0,23,3503.1,1386.6,19,15,iPhone
12328,retained,5,5,80,1569,415,38,1811.9,707.4,26,25,iPhone
12329,retained,18,18,193,3273,47,0,4139.6,1929.5,21,13,Android
12330,retained,203,165,258,1095,147,20,6502.6,2007.2,16,11,Android
12331,retained,160,160,167,1172,162,1,1547.9,658.6,19,17,Android
12332,retained,172,138,198,610,36,0,4277.7,3089.2,26,23,Android
12333,retained,88,71,253,1042,98,156,4755.6,3424.8,22,16,iPhone
12334,churned,20,17,261,896,0,0,2088.5,612.0,20,13,iPhone
12335,retained,89,72,105,974,160,9,3199.7,2500.8,16,13,iPhone
12336,retained,8,8,25,2859,0,22,2763.1,959.6,25,17,Android
12338,retained,42,34,173,1917,111,37,6551.7,1396.9,20,14,iPhone
12339,retained,6,6,50,3051,13,0,3418.7,711.9,23,14,iPhone
12340,churned,3,2,15,27,799,23,10481.8,5217.4,27,22,iPhone
12341,retained,77,63,94,2566,0,3,2203.7,663.3,16,11,Android
12342,retained,31,29,106,2261,0,0,1497.3,898.6,21,16,iPhone
12343,retained,207,175,306,837,175,37,2970.7,1567.0,7,5,Android
12344,churned,126,101,152,522,0,0,5887.4,3532.4,6,3,Android
12345,retained,133,109,137,3039,394,0,3235.9,1313.4,19,17,iPhone
12346,retained,56,52,155,1169,213,101,2006.4,1172.7,27,19,iPhone
12347,churned,124,113,225,1598,198,101,4090.1,2714.8,16,16,Android
12348,retained,5,4,313,689,4,42,1374.8,1069.8,7,7,iPhone
12349,retained,106,106,487,2131,89,0,7332.3,3299.1,23,14,Android
12350,retained,19,15,105,2453,170,0,2096.0,675.0,10,4,iPhone
12351,retained,66,53,68,2200,15,7,3078.7,2322.7,23,16,iPhone
12352,retained,14,14,33,2753,215,0,4096.3,1317.1,10,8,iPhone
12353,retained,43,35,115,2792,34,0,7723.2,1289.4,6,2,iPhone
12354,retained,137,110,243,3498,43,77,5674.5,4472.8,5,4,iPhone
12355,retained,26,21,91,2251,265,344,3553.9,2018.9,27,19,iPhone
12356,retained,29,23,55,716,72,138,3344.6,1006.0,16,10,iPhone
12357,retained,39,32,230,166,44,13,5092.2,2252.4,27,20,iPhone
12358,retained,102,84,152,2029,231,0,6122.5,3084.0,25,25,iPhone
12359,retained,24,19,121,1901,241,0,2308.2,1529.7,17,11,iPhone
12360,churned,478,384,548,2066,46,43,3188.0,373.3,12,12,iPhone
12361,churned,65,52,123,3060,113,0,2830.2,1136.2,8,8,Android
12362,retained,6,6,16,1515,59,0,9955.6,1278.7,29,23,iPhone
12363,retained,166,133,210,2291,621,0,1321.3,624.3,9,8,iPhone
12364,retained,3,3,208,1027,136,119,4946.2,1596.0,23,14,iPhone
12365,churned,173,173,543,2026,0,155,7461.3,5422.5,6,6,Android
12366,retained,116,93,220,1374,100,40,4386.5,2295.0,13,10,iPhone
12367,retained,14,14,104,1802,236,0,2344.1,578.0,21,21,Android
12369,retained,56,47,210,1512,0,0,3418.0,1453.1,12,12,iPhone
12370,retained,56,45,178,2750,0,0,2915.7,1615.9,2,2,Android
12371,retained,78,64,281,1480,89,0,5121.5,3038.1,12,6,iPhone
12372,retained,76,61,109,1152,107,164,5569.0,224.7,23,18,iPhone
12373,retained,35,29,60,1328,323,0,1129.8,887.9,20,12,Android
12374,retained,24,21,67,548,176,24,537.8,286.3,17,15,iPhone
12375,retained,56,45,75,1404,109,0,4061.8,1302.6,9,3,iPhone
12376,retained,59,53,371,2551,0,26,4754.3,2934.3,8,8,iPhone
12377,retained,20,16,187,3173,234,21,2887.4,2104.6,15,14,Android
12378,retained,23,18,241,2641,69,190,2877.0,1750.2,25,15,iPhone
12379,retained,103,87,187,1459,0,0,4540.6,2042.0,1,1,Android
12380,retained,214,171,253,1419,61,21,2216.6,1265.2,18,17,iPhone
12381,retained,2,2,124,802,0,0,2813.5,2021.4,0,0,iPhone
12382,churned,199,159,321,1612,38,0,12818.6,4132.0,3,0,iPhone
12383,retained,158,127,470,701,18,97,2489.6,2065.1,16,14,Android
12384,retained,81,81,135,1719,1,17,2722.0,867.7,0,0,iPhone
12385,retained,178,145,489,589,8,111,9438.3,392.8,30,22,iPhone
12386,churned,143,116,302,1142,112,19,4587.8,589.1,3,3,Android
12387,retained,78,63,153,925,337,0,1023.7,561.1,10,9,iPhone
12388,churned,4,4,15,1060,244,58,2304.3,1374.7,15,14,iPhone
12389,retained,147,119,207,2612,8,67,4684.1,937.2,9,9,iPhone
12390,retained,35,28,103,971,17,0,4762.9,2803.1,17,17,iPhone
12391,retained,66,57,156,1792,114,0,8897.6,5488.6,10,6,iPhone
12392,retained,32,26,74,2205,611,28,8025.3,4471.7,5,2,iPhone
12393,retained,6,5,41,927,335,41,3904.5,2731.0,9,9,iPhone
12394,retained,197,159,282,1310,39,8,3171.3,1873.8,26,20,Android
12395,retained,15,15,173,348,521,29,6263.6,1875.0,25,20,iPhone
12396,churned,35,28,53,208,31,107,4176.1,1335.5,10,10,Android
12397,retained,115,93,129,1718,61,0,3587.2,2873.2,22,19,iPhone
12398,retained,23,21,141,1227,0,28,3244.1,1698.5,8,2,iPhone
12399,retained,68,55,95,290,615,18,1644.3,1316.9,2,2,iPhone
12400,retained,107,87,162,2135,206,93,781.7,273.2,24,16,Android
12401,retained,78,63,123,3002,658,0,5588.5,2202.7,26,21,iPhone
12402,retained,58,47,102,1544,0,0,1138.7,830.8,18,18,Android
12403,retained,138,111,216,894,227,30,2371.6,1950.8,31,23,iPhone
12404,retained,20,16,21,2516,333,0,4576.6,1031.2,12,12,Android
12405,retained,17,14,52,3057,153,14,2962.4,1638.4,5,5,iPhone
12406,retained,120,97,469,2715,24,0,2020.1,1471.0,7,7,iPhone
12407,retained,166,134,167,1573,27,0,6132.6,3603.9,7,7,iPhone
12408,retained,65,54,313,2003,15,0,3604.6,981.9,4,1,Android
12410,retained,1,1,157,1489,145,19,997.6,715.2,21,21,Android
12411,retained,137,110,143,2569,408,34,3247.5,1268.2,30,27,iPhone
12412,retained,39,33,82,767,65,126,4063.2,1601.5,13,9,Android
12413,churned,76,61,290,2745,67,11,4106.0,816.6,3,3,Android
12414,retained,18,16,285,3196,65,0,1872.0,872.3,15,14,iPhone
12415,retained,118,99,175,2127,55,10,4020.8,1543.0,26,24,Android
12416,retained,48,39,172,2422,0,0,3872.9,2601.8,27,26,Android
12417,retained,123,105,392,3057,80,149,4369.6,1498.7,15,8,iPhone
12418,retained,21,21,40,2971,16,0,3046.6,1968.4,19,17,iPhone
12419,churned,15,12,67,201,250,125,2829.3,1925.0,21,21,iPhone
12421,retained,92,74,157,27,65,68,2442.0,344.4,8,7,iPhone
12422,retained,13,11,56,1590,232,51,2013.0,70.3,9,9,iPhone
12423,retained,12,12,38,1776,9,89,6695.3,5113.3,30,26,Android
12424,retained,5,5,64,2696,131,49,3927.7,1980.5,27,19,Android
12426,retained,21,19,34,609,344,0,6860.5,4747.0,8,8,iPhone
12427,retained,577,463,771,994,125,0,3622.7,1281.7,23,20,iPhone
12428,churned,254,204,412,460,270,0,8254.8,4805.9,7,7,Android
12429,retained,13,12,127,171,155,0,3349.8,2650.2,18,17,Android
12430,retained,82,67,202,2990,27,155,4734.3,3066.7,16,11,Android
12431,retained,35,29,38,1011,28,0,4916.8,1860.2,28,25,iPhone
12432,retained,58,47,147,628,148,0,4010.6,1712.7,4,0,Android
12433,retained,72,58,86,1473,69,66,4813.6,3799.2,22,17,Android
12434,retained,35,28,263,3351,185,2,2588.3,816.1,20,19,iPhone
12435,retained,95,76,231,1600,195,0,6128.7,2865.3,19,12,iPhone
12436,retained,45,39,182,1940,16,43,1570.3,622.8,0,0,iPhone
12438,retained,117,113,587,2018,8,19,2385.7,1257.7,26,25,iPhone
12439,retained,101,93,175,24,37,85,5071.8,821.2,24,22,iPhone
12440,retained,21,21,246,472,16,0,1528.6,712.3,5,0,Android
12441,retained,22,22,119,2503,187,0,5086.2,874.4,3,1,Android
12442,retained,155,125,341,587,0,0,3084.7,2562.3,26,21,iPhone
12444,retained,26,21,55,1678,144,19,8290.4,1653.9,31,24,Android
12445,retained,106,106,216,3326,0,7,3437.0,708.3,0,0,Android
12446,churned,743,596,840,360,0,143,10943.5,5731.0,11,8,iPhone
12447,retained,78,71,218,1196,13,124,1871.4,1161.0,20,20,Android
12448,churned,75,75,179,537,143,24,4290.1,1650.7,1,0,iPhone
12449,retained,21,21,57,2808,0,1,1622.5,433.0,22,15,iPhone
12450,churned,105,84,167,2399,48,30,3076.5,915.3,1,1,iPhone
12451,retained,177,177,190,1527,188,145,1785.0,1190.7,12,9,iPhone
12452,retained,34,28,439,3332,51,0,3672.2,2807.3,12,12,Android
12453,retained,56,45,85,1414,0,0,10940.6,2227.4,23,20,Android
12454,retained,133,107,170,2523,147,16,8987.3,2648.3,25,24,Android
12455,retained,186,150,206,2562,97,10,1260.7,660.4,29,24,iPhone
12456,churned,64,58,103,399,160,123,8290.9,6760.1,16,10,Android
12457,retained,141,114,193,3253,49,0,3733.3,2749.9,1,0,iPhone
12458,retained,193,155,321,2312,197,0,2787.1,2099.7,4,4,Android
12459,retained,58,58,194,3159,0,0,2714.4,1867.7,20,19,iPhone
12460,retained,72,59,250,241,180,2,2067.7,341.2,23,18,iPhone
12461,retained,20,17,216,1506,63,81,3263.3,2106.8,17,13,iPhone
12462,retained,15,12,190,494,103,23,1913.4,1059.7,20,13,iPhone
12463,retained,277,224,332,510,0,6,6402.8,2222.7,25,20,Android
12464,churned,77,61,145,2670,23,89,864.0,340.9,3,3,iPhone
12465,churned,170,136,288,2223,0,2,4717.2,3040.5,24,17,iPhone
12466,retained,68,59,124,1753,199,0,5878.0,4784.3,29,19,Android
12467,retained,124,105,172,2968,39,52,7107.3,1510.3,0,0,iPhone
12468,retained,29,24,58,1048,117,0,4005.8,2815.9,26,24,iPhone
12469,retained,54,43,73,1570,23,59,4773.6,1400.9,25,18,iPhone
12470,retained,298,239,498,875,115,0,7985.6,5668.2,13,10,iPhone
12471,churned,8,8,39,1042,49,23,14079.5,6986.1,8,4,Android
12472,retained,246,230,250,1849,0,0,2481.8,913.8,29,25,iPhone
12473,churned,162,133,283,3421,0,35,4085.9,1068.9,16,10,iPhone
12474,retained,69,59,86,2824,0,0,4253.7,1415.8,14,9,iPhone
12475,retained,29,24,203,3097,108,0,3713.6,1436.4,27,20,iPhone
12476,retained,76,61,146,841,118,3,7338.0,514.8,26,21,Android
12477,retained,41,33,51,1383,45,65,1644.9,1151.4,28,21,iPhone
12478,retained,74,67,88,1478,0,32,11242.5,3989.5,20,19,iPhone
12479,retained,26,21,44,2981,65,81,3631.6,2031.9,3,3,iPhone
12480,retained,97,81,299,2949,48,23,1393.2,980.0,9,9,iPhone
12481,churned,45,39,766,3158,38,84,1465.6,1024.8,7,7,iPhone
12482,retained,33,27,95,3416,0,19,3778.8,975.4,9,9,Android
12483,retained,167,136,245,3316,119,0,3233.4,2685.2,26,18,iPhone
12484,retained,38,31,151,2847,98,92,687.2,403.6,6,5,iPhone
12485,retained,17,14,118,731,166,0,3164.8,1502.8,15,15,Android
12486,retained,71,58,94,3372,0,24,2817.9,1128.1,23,15,Android
12487,churned,116,94,193,339,191,0,10307.9,5953.2,0,0,Android
12488,churned,9,9,83,1852,249,24,2470.1,1720.4,28,18,iPhone
12489,retained,16,15,170,923,92,1,4701.8,2783.3,16,16,iPhone
12490,churned,71,71,416,1308,360,0,1937.4,1182.2,5,4,Android
12491,retained,72,58,177,133,0,30,5305.0,4323.0,28,21,iPhone
12492,churned,4,3,342,2665,102,0,5104.6,1820.8,5,2,Android
12494,retained,124,100,130,1098,0,0,2581.8,900.1,6,3,iPhone
12495,churned,59,47,87,416,0,114,6908.6,3981.3,5,5,Android
12496,retained,42,34,342,1874,0,19,3970.0,2529.2,25,23,iPhone
12497,retained,28,23,58,1031,28,0,5979.5,858.8,14,14,iPhone
12498,retained,18,18,258,301,68,0,6502.6,1326.1,16,16,Android
12499,retained,2,2,6,288,42,49,1965.5,1238.7,21,15,iPhone
12500,churned,12,10,136,1102,43,13,14072.9,8161.7,7,3,iPhone
12501,retained,37,30,52,3108,0,22,3762.3,1448.8,12,10,Android
12502,retained,13,13,24,2496,19,0,741.6,486.5,12,12,Android
12503,retained,86,86,206,3075,252,17,3009.7,2179.8,19,14,iPhone
12504,retained,86,70,481,2916,191,0,5039.0,1743.0,0,0,Android
12505,retained,5,5,117,2999,286,0,6605.3,5326.3,2,2,iPhone
12506,retained,39,33,85,2104,0,11,6251.0,3876.9,28,26,iPhone
12507,churned,42,34,90,857,0,0,3699.8,2275.1,16,10,Android
12508,retained,129,104,132,1755,119,5,9598.9,2376.8,29,21,Android
12509,retained,155,125,181,2405,306,0,3579.9,2057.2,10,10,Android
12510,retained,2,2,107,1858,120,22,2685.0,958.9,20,20,Android
12511,retained,12,12,231,2433,0,3,4103.7,1527.3,17,16,Android
12512,retained,8,8,220,24,352,0,10783.9,8056.9,23,19,iPhone
12513,retained,30,26,171,2117,0,0,3344.4,990.9,4,4,iPhone
12514,retained,326,261,481,941,293,0,2503.0,1791.5,20,20,iPhone
12515,retained,2,2,6,1384,279,0,4861.6,3340.5,31,24,iPhone
12516,retained,2,2,211,881,3,28,1860.0,1277.6,1,0,iPhone
12517,retained,310,250,347,1757,1153,0,7147.5,5909.5,8,8,iPhone
12518,retained,87,69,157,3489,26,110,2580.3,2007.5,6,6,Android
12519,retained,4,4,198,2426,124,0,3783.9,227.1,20,19,iPhone
12520,retained,68,68,96,1650,199,16,2297.6,733.7,21,20,iPhone
12521,retained,39,39,163,1536,323,78,5778.6,4337.6,29,20,iPhone
12522,churned,112,90,720,1641,50,45,4989.0,1775.0,4,2,Android
12523,churned,3,3,224,1680,54,0,2536.3,880.6,21,14,Android
12524,retained,15,15,123,2656,0,15,7922.6,6249.0,14,8,Android
12525,retained,67,55,218,2788,17,0,1817.1,622.3,4,0,iPhone
12526,retained,266,213,291,1749,83,38,4112.7,292.8,12,7,iPhone
12527,retained,43,36,114,2733,210,68,4691.9,3004.3,24,23,iPhone
12528,retained,142,114,166,392,263,0,2315.0,1142.1,7,7,iPhone
12529,retained,37,30,169,1233,232,0,1191.8,639.8,12,7,Android
12530,retained,134,108,136,2302,279,93,6346.2,2692.9,11,11,iPhone
12531,retained,414,342,520,260,16,0,5537.3,2890.7,15,13,iPhone
12532,retained,10,10,384,3002,100,34,4001.5,778.7,10,10,iPhone
12533,retained,129,103,395,3167,201,0,2176.4,1259.0,16,16,iPhone
12534,retained,35,35,104,555,0,21,3769.7,2397.7,14,11,iPhone
12535,retained,15,14,94,3171,0,0,3418.1,621.9,13,7,Android
12536,retained,190,153,198,3065,0,98,1921.0,1595.6,21,18,iPhone
12537,churned,9,8,17,1169,0,20,3845.4,1976.8,13,8,Android
12538,churned,80,67,135,2020,0,23,4081.5,2180.2,1,1,iPhone
12539,retained,202,168,309,2611,268,3,7040.9,530.1,9,9,Android
12540,churned,375,301,402,3478,0,66,3099.9,1208.9,6,6,Android
12541,retained,132,107,310,2536,86,0,2595.1,1715.1,28,21,Android
12542,churned,42,36,77,411,0,46,792.6,431.3,14,12,iPhone
12544,retained,97,78,251,2367,0,0,4136.7,2256.7,23,14,iPhone
12545,retained,305,248,329,23,214,5,4884.6,1682.5,10,10,iPhone
12546,retained,25,22,49,441,0,0,1853.0,1461.2,26,17,iPhone
12547,churned,108,89,119,687,43,0,5424.7,2904.6,10,10,iPhone
12548,churned,136,109,197,237,36,48,5878.7,1478.2,0,0,iPhone
12549,churned,47,38,51,274,74,0,4847.6,2026.4,3,2,iPhone
12550,retained,46,37,259,3369,0,0,3664.4,1414.6,0,0,iPhone
12551,retained,78,63,146,2057,17,0,6706.1,1893.8,22,19,iPhone
12552,churned,26,26,179,709,0,0,5924.8,3122.4,15,14,Android
12553,retained,79,75,243,2435,127,0,2941.8,1473.4,29,26,iPhone
12554,retained,26,23,54,3065,31,10,2911.9,166.8,25,17,iPhone
12555,retained,129,105,869,1769,250,60,2080.1,328.3,1,1,Android
12556,churned,93,74,178,2186,128,0,6574.5,3754.5,1,1,Android
12557,retained,184,149,206,1180,116,57,8752.9,2500.6,24,17,Android
12558,retained,166,138,219,2960,112,42,12064.4,2674.8,31,29,iPhone
12559,retained,15,12,407,2518,425,0,2933.0,2090.9,26,16,Android
12560,retained,16,16,86,1194,246,32,3853.2,1827.9,2,2,Android
12561,churned,92,80,365,1916,452,53,5636.6,2079.3,8,5,iPhone
12562,retained,200,170,200,1313,307,0,976.6,594.3,25,16,iPhone
12563,retained,71,57,110,3226,52,0,2611.9,1235.9,22,20,iPhone
12565,retained,21,19,508,1782,0,81,3731.5,1511.9,10,10,iPhone
12566,churned,302,242,331,952,110,120,6905.4,3661.6,11,6,iPhone
12567,retained,83,66,86,2825,112,22,5856.1,1153.0,23,18,iPhone
12568,retained,83,67,533,2304,0,0,7032.2,941.4,19,19,Android
12569,retained,175,143,230,2116,0,42,6523.4,3333.9,24,21,Android
12570,retained,171,138,202,1477,145,10,4934.8,3791.4,30,23,iPhone
12571,retained,65,52,119,1617,23,36,1714.5,798.6,28,26,iPhone
12572,retained,78,63,91,3473,227,0,1441.7,1194.2,5,2,Android
12573,churned,45,39,46,498,226,21,7118.9,1855.8,10,10,iPhone
12574,retained,68,55,71,2161,80,0,2335.9,118.2,2,2,Android
12575,retained,30,25,49,2791,42,74,2977.9,1802.8,19,17,Android
12576,retained,0,0,151,372,106,30,2831.2,932.3,14,11,iPhone
12577,retained,262,212,364,3266,167,0,4047.9,905.1,17,15,Android
12578,retained,40,40,56,2179,596,37,1903.1,1069.6,30,21,iPhone
12579,retained,49,49,334,1140,119,0,6171.4,1904.6,14,9,Android
12580,retained,13,11,39,2472,109,57,4385.5,333.8,17,13,iPhone
12581,retained,92,92,156,1556,71,0,1475.4,852.2,11,8,iPhone
12582,retained,14,14,21,2980,261,29,2457.8,2044.0,11,11,iPhone
12583,retained,6,5,163,1611,64,3,12759.8,9151.3,20,12,Android
12584,retained,2,2,118,234,93,0,4415.0,1883.0,12,12,iPhone
12585,churned,4,4,65,3221,398,9,4000.7,2809.7,15,15,Android
12586,churned,27,22,32,921,205,53,4521.1,165.8,6,6,iPhone
12587,retained,41,41,149,2359,8,74,4620.6,1031.5,17,17,iPhone
12588,retained,17,14,292,1629,0,32,8034.4,2961.9,11,8,iPhone
12589,retained,92,73,114,3006,108,107,3360.1,1994.7,26,20,iPhone
12590,retained,38,31,68,3218,8,1,2619.1,453.0,28,21,Android
12591,retained,71,59,203,2308,360,0,7586.2,4612.7,9,9,iPhone
12593,retained,10,10,16,1214,347,69,4963.7,408.0,5,1,iPhone
12594,churned,16,14,190,3180,0,26,3535.8,595.6,23,16,iPhone
12595,retained,126,101,164,2943,96,22,4031.9,1146.5,1,1,iPhone
12596,churned,223,184,387,3435,135,0,867.0,646.1,19,15,Android
12597,retained,22,18,346,1508,191,5,6767.0,2196.1,22,22,iPhone
12598,retained,33,26,91,2493,41,0,3293.3,2003.8,10,3,iPhone
12599,churned,78,63,302,2382,58,28,5170.7,2270.2,1,1,Android
12600,retained,39,31,39,3282,172,0,3632.9,2136.2,4,4,iPhone
12601,retained,124,101,327,2474,0,0,5286.7,3896.8,3,3,iPhone
12602,churned,48,48,126,1196,0,98,8610.9,777.3,7,7,Android
12603,churned,81,70,294,367,85,110,5152.4,1761.6,0,0,iPhone
12604,retained,37,32,195,102,0,221,640.9,151.3,24,17,iPhone
12605,retained,33,28,65,2558,229,108,310.9,185.9,9,9,iPhone
12606,churned,155,127,286,782,721,4,6827.5,3162.0,12,12,Android
12607,retained,191,153,256,2897,6,37,4344.5,3601.2,22,14,Android
12609,retained,52,42,581,489,169,79,2269.8,1316.2,8,8,Android
12610,churned,131,105,160,3243,0,34,5380.0,4261.2,0,0,iPhone
12611,retained,4,4,71,1831,2,58,3147.2,662.7,9,2,iPhone
12612,retained,31,25,496,1756,224,8,4067.8,910.4,21,17,iPhone
12613,retained,34,29,68,1611,185,47,6819.0,3548.0,16,16,iPhone
12614,retained,122,99,340,3378,152,27,3142.2,1692.0,26,17,iPhone
12615,retained,34,28,73,3314,88,19,593.3,337.7,14,7,iPhone
12616,retained,158,127,443,1923,0,14,6387.4,3399.1,22,22,iPhone
12617,retained,41,33,79,3466,6,94,6163.6,4848.1,24,22,iPhone
12618,retained,6,6,136,1309,68,209,1779.0,1320.1,4,4,Android
12619,retained,27,22,48,445,0,0,1398.3,142.9,28,22,Android
12620,retained,101,81,165,242,8,8,4709.8,468.8,12,9,Android
12622,retained,24,21,531,81,255,0,3366.7,1163.4,31,21,Android
12623,retained,51,42,144,1991,501,0,9241.1,1560.0,5,5,iPhone
12624,retained,33,30,192,998,0,57,1950.7,1502.2,17,15,iPhone
12625,retained,70,56,74,3385,30,10,5385.6,1113.4,8,2,Android
12627,retained,128,103,367,2791,330,28,5238.1,3543.5,13,8,Android
12628,churned,63,56,79,1117,135,28,5138.8,2139.2,17,17,Android
12629,retained,11,10,68,2222,224,24,5158.6,2459.7,10,5,iPhone
12630,retained,21,17,60,247,0,15,1596.7,378.8,10,4,iPhone
12631,retained,128,105,172,988,0,12,3273.5,2171.7,3,0,Android
12632,retained,261,210,277,3317,123,0,259.2,79.2,23,21,iPhone
12633,churned,22,22,83,252,0,65,3092.3,1158.7,9,4,Android
12634,retained,100,84,253,940,227,0,3337.6,586.2,13,11,Android
12635,retained,89,72,164,2800,0,189,2165.5,916.5,28,19,Android
12636,retained,100,80,313,1562,58,83,5067.9,1835.9,9,3,iPhone
12637,retained,59,48,157,2684,133,159,775.7,515.7,24,23,iPhone
12638,churned,124,99,184,2752,0,0,196.0,162.5,4,0,Android
12640,retained,44,38,99,35,189,14,3694.2,2378.1,9,4,iPhone
12641,retained,112,90,154,1937,18,0,15817.0,407.6,11,6,iPhone
12642,retained,41,35,49,1217,0,33,1053.1,545.6,1,1,iPhone
12643,retained,68,54,73,1164,67,0,8432.7,5197.2,16,16,iPhone
12644,retained,62,51,145,2496,0,26,3731.8,948.0,13,13,Android
12645,retained,113,91,130,1184,0,192,7266.4,1399.9,18,13,Android
12646,retained,725,582,737,2098,1077,55,4743.9,2477.3,4,4,Android
12647,retained,87,70,110,1450,99,22,6720.3,4417.1,11,4,iPhone
12648,retained,172,138,221,729,72,0,7395.4,4668.8,6,6,iPhone
12649,retained,100,80,108,2189,231,24,6263.1,3976.0,19,13,Android
12650,retained,128,103,128,2832,0,42,3799.5,2441.3,5,5,iPhone
12651,retained,104,84,147,855,71,0,5468.7,3269.8,29,25,iPhone
12652,retained,17,17,108,474,0,38,4680.9,3791.0,27,25,iPhone
12653,churned,17,17,34,783,0,0,2633.9,1645.2,21,21,Android
12654,retained,32,26,86,1788,493,11,2078.2,1234.5,9,9,iPhone
12655,churned,120,96,158,2514,224,7,1005.0,706.2,16,11,Android
12656,retained,87,87,146,204,102,44,4338.4,682.5,13,12,iPhone
12657,retained,155,126,296,1011,59,1,1539.1,398.2,6,3,iPhone
12658,retained,113,92,223,2695,11,45,6407.6,853.7,3,1,Android
12659,churned,100,80,210,709,40,29,3932.3,2946.2,10,3,Android
12660,retained,69,57,263,3170,13,172,6960.9,4439.1,8,7,iPhone
12661,retained,267,217,703,3068,41,16,2063.0,1610.8,6,6,Android
12663,churned,35,35,82,3187,233,51,2444.9,1363.1,10,8,iPhone
12664,retained,139,111,297,1689,0,9,6471.1,225.5,30,23,iPhone
12665,retained,69,56,131,2824,143,35,6321.8,1142.4,30,20,iPhone
12666,retained,1,1,41,2157,86,29,5924.6,4685.9,4,2,Android
12667,retained,64,53,400,1478,146,34,6388.6,4917.1,19,16,iPhone
12669,retained,151,123,181,1422,54,0,4799.8,728.1,30,26,iPhone
12670,retained,87,71,132,1262,41,25,1648.1,934.3,28,22,iPhone
12671,retained,72,59,107,423,24,7,2289.7,889.6,4,0,iPhone
12673,retained,135,108,224,2421,453,31,1101.0,914.5,1,1,iPhone
12674,retained,122,98,200,599,0,11,3183.5,2155.5,2,0,Android
12675,retained,20,20,123,371,26,119,2150.3,640.1,24,23,Android
12676,churned,18,18,49,903,199,0,5252.3,3923.3,14,9,iPhone
12678,retained,5,5,462,3029,29,0,2826.7,1363.0,26,25,iPhone
12679,churned,186,149,391,1393,164,101,3952.3,1130.3,0,0,Android
12680,retained,21,17,131,2563,161,43,7423.1,5476.1,19,18,Android
12681,retained,96,81,855,1276,52,0,654.6,406.4,26,21,iPhone
12682,retained,233,187,272,2350,292,9,2293.7,1771.2,7,7,iPhone
12683,retained,14,14,18,1307,9,7,5804.5,703.7,29,20,iPhone
12684,retained,48,48,359,3004,392,0,3615.4,2392.2,24,18,iPhone
12685,churned,90,75,134,3024,81,33,6051.7,172.2,8,8,Android
12686,retained,21,19,32,397,0,0,3488.3,317.2,29,23,Android
12687,retained,192,153,334,2256,143,0,1548.3,1158.6,15,8,iPhone
12689,retained,18,18,133,2108,16,0,2574.2,1955.0,30,21,Android
12690,churned,28,23,41,1560,0,0,849.1,380.6,11,11,Android
12692,retained,208,166,375,2264,454,2,5540.4,4440.7,20,18,Android
12693,retained,7,6,15,1687,7,0,10153.0,2818.8,23,14,Android
12694,churned,53,44,192,3344,98,61,3654.7,694.9,19,18,Android
12695,retained,110,90,365,2545,73,15,2973.0,1437.6,28,25,iPhone
12696,retained,9,7,65,641,444,0,4090.7,1095.5,20,20,iPhone
12697,churned,5,5,53,2756,5,71,1102.8,622.8,5,5,Android
12698,retained,25,20,46,3485,29,37,2435.6,1445.6,29,27,iPhone
12699,churned,315,253,488,1994,0,0,6764.5,2515.2,9,9,iPhone
12700,retained,29,23,195,1898,181,0,5612.2,2858.6,21,12,Android
12701,retained,12,10,230,1385,0,0,1685.9,736.2,16,15,Android
12702,churned,3,2,126,3226,18,0,2764.5,1909.2,6,2,Android
12703,retained,1,1,29,2519,120,0,8104.6,4048.8,21,19,iPhone
12704,churned,15,13,55,1143,103,0,6240.9,3702.5,17,11,iPhone
12705,retained,125,105,133,2449,0,17,2618.8,1427.9,17,14,iPhone
12706,churned,258,207,274,838,5,24,8583.6,3232.3,21,19,iPhone
12707,retained,27,22,210,2290,260,0,3567.7,1128.2,19,12,iPhone
12708,retained,19,16,77,2616,216,0,2645.8,1393.2,25,16,iPhone
12709,retained,36,31,83,1499,201,1,1253.4,939.0,7,7,Android
12710,retained,17,17,163,811,11,239,4010.3,1817.9,26,19,iPhone
12711,retained,104,83,248,2490,0,0,10880.4,6209.5,24,19,iPhone
12712,retained,7,7,44,2598,0,5,6383.6,113.6,6,2,iPhone
12713,retained,240,193,377,975,19,9,6064.4,4728.0,1,0,iPhone
12714,retained,271,218,307,1307,0,0,1824.1,1053.8,23,22,iPhone
12715,retained,34,33,54,1504,45,48,1702.8,901.1,1,0,Android
12716,retained,93,74,227,2165,23,0,4113.5,1763.0,15,10,Android
12717,retained,113,91,187,2248,8,33,1596.5,512.3,5,5,Android
12718,retained,160,130,168,574,97,116,927.2,641.6,10,10,iPhone
12719,churned,78,62,156,402,165,15,3513.4,1081.9,2,2,Android
12720,retained,58,47,69,1380,0,103,2002.9,380.2,21,14,iPhone
12721,retained,26,21,98,2746,284,0,8018.5,4279.8,2,2,iPhone
12722,retained,132,110,531,863,38,43,2726.8,1057.1,29,28,Android
12723,retained,40,35,68,2008,776,0,1118.2,897.0,22,21,Android
12724,churned,35,30,72,1541,136,0,2178.2,621.8,13,13,Android
12725,retained,132,109,223,3322,137,0,6398.9,2738.4,10,5,iPhone
12726,retained,89,72,134,50,218,19,2490.5,1731.1,25,23,iPhone
12727,churned,268,216,447,13,78,8,4994.1,2634.6,0,0,Android
12728,retained,58,47,112,2528,17,25,1281.3,180.7,8,7,iPhone
12729,retained,5,5,293,3295,228,0,573.5,315.5,4,0,iPhone
12730,retained,64,51,76,3148,73,0,8395.2,2399.9,30,19,iPhone
12731,retained,233,187,258,500,70,13,2273.5,1226.9,30,26,Android
12732,retained,282,227,430,3245,114,49,3437.7,811.8,28,20,Android
12733,retained,77,77,232,846,195,57,6910.5,4604.7,8,8,iPhone
12734,retained,31,25,34,1647,273,0,3370.1,2692.1,7,6,Android
12735,retained,268,215,330,1625,150,56,5609.5,2251.7,20,14,Android
12736,retained,16,16,121,1862,111,0,3506.9,2491.0,11,4,Android
12738,retained,13,11,130,1424,176,51,4402.0,1748.2,31,20,iPhone
12739,retained,42,34,182,1626,81,68,1971.4,849.0,17,13,Android
12740,churned,37,32,188,641,124,0,3436.5,1766.1,18,10,Android
12741,retained,150,124,319,177,29,0,2778.6,635.6,8,8,iPhone
12742,retained,38,33,73,157,79,0,2017.5,1256.1,13,10,iPhone
12743,retained,29,24,259,3440,116,38,1463.2,469.7,24,20,iPhone
12744,retained,72,58,80,1441,34,25,5427.0,1261.2,20,18,iPhone
12745,retained,70,64,188,1113,299,41,2023.6,890.2,7,4,iPhone
12746,retained,13,13,62,1950,56,105,3602.4,845.4,17,14,iPhone
12747,retained,53,46,96,2485,500,10,2517.1,1462.7,15,8,iPhone
12748,churned,8,7,158,2529,424,7,6586.0,2480.0,3,2,Android
12749,retained,14,12,101,2505,126,89,7546.1,1240.8,30,26,iPhone
12750,retained,179,147,369,3273,314,0,1731.8,929.5,28,23,iPhone
12751,churned,24,20,111,1436,0,0,3414.5,1911.5,16,10,Android
12752,retained,15,12,165,1802,6,0,3764.8,1317.9,4,3,iPhone
12753,retained,4,4,46,1584,0,97,5092.0,2859.5,21,15,Android
12754,retained,26,26,60,2642,0,0,208.8,97.7,16,9,Android
12755,retained,205,169,251,1483,37,0,914.4,464.9,2,2,Android
12756,retained,160,129,198,818,175,54,3809.4,2487.3,15,10,iPhone
12757,retained,24,19,46,2683,0,0,5472.5,3911.3,27,24,Android
12758,retained,4,4,315,2165,179,0,6083.0,3040.8,17,17,iPhone
12759,retained,137,109,212,3230,0,13,2774.6,202.9,3,3,iPhone
12761,churned,418,335,678,2780,44,12,5924.5,3370.0,13,12,iPhone
12762,retained,59,47,129,2558,62,0,7133.9,5830.7,10,10,Android
12763,retained,133,108,158,1115,0,0,5588.3,1795.8,15,15,iPhone
12764,retained,87,70,343,611,0,66,7002.0,5557.6,9,6,iPhone
12765,retained,29,24,67,2912,269,152,4626.1,549.5,30,23,Android
12766,retained,74,62,314,1422,38,0,1934.9,1174.2,5,5,iPhone
12767,retained,54,43,105,514,108,0,5623.5,1099.6,4,3,iPhone
12768,retained,54,51,158,1410,107,14,4117.2,1084.2,29,25,Android
12769,retained,42,35,186,1927,13,0,2935.7,1728.1,28,21,Android
12770,retained,17,14,91,2412,87,44,4954.7,2031.1,17,9,iPhone
12771,retained,24,21,157,2539,0,45,317.1,165.6,15,11,Android
12772,retained,6,6,79,1477,28,179,3604.0,1577.7,18,10,iPhone
12773,retained,33,33,115,1823,174,0,2649.8,676.6,10,10,iPhone
12774,retained,179,143,316,416,3,0,11621.7,8243.1,30,22,Android
12775,churned,322,258,360,126,160,167,3145.9,712.0,4,2,iPhone
12777,retained,66,65,167,2307,0,72,2153.6,260.4,26,18,iPhone
12778,retained,24,24,39,2034,171,22,2993.6,362.1,4,2,Android
12779,churned,379,304,419,1859,206,0,3317.9,2625.4,6,1,Android
12780,retained,64,51,201,2540,49,0,5822.8,1489.9,24,23,iPhone
12782,retained,32,26,127,203,0,0,5055.7,3547.3,17,11,Android
12783,retained,22,19,35,2040,289,109,4453.7,797.2,26,24,Android
12784,retained,82,66,113,1279,79,2,1328.3,1005.0,29,27,iPhone
12785,retained,136,109,145,305,116,0,6448.6,3152.2,25,23,iPhone
12786,retained,23,19,99,2584,1,2,763.6,439.8,14,13,iPhone
12787,retained,35,28,244,311,13,67,3804.5,1535.1,0,0,Android
12788,retained,147,120,242,2544,0,54,5603.2,1304.9,21,19,iPhone
12789,retained,120,101,194,1954,0,0,504.9,240.0,25,17,Android
12790,retained,74,60,153,3129,48,27,1408.3,200.0,20,20,iPhone
12791,retained,111,89,176,745,0,19,3145.2,1626.2,5,5,Android
12792,retained,157,129,408,800,435,28,2452.2,1887.6,20,18,iPhone
12793,retained,58,46,162,2955,0,8,2534.9,1699.6,22,15,Android
12794,retained,3,3,158,1048,85,0,1064.6,410.5,14,13,iPhone
12795,retained,84,73,145,3069,30,0,1279.1,501.4,17,9,Android
12796,retained,122,100,162,1706,0,16,736.0,441.3,26,17,iPhone
12798,retained,118,102,183,1515,179,24,2521.8,347.6,5,5,iPhone
12799,retained,39,32,59,2634,33,0,3600.0,1630.9,27,20,Android
12800,retained,32,27,193,3208,275,0,4442.4,581.5,12,5,iPhone
12801,retained,39,31,139,1050,0,0,2704.4,996.3,4,0,iPhone
12802,retained,122,98,409,1051,0,0,7076.8,2993.5,28,19,iPhone
12803,retained,81,65,217,1900,71,0,628.0,437.1,24,22,iPhone
12804,retained,69,69,103,842,9,67,4710.2,1253.0,20,12,iPhone
12805,retained,70,56,393,1882,0,40,7693.6,2841.4,16,16,iPhone
12806,churned,2,2,102,904,3,24,3126.8,2579.1,6,6,iPhone
12807,retained,297,238,338,3017,99,12,5990.9,3820.7,21,14,Android
12808,retained,17,14,57,1443,138,37,6416.6,2787.0,27,21,iPhone
12809,churned,91,73,350,252,102,0,4511.3,1133.5,10,3,iPhone
12810,retained,14,11,58,752,68,148,9009.7,1636.0,2,2,Android
12811,retained,385,315,392,3483,44,24,4961.1,1643.7,29,22,iPhone
12812,retained,41,41,48,2215,15,8,7149.7,5288.1,10,5,iPhone
12813,retained,323,259,451,1568,3,0,4432.8,2349.2,28,24,iPhone
12814,retained,89,76,160,750,26,50,2564.7,743.6,3,0,iPhone
12815,churned,17,14,48,2351,0,0,5506.4,4005.6,10,10,iPhone
12816,churned,55,45,62,2276,105,0,5613.4,2784.0,21,14,iPhone
12817,churned,61,50,264,174,0,29,3342.8,118.6,28,19,iPhone
12818,retained,77,71,105,602,130,0,1806.0,803.5,12,11,Android
12819,retained,3,3,202,2807,38,17,5898.8,3761.5,7,3,iPhone
12820,retained,50,40,50,3487,97,11,3016.4,2219.9,10,9,Android
12821,retained,71,63,246,78,0,40,5118.6,1663.4,10,9,iPhone
12822,retained,18,17,262,1195,18,10,5003.3,2607.8,26,25,Android
12823,retained,50,45,100,1951,267,22,1848.7,213.0,11,7,iPhone
12824,retained,258,209,278,2713,29,30,7173.0,1393.6,17,17,iPhone
12825,churned,191,159,196,225,382,12,12473.9,3514.1,3,3,iPhone
12826,retained,34,27,235,548,0,52,2130.2,822.4,23,17,Android
12827,retained,94,76,175,2998,51,0,3511.6,195.5,6,1,Android
12828,retained,29,28,129,2492,24,20,1851.8,1167.8,16,14,iPhone
12830,churned,20,18,80,1302,255,0,2064.6,1632.3,28,26,Android
12831,retained,37,30,122,2067,53,0,3574.1,2395.0,30,20,iPhone
12832,retained,3,3,35,2513,74,0,3943.9,445.1,13,7,iPhone
12833,retained,190,155,235,3056,196,75,1508.0,880.0,21,13,Android
12834,retained,55,44,162,2787,51,0,3880.7,2599.3,6,5,iPhone
12835,retained,115,115,252,2173,6,0,1841.6,209.9,13,7,iPhone
12836,retained,114,92,184,460,184,0,1329.2,445.7,15,10,iPhone
12837,retained,11,9,341,2005,35,4,671.5,40.8,6,4,Android
12838,retained,64,52,87,1778,108,3,3537.5,2862.5,16,15,Android
12839,churned,0,0,51,728,192,3,12316.8,7880.1,6,3,iPhone
12840,retained,383,307,397,1092,107,27,1226.7,888.1,8,8,Android
12841,retained,82,66,177,722,40,0,3740.4,356.0,14,9,iPhone
12842,retained,8,7,98,780,0,43,7174.5,3326.3,22,18,iPhone
12843,retained,10,9,55,2398,53,8,2904.7,2155.4,2,0,iPhone
12844,retained,8,6,12,1173,506,0,4115.5,628.8,14,12,iPhone
12845,retained,209,167,222,2515,246,0,3867.7,577.3,25,17,iPhone
12846,retained,117,100,184,3322,0,2,4081.0,1679.5,23,18,iPhone
12847,retained,3,2,33,3309,92,25,314.9,238.9,16,12,iPhone
12848,retained,22,21,46,2844,0,11,2959.8,618.5,24,24,Android
12849,churned,77,62,79,542,386,8,1364.1,655.2,21,12,Android
12850,retained,11,11,304,431,0,0,2765.1,336.9,19,19,iPhone
12851,retained,115,92,335,1771,2,51,2143.2,1006.2,1,0,Android
12852,retained,117,117,167,2996,190,0,5413.0,2633.3,18,18,Android
12853,churned,250,204,365,1311,125,0,5398.7,2382.4,3,3,Android
12855,retained,61,49,198,2668,323,0,1581.8,347.2,12,5,iPhone
12856,retained,54,43,274,124,0,0,8657.5,2172.9,15,14,Android
12857,retained,48,39,123,2220,348,32,4697.9,3670.0,18,18,iPhone
12858,retained,15,12,29,1204,274,7,4161.7,363.9,29,18,iPhone
12861,retained,77,66,198,3150,100,0,1566.9,1197.7,17,14,iPhone
12862,retained,6,6,179,838,156,56,4078.8,1913.2,28,25,iPhone
12863,retained,131,105,145,2260,378,27,748.6,519.5,26,20,iPhone
12864,churned,61,49,111,720,0,68,593.6,240.9,17,14,Android
12865,retained,38,30,51,3407,0,0,9753.2,6717.9,16,13,iPhone
12866,retained,3,3,203,3079,263,0,3559.8,1306.8,26,24,Android
12867,churned,25,24,38,408,133,69,1463.2,553.1,19,17,Android
12868,retained,39,31,154,124,222,27,6818.5,2162.3,9,8,Android
12870,retained,23,19,33,2674,104,0,7648.9,1399.8,16,11,Android
12871,churned,7,7,392,2481,156,0,931.3,562.7,14,14,Android
12872,retained,14,12,171,886,0,0,1905.5,675.7,18,18,iPhone
12873,churned,43,43,427,703,95,29,1329.2,159.3,1,1,iPhone
12874,retained,22,22,127,3244,116,0,520.1,418.8,24,22,Android
12875,retained,2,2,27,2957,104,16,5810.1,4271.8,10,5,iPhone
12876,retained,37,30,246,2300,37,0,2468.2,1506.2,25,20,Android
12877,churned,96,77,132,1341,158,0,1558.6,442.6,15,14,iPhone
12878,retained,151,125,318,2550,238,49,1358.4,1035.3,16,12,iPhone
12879,retained,22,19,35,2616,0,21,2304.6,840.6,30,22,Android
12880,retained,78,62,86,1275,169,0,2817.3,717.9,3,3,iPhone
12881,retained,24,19,25,1586,85,50,3340.5,1851.1,15,13,iPhone
12882,retained,102,84,120,999,117,44,3471.9,2653.4,9,9,Android
12883,retained,65,54,110,861,297,90,5061.2,3722.4,0,0,iPhone
12884,retained,32,27,131,2592,0,31,9723.4,808.3,14,13,Android
12885,retained,105,84,120,2325,76,0,1486.2,618.2,21,19,Android
12886,churned,8,7,22,1377,7,24,1680.6,715.4,2,0,Android
12887,retained,213,170,245,3169,229,18,1292.8,811.5,29,26,Android
12889,retained,56,54,82,3165,0,0,2824.7,1940.5,10,3,iPhone
12890,retained,38,31,266,478,95,90,4290.2,1538.3,13,13,iPhone
12891,retained,219,176,436,2399,205,108,2412.4,1399.9,20,15,iPhone
12892,retained,47,40,131,1175,56,0,2412.9,1978.8,4,0,Android
12893,retained,11,11,98,3222,6,0,8903.8,1564.1,20,18,iPhone
12894,retained,53,43,77,1683,286,156,5473.3,457.9,25,18,iPhone
12895,retained,2,2,324,1728,439,0,1273.0,1029.0,12,10,Android
12896,retained,26,26,133,1830,93,0,6862.6,2045.6,1,1,iPhone
12897,retained,17,17,30,1962,0,15,1506.1,1246.0,22,21,iPhone
12898,retained,74,60,336,2571,121,60,13191.0,5894.8,4,0,iPhone
12899,retained,47,39,100,828,85,26,4695.1,2957.4,12,10,Android
12900,retained,25,20,113,1468,224,0,6179.0,4337.6,11,6,iPhone
12901,churned,8,8,235,1733,102,49,4484.5,1990.4,3,3,Android
12902,churned,97,78,200,634,21,30,3610.1,1745.9,27,24,Android
12903,retained,77,62,155,3405,9,17,4336.2,161.6,12,12,iPhone
12904,churned,18,14,28,554,6,0,1897.1,1415.5,29,23,iPhone
12905,retained,4,4,26,1558,0,34,6119.7,1099.1,14,7,iPhone
12906,churned,5,5,85,3199,414,46,4025.5,1045.2,9,9,iPhone
12907,retained,123,100,222,35,156,110,1312.4,712.1,2,1,iPhone
12908,retained,1,1,410,1477,347,0,1631.6,1134.6,25,17,iPhone
12909,retained,120,96,435,2950,183,26,2337.9,1195.2,27,19,iPhone
12910,churned,28,28,154,1115,0,72,3124.8,897.2,13,13,iPhone
12911,retained,3,3,11,256,122,0,1451.4,1197.7,24,22,iPhone
12912,retained,76,61,110,3094,137,119,2993.4,1167.3,13,12,Android
12913,retained,125,109,152,673,0,0,4065.3,2809.9,23,19,Android
12914,retained,8,7,81,3439,157,55,4980.0,3569.6,27,25,Android
12915,churned,54,44,268,3364,112,33,3504.8,726.2,5,5,Android
12916,retained,1,1,93,2331,0,103,1631.3,735.1,15,12,Android
12917,retained,2,2,101,1093,0,0,1817.0,751.5,16,15,iPhone
12918,churned,4,3,93,1769,112,283,2809.8,1275.7,3,3,iPhone
12919,retained,168,134,323,1708,0,90,2766.0,1978.6,7,7,iPhone
12920,churned,94,77,225,469,31,0,3297.2,1826.5,9,5,iPhone
12921,retained,13,11,113,2650,330,69,4467.1,2234.6,0,0,iPhone
12922,retained,12,11,55,2964,224,0,1224.0,605.0,19,19,Android
12923,retained,296,237,335,932,0,25,4174.2,288.5,27,19,Android
12924,retained,0,0,31,536,148,0,1767.9,1018.8,20,18,iPhone
12925,churned,4,3,5,949,432,0,5012.3,1108.0,14,13,Android
12926,retained,203,165,224,305,166,40,1454.1,1033.5,3,3,Android
12927,retained,110,88,240,2241,3,0,1559.0,1214.5,4,4,Android
12928,churned,58,47,153,2555,0,0,3991.4,1515.1,7,7,iPhone
12929,retained,165,133,222,796,324,30,6177.2,1276.9,24,18,iPhone
12930,retained,70,56,83,156,82,87,2508.8,1134.7,1,0,Android
12932,churned,526,421,543,954,168,19,2746.9,1935.4,8,2,iPhone
12933,retained,301,241,394,3409,0,2,657.5,161.8,30,19,iPhone
12934,retained,67,54,168,2819,129,15,4306.1,1954.5,9,4,iPhone
12935,churned,73,60,111,95,233,0,2735.6,1608.9,0,0,iPhone
12936,retained,82,66,230,2680,54,20,2552.6,1846.4,3,3,iPhone
12937,retained,103,82,197,2055,0,41,9293.9,3838.6,10,10,iPhone
12938,retained,25,25,152,1883,0,0,2812.9,1818.6,15,11,iPhone
12939,retained,34,29,62,496,378,12,4411.5,3384.3,10,5,iPhone
12940,retained,89,71,113,1847,637,0,6136.7,4138.4,28,22,Android
12941,retained,0,0,97,2854,197,2,6970.8,4438.4,26,19,Android
12942,retained,167,136,224,2374,229,15,2486.2,1519.6,19,18,iPhone
12943,churned,148,118,168,1099,29,0,4938.6,2923.9,14,8,iPhone
12944,retained,7,7,29,1827,89,5,1751.1,1238.8,4,4,iPhone
12945,retained,98,85,139,2682,307,108,3593.0,770.7,21,20,iPhone
12946,retained,108,86,233,1424,12,0,5453.7,678.2,14,6,iPhone
12947,retained,21,17,54,3100,113,0,4877.2,1423.1,14,8,iPhone
12948,retained,15,12,28,2565,45,0,1499.8,1016.9,18,17,iPhone
12949,retained,14,12,185,901,147,32,2346.1,641.9,6,3,Android
12950,retained,22,20,157,3219,167,0,3190.5,1335.2,2,2,Android
12951,retained,30,24,78,2791,87,20,6549.6,2028.4,1,0,Android
12952,retained,30,24,31,1834,127,10,2528.9,1337.4,17,17,Android
12953,retained,49,40,51,1017,128,11,2090.1,1475.5,9,8,Android
12954,retained,52,42,68,1244,27,86,2097.2,529.9,10,10,iPhone
12955,churned,56,46,366,382,192,41,3967.2,3053.7,9,5,Android
12956,retained,24,24,55,232,194,124,4335.5,2380.5,9,3,iPhone
12957,churned,69,67,110,267,508,0,4071.6,2200.8,3,3,iPhone
12958,retained,114,98,1118,3072,108,0,6473.4,4992.2,15,14,Android
12959,retained,89,72,184,644,92,43,564.8,172.9,22,15,iPhone
12960,retained,28,23,260,2719,0,4,4886.7,1588.6,3,0,iPhone
12961,retained,1,1,40,3014,136,0,3677.9,2742.3,13,8,iPhone
12962,retained,84,67,100,658,44,16,3601.5,522.5,25,16,iPhone
12963,retained,47,38,298,516,95,14,2869.8,1238.6,16,16,iPhone
12964,retained,14,14,154,678,140,102,4497.8,1733.3,9,5,Android
12965,retained,47,38,137,477,113,27,2234.4,1853.5,14,14,Android
12966,retained,14,14,66,171,259,88,3897.2,3007.7,3,3,Android
12967,retained,51,51,127,2680,14,0,1026.9,74.0,25,16,Android
12968,retained,266,217,368,1543,235,32,2831.3,2051.9,12,7,iPhone
12969,retained,54,43,245,2409,0,78,4099.6,1648.5,9,9,Android
12970,retained,97,78,358,3435,201,53,2717.4,1907.0,30,26,iPhone
12971,retained,63,54,404,2435,41,36,1210.8,712.3,13,12,iPhone
12972,retained,376,301,391,2502,29,5,3887.1,1370.6,20,13,Android
12973,churned,275,230,431,2244,0,47,2789.6,1917.0,31,22,Android
12974,churned,23,23,180,819,0,2,7960.3,4259.5,15,8,iPhone
12975,retained,98,81,322,530,10,224,5471.0,508.1,31,21,iPhone
12976,retained,55,55,320,1605,554,19,3088.5,2356.8,15,9,iPhone
12977,retained,174,139,209,2481,17,0,8487.3,5886.5,19,15,iPhone
12978,retained,41,35,80,2122,136,0,6135.4,572.4,20,11,iPhone
12979,retained,15,15,42,566,30,16,9656.9,2207.9,27,26,iPhone
12980,churned,99,79,235,840,23,77,3089.6,1806.7,2,0,iPhone
12981,retained,12,10,98,2159,19,63,2117.3,1524.5,29,20,iPhone
12983,churned,111,111,119,72,291,34,4676.9,2944.7,17,12,Android
12984,retained,3,3,133,101,39,1,4334.1,2005.5,22,22,iPhone
12985,retained,88,70,187,1109,174,0,4239.6,2938.2,13,13,iPhone
12986,retained,29,26,720,1575,101,0,7712.1,4826.3,17,10,Android
12987,retained,10,10,49,3186,272,13,1972.8,1599.9,11,11,iPhone
12988,retained,145,125,187,2053,6,0,9681.9,4140.3,2,2,Android
12989,retained,160,129,161,2570,0,118,1181.1,450.7,4,0,Android
12990,retained,102,85,338,1673,216,0,2067.5,920.4,19,13,iPhone
12991,retained,190,155,558,2858,112,0,3780.9,2407.1,11,6,Android
12992,retained,3,3,9,1006,124,37,2563.0,1954.4,29,28,Android
12993,retained,21,21,97,676,127,9,4230.6,3170.9,16,10,iPhone
12994,retained,110,108,172,2389,119,4,4006.0,2645.0,3,3,Android
12995,retained,70,56,233,2843,29,0,1778.8,1429.4,28,19,Android
12996,retained,283,230,293,766,210,0,3363.3,1494.1,10,5,Android
12997,retained,38,31,51,2728,0,0,2035.9,1088.8,9,9,Android
12998,churned,141,115,261,738,187,0,7092.9,1256.5,20,15,Android
12999,retained,36,36,117,24,105,162,6423.0,4801.4,24,22,iPhone
13000,retained,14,11,567,2285,49,35,3891.2,1532.3,8,4,iPhone
13001,retained,64,64,122,1910,0,0,5747.3,4769.9,5,5,iPhone
13002,retained,68,58,98,479,9,0,4282.1,2751.4,30,29,Android
13003,churned,118,102,337,936,111,0,5623.7,4359.9,7,7,iPhone
13004,retained,1,1,35,2152,145,0,3797.9,2302.1,31,29,Android
13005,retained,5,5,10,1569,0,0,2023.7,312.2,15,15,Android
13006,churned,274,220,278,1305,0,0,8629.7,2849.1,3,3,iPhone
13007,churned,30,25,235,1226,48,0,4200.4,1419.8,24,16,iPhone
13008,churned,7,7,204,819,39,0,4001.6,1793.5,9,9,iPhone
13010,retained,64,51,74,999,175,32,2135.9,1279.2,9,9,Android
13011,retained,181,145,268,635,0,9,3149.3,950.6,31,22,iPhone
13013,retained,132,107,161,429,281,0,2443.6,657.8,4,4,Android
13014,retained,324,260,354,3070,80,19,1062.6,356.7,25,21,iPhone
13015,retained,39,33,98,726,83,14,844.2,265.4,20,13,iPhone
13016,retained,54,43,170,2292,17,79,7599.1,5288.2,6,6,iPhone
13017,retained,6,6,6,1742,75,0,5776.5,3388.6,29,26,iPhone
13018,retained,106,85,241,214,36,7,2849.8,776.0,27,24,Android
13019,churned,97,78,104,2801,102,0,1899.1,756.4,8,8,Android
13020,retained,120,100,277,36,100,19,4233.6,1486.9,24,21,iPhone
13021,retained,36,30,162,1940,157,73,7868.4,1706.9,24,22,iPhone
13022,churned,18,18,37,787,84,41,3221.3,2201.0,8,5,Android
13023,retained,13,13,26,1079,450,4,9682.5,3371.8,16,9,Android
13024,retained,24,24,61,2833,28,5,4296.7,1591.2,15,12,Android
13025,retained,194,157,257,921,0,0,3997.2,468.8,27,26,Android
13026,churned,63,50,215,2294,154,3,5131.4,3695.8,1,1,iPhone
13027,retained,12,10,105,3199,0,0,4667.2,1391.4,8,7,Android
13028,retained,55,44,67,3126,107,11,1587.9,423.4,6,2,iPhone
13029,retained,66,58,91,713,10,20,2143.6,783.4,24,22,iPhone
13030,retained,95,76,101,1384,0,81,2865.8,687.3,26,19,iPhone
13031,retained,57,52,169,1454,0,0,2425.8,1072.1,17,13,iPhone
13032,retained,55,44,300,2906,75,0,3364.8,2433.2,6,1,iPhone
13033,retained,184,171,209,994,46,71,2480.7,428.2,19,11,iPhone
13034,retained,24,19,287,136,0,87,4345.8,3173.6,29,25,Android
13035,churned,28,23,46,1205,44,36,4555.1,255.1,11,5,iPhone
13036,retained,60,60,375,583,240,31,2001.2,1448.7,8,8,iPhone
13037,retained,95,76,179,1366,39,0,3991.6,1960.1,17,9,iPhone
13038,retained,28,28,122,1402,215,5,4465.7,2596.3,2,0,iPhone
13039,churned,115,93,216,371,91,0,10059.2,3119.9,17,11,iPhone
13040,retained,12,10,108,159,95,13,5787.6,884.0,9,4,iPhone
13042,retained,64,52,114,1442,39,1,5922.2,199.7,17,16,Android
13043,retained,20,17,131,403,516,0,4677.1,2933.4,20,15,iPhone
13044,retained,3,3,16,977,55,34,1810.5,786.9,16,15,Android
13045,retained,47,39,53,1459,0,0,1816.3,1133.2,23,13,iPhone
13046,churned,99,89,157,3038,47,0,5015.3,1962.7,3,3,iPhone
13047,retained,20,20,50,541,119,10,6240.6,4738.6,29,22,Android
13048,retained,5,5,90,936,50,0,1996.5,1434.2,23,21,Android
13049,retained,34,28,214,2615,45,33,1051.1,499.1,24,24,iPhone
13050,retained,4,3,48,3001,0,0,2705.3,1469.3,23,22,Android
13051,retained,4,4,278,2213,0,0,2510.1,1392.0,18,14,iPhone
13052,retained,75,61,374,1070,95,0,2493.7,699.6,15,7,Android
13053,retained,16,14,267,1781,0,0,2065.2,842.8,9,3,Android
13055,churned,16,14,70,1091,0,237,3838.0,1031.0,0,0,iPhone
13056,retained,27,21,76,595,32,70,2201.2,95.3,10,8,Android
13057,retained,129,104,236,2987,99,1,1947.6,1167.1,12,6,Android
13058,retained,234,192,297,1837,0,40,1524.1,646.0,6,6,Android
13059,retained,163,134,338,919,15,1,5690.3,3242.3,2,2,Android
13060,churned,53,43,123,1584,38,0,7227.3,3779.2,25,15,Android
13061,retained,144,115,165,1049,22,0,3865.7,1456.5,23,20,Android
13062,retained,40,32,599,311,0,115,3470.9,2323.4,29,26,iPhone
13063,retained,277,234,339,1615,26,0,372.1,181.4,5,2,Android
13064,churned,93,75,140,1345,276,0,4173.1,2605.6,9,9,Android
13065,retained,101,89,175,2488,16,108,1286.9,201.6,24,20,Android
13066,retained,33,27,134,1307,0,0,869.8,503.8,23,14,Android
13067,retained,41,41,162,362,0,0,4163.1,2538.6,1,0,iPhone
13068,churned,206,166,228,351,23,0,2703.2,2159.6,22,21,iPhone
13069,retained,167,135,243,1496,10,0,3989.5,2790.4,8,8,iPhone
13070,retained,92,80,208,1332,99,0,3501.8,572.2,5,2,iPhone
13071,retained,657,529,662,2939,334,0,4286.8,2407.9,17,10,Android
13072,churned,95,78,109,2888,0,0,2714.2,1433.0,4,0,Android
13073,churned,49,49,307,568,0,54,4658.1,2879.0,19,12,iPhone
13074,retained,51,42,204,2223,0,26,3588.1,2167.5,11,6,iPhone
13075,retained,345,276,359,483,41,0,8171.1,5390.5,26,25,Android
13076,retained,31,31,381,2149,133,6,1732.1,1319.3,27,20,iPhone
13077,churned,66,53,87,507,51,26,3370.6,1157.9,10,6,Android
13078,retained,23,19,243,671,0,0,6486.6,4042.9,3,0,iPhone
13079,retained,18,15,32,661,68,34,4589.3,1538.7,16,9,iPhone
13080,retained,70,56,281,1717,172,0,1143.2,841.7,17,16,Android
13081,retained,69,69,111,2218,45,0,6266.9,1379.7,21,18,Android
13083,retained,3,3,131,2843,116,0,2954.7,1557.5,25,19,Android
13084,retained,15,12,75,1947,148,2,6565.7,1484.4,22,14,iPhone
13085,retained,43,35,73,3279,78,0,2919.0,1560.6,18,13,iPhone
13086,retained,54,43,286,2687,119,61,1241.4,82.5,5,0,iPhone
13087,retained,26,21,418,2847,238,38,2041.7,1449.3,19,19,Android
13088,retained,38,31,94,2131,240,0,5528.6,2364.3,22,18,iPhone
13089,retained,172,140,231,1741,151,19,4494.3,1347.7,6,6,iPhone
13090,retained,92,74,161,1055,136,41,2843.2,1792.2,24,23,iPhone
13091,churned,22,18,32,3099,48,72,889.5,585.3,11,11,Android
13092,retained,32,32,230,1681,182,8,3792.2,2499.4,17,13,Android
13093,retained,326,263,378,700,80,0,6483.1,2687.1,22,20,iPhone
13094,retained,79,68,182,980,578,28,4426.8,3614.9,26,17,Android
13095,retained,12,10,44,1980,0,44,877.9,174.1,24,23,iPhone
13096,retained,41,37,108,223,0,104,2401.3,500.2,19,11,iPhone
13097,churned,11,11,193,3233,39,23,7071.5,3264.3,21,17,iPhone
13098,churned,263,211,280,981,329,20,2433.7,1474.9,6,0,Android
13099,retained,96,78,214,987,89,0,4225.3,3475.1,31,22,Android
13100,retained,16,15,79,2957,288,36,1279.7,932.1,4,4,iPhone
13101,churned,81,70,84,1501,34,9,7933.3,4861.1,26,22,iPhone
13102,retained,23,21,62,3239,59,0,5536.8,2901.1,12,9,iPhone
13103,churned,185,148,227,609,541,0,5079.4,1905.3,11,8,Android
13104,retained,57,45,80,724,222,6,957.4,796.3,28,18,iPhone
13105,retained,48,38,252,2825,78,0,2326.2,1778.1,0,0,iPhone
13106,retained,296,271,308,3462,106,0,11381.1,2396.1,20,14,iPhone
13107,retained,16,14,173,2001,129,155,1238.8,537.2,20,13,iPhone
13108,churned,79,64,177,2144,119,0,3871.7,1670.6,7,7,iPhone
13109,retained,77,69,116,462,18,0,2475.9,1085.1,26,22,iPhone
13110,retained,46,37,104,1556,37,0,3465.7,2420.1,20,16,Android
13111,retained,12,12,73,3433,358,116,6310.2,1330.3,29,27,iPhone
13112,retained,32,32,195,3444,126,0,1076.3,279.6,29,23,iPhone
13113,retained,27,27,256,2421,70,2,6177.7,3700.9,30,25,iPhone
13114,churned,168,137,184,882,0,0,3661.3,1114.2,4,4,iPhone
13115,retained,93,79,140,1567,121,11,3930.7,2945.3,31,20,Android
13116,retained,90,72,194,2157,92,139,2193.3,1386.9,7,7,Android
13117,retained,25,22,32,1513,77,218,2307.3,157.6,18,10,iPhone
13118,retained,84,68,122,1995,127,0,2179.7,1529.2,25,23,iPhone
13119,retained,98,78,145,2617,108,120,1760.1,1016.7,17,9,Android
13120,retained,240,199,412,3250,55,41,1037.0,634.4,16,16,iPhone
13122,retained,8,7,38,1237,44,0,6195.2,1793.4,12,8,iPhone
13123,churned,53,44,105,1901,52,0,4106.9,193.0,6,4,Android
13124,retained,4,4,339,1058,14,86,7740.1,5864.5,8,2,Android
13125,retained,53,42,96,1433,69,106,3973.6,806.7,24,18,iPhone
13126,churned,0,0,49,1214,668,114,2735.0,2067.4,0,0,iPhone
13127,retained,12,12,73,1312,0,43,5593.6,3565.8,29,26,iPhone
13128,retained,12,12,357,2781,124,0,1678.1,289.8,22,19,iPhone
13129,retained,81,74,158,1371,0,6,2434.7,902.7,23,17,Android
13130,retained,92,73,181,2598,126,20,994.4,303.9,14,13,iPhone
13131,retained,20,18,146,3283,2,24,3700.0,2327.5,22,22,iPhone
13132,retained,32,32,43,767,59,7,2186.1,923.7,12,7,iPhone
13133,retained,187,150,217,672,19,77,1405.9,1108.9,7,7,iPhone
13134,churned,101,101,249,1862,110,0,4262.8,2490.4,3,2,Android
13135,retained,20,16,106,682,85,30,2768.5,2156.1,28,26,iPhone
13136,retained,113,91,175,1972,0,0,2347.8,1120.3,18,11,iPhone
13137,retained,13,10,47,1489,45,0,3154.4,1549.3,24,22,iPhone
13138,retained,114,107,332,836,662,0,1222.4,559.2,22,16,iPhone
13139,retained,88,88,399,834,0,82,2212.5,1451.8,19,19,Android
13140,retained,296,238,328,2108,4,62,7335.0,4581.5,26,23,iPhone
13141,retained,68,55,304,794,169,0,5124.7,3869.2,17,13,Android
13142,retained,4,4,75,1707,110,49,5468.8,3837.5,4,4,iPhone
13143,retained,73,73,152,1253,20,4,11775.0,6409.6,4,0,Android
13144,retained,390,314,401,905,0,0,5128.8,3201.1,16,9,Android
13145,retained,34,28,43,3469,225,5,1427.1,891.2,18,18,iPhone
13146,retained,45,36,232,2956,14,0,2598.7,1850.5,5,0,iPhone
13147,retained,9,9,42,2895,0,46,1707.4,1385.8,13,8,Android
13148,churned,58,49,88,2474,0,0,2637.3,1700.5,7,7,iPhone
13149,retained,305,262,713,2672,41,0,3040.8,1684.3,27,23,iPhone
13150,retained,11,11,182,3413,16,49,1889.5,1229.8,2,0,iPhone
13151,churned,233,233,302,2335,3,32,3233.8,2143.2,18,12,iPhone
13152,retained,30,25,204,2196,149,0,3248.3,1092.7,8,3,iPhone
13153,retained,2,2,70,3429,30,166,2637.1,1740.9,13,7,iPhone
13154,retained,202,162,513,1819,78,4,6285.5,2587.3,29,28,iPhone
13155,retained,107,86,206,1691,93,0,4090.2,2035.2,28,25,iPhone
13156,retained,10,10,256,1875,82,0,6881.4,5473.8,4,0,iPhone
13157,churned,32,32,89,150,254,97,5887.1,2713.0,6,3,iPhone
13158,churned,236,222,265,408,350,64,6378.0,764.5,4,4,Android
13159,retained,224,207,375,2896,169,0,3210.8,119.8,19,14,iPhone
13160,retained,168,152,173,930,0,0,2382.7,250.5,30,23,iPhone
13161,retained,108,87,151,2625,149,107,1402.3,911.3,16,16,Android
13162,retained,53,51,64,2963,221,0,4839.2,2680.5,11,11,iPhone
13163,retained,256,206,385,1646,0,0,1797.5,539.9,2,2,iPhone
13164,retained,23,19,55,3108,33,0,2323.8,909.0,2,2,iPhone
13165,churned,35,28,149,2422,32,34,8399.5,6387.4,6,5,Android
13166,retained,23,19,68,3239,1,66,4078.4,2117.5,3,3,Android
13167,churned,113,90,350,1280,3,9,3456.7,715.0,2,1,Android
13168,retained,85,69,241,1138,0,66,3440.4,151.2,4,1,iPhone
13169,retained,2,2,59,565,787,0,6730.7,897.3,8,2,iPhone
13170,churned,32,26,301,2281,11,44,3778.8,2187.4,5,2,iPhone
13171,retained,153,123,245,2371,131,91,2887.0,1486.6,10,3,iPhone
13172,retained,6,6,82,1835,116,0,2437.1,2017.6,15,15,iPhone
13173,retained,70,58,178,793,100,54,874.1,119.8,6,1,iPhone
13174,retained,0,0,80,1703,65,185,2824.0,1648.9,27,24,Android
13175,churned,77,65,222,1097,229,19,1223.3,340.3,22,14,iPhone
13176,retained,139,112,271,2857,37,0,1441.1,950.1,20,12,iPhone
13177,retained,1,1,35,211,7,0,6033.2,590.8,24,15,Android
13178,churned,38,31,72,489,0,0,2357.3,529.5,0,0,iPhone
13179,retained,224,180,286,1207,69,139,5302.9,3340.9,17,10,Android
13180,retained,118,95,163,1111,56,0,3102.8,1304.7,8,6,iPhone
13181,retained,35,28,293,2276,109,10,6760.3,1596.8,18,18,iPhone
13182,retained,166,166,301,2203,0,3,3830.7,2153.4,29,25,iPhone
13183,retained,162,130,457,355,227,44,5860.2,2099.0,1,0,iPhone
13184,retained,278,222,361,2488,122,0,7893.9,3282.6,28,19,Android
13185,churned,26,21,51,2127,179,29,3618.3,2679.6,11,9,iPhone
13186,retained,11,11,110,1650,0,0,1712.7,898.5,21,19,iPhone
13187,retained,54,44,161,3017,115,0,3528.8,2530.5,13,6,Android
13188,retained,86,72,101,1423,129,12,8602.1,1264.1,14,12,iPhone
13189,churned,40,34,109,1915,94,0,1433.9,832.9,9,5,Android
13190,retained,27,22,31,3322,180,20,5607.5,1635.9,28,22,iPhone
13191,retained,9,8,13,2345,51,30,1594.7,208.8,19,19,iPhone
13192,retained,115,93,165,708,156,31,4220.1,408.0,17,15,Android
13194,retained,112,107,123,2515,254,23,8212.7,3890.3,19,14,Android
13195,retained,55,44,370,1549,0,32,883.1,483.6,1,1,iPhone
13196,churned,102,97,134,607,0,31,7667.8,2759.4,5,0,iPhone
13197,retained,32,27,107,1552,136,77,4300.8,2406.0,10,10,iPhone
13198,retained,80,78,179,64,33,0,1665.8,659.5,29,28,iPhone
13199,churned,173,140,218,775,0,0,1650.9,624.4,7,7,Android
13200,retained,42,34,75,83,106,73,2885.2,2107.8,10,10,iPhone
13201,retained,79,64,166,831,71,23,8056.9,88.6,10,5,iPhone
13202,churned,38,31,164,2811,93,4,6377.2,3583.6,11,11,iPhone
13203,churned,22,22,88,952,0,31,5187.9,3016.2,2,2,iPhone
13204,retained,126,101,306,3487,0,2,6420.3,2669.6,7,2,Android
13205,retained,34,34,167,2233,189,0,2814.8,1380.3,15,12,Android
13206,retained,133,133,288,3221,28,157,3028.3,2433.9,24,14,Android
13207,retained,50,42,72,2456,225,21,4384.9,1814.3,7,6,iPhone
13208,retained,34,28,163,1118,0,34,3478.8,2047.6,28,19,Android
13209,retained,91,90,180,286,40,45,3751.7,1394.8,25,21,iPhone
13210,retained,8,7,66,1867,0,2,5999.1,910.2,28,27,Android
13211,retained,234,188,317,847,27,13,5483.0,873.7,29,18,iPhone
13212,churned,35,28,520,566,13,5,3857.2,1771.3,11,11,iPhone
13213,retained,6,6,18,1819,79,0,2250.6,1221.0,2,2,Android
13214,retained,183,150,251,1455,519,50,2030.4,573.3,14,7,iPhone
13215,retained,41,33,96,2874,7,0,4072.6,3371.0,26,19,iPhone
13217,retained,67,54,70,2865,163,8,2683.7,1097.4,12,6,Android
13218,retained,20,18,28,1455,6,45,1935.6,636.1,24,23,iPhone
13219,retained,135,110,318,1548,0,0,6567.4,2037.1,29,25,iPhone
13220,retained,304,244,313,3190,218,0,2283.0,1588.7,15,11,Android
13221,churned,41,33,46,2225,85,248,8392.9,3760.6,5,1,iPhone
13222,retained,12,12,71,1629,10,0,1921.7,1049.0,18,17,iPhone
13223,retained,5,4,74,2217,335,15,5730.4,4594.6,19,18,Android
13224,retained,98,98,156,37,55,0,3227.8,719.1,21,20,Android
13225,retained,75,60,90,2311,59,93,7149.5,4039.3,19,11,Android
13226,retained,204,163,255,1774,8,0,4577.2,3813.4,27,21,iPhone
13227,retained,7,6,118,1496,26,0,5100.8,3390.7,15,15,iPhone
13228,retained,118,100,681,1947,86,0,5837.0,2303.8,17,15,iPhone
13229,retained,0,0,65,2185,124,171,5867.9,4520.9,22,16,iPhone
13230,churned,147,147,321,788,875,51,2173.8,1531.8,12,10,iPhone
13231,retained,67,58,73,2844,31,0,2159.7,1118.2,3,3,iPhone
13232,churned,37,37,96,912,57,0,1832.6,774.4,14,9,iPhone
13233,retained,211,169,438,1241,375,0,4089.9,1064.5,9,7,iPhone
13234,churned,41,41,81,2796,60,13,1928.2,1277.4,0,0,iPhone
13235,retained,42,34,149,860,27,53,9955.5,7738.2,26,18,iPhone
13236,churned,131,113,220,411,0,4,4062.7,1705.3,23,17,iPhone
13237,retained,270,218,488,610,60,0,1253.6,937.6,5,5,Android
13238,retained,11,10,60,562,20,1,2152.3,921.7,21,17,iPhone
13239,retained,66,59,119,3112,70,0,2459.2,1192.4,20,19,iPhone
13240,churned,284,280,693,1179,39,75,5915.4,2345.4,6,2,iPhone
13241,retained,100,81,198,2081,473,81,2254.8,1020.7,12,11,iPhone
13242,retained,16,13,16,1299,0,20,2151.0,1349.0,2,0,iPhone
13243,retained,3,3,214,2197,302,43,2558.0,1443.9,1,1,iPhone
13244,churned,249,201,1156,201,329,13,4688.1,2043.8,3,3,iPhone
13245,retained,59,49,66,722,266,82,12368.3,8421.5,18,17,Android
13246,retained,117,95,217,54,101,14,6529.3,3674.4,30,21,iPhone
13247,retained,22,22,52,3029,0,4,1293.9,259.4,5,3,Android
13248,retained,82,66,215,1316,0,0,4184.0,2116.5,25,24,iPhone
13249,retained,27,23,90,3153,0,164,687.2,416.3,17,16,iPhone
13250,retained,41,37,45,900,58,16,2875.2,782.3,7,7,Android
13251,retained,1,1,46,3238,205,23,4260.3,3286.5,15,8,iPhone
13252,retained,49,49,215,2385,336,17,1496.1,1052.6,21,16,iPhone
13253,retained,3,3,218,1354,33,0,2866.2,2252.5,28,23,Android
13254,retained,149,120,277,143,155,84,2167.1,1694.0,30,27,iPhone
13255,churned,47,37,232,1019,0,2,2864.6,1114.0,15,14,iPhone
13256,retained,49,39,53,586,0,0,2073.3,612.6,10,5,Android
13257,retained,12,10,89,271,73,18,4122.7,2849.7,17,17,iPhone
13258,retained,40,32,99,565,148,0,2284.1,1474.2,22,17,Android
13259,retained,231,231,236,2919,94,12,3854.3,670.5,16,10,iPhone
13260,retained,152,122,269,774,0,0,8185.8,2541.7,22,18,iPhone
13261,retained,30,26,145,2305,181,34,3865.9,1140.4,20,16,Android
13262,retained,75,61,146,2462,0,16,5265.9,2359.9,30,24,iPhone
13263,retained,119,101,196,481,0,34,6894.8,294.7,12,8,iPhone
13264,churned,41,33,77,1570,111,0,6092.1,3164.5,0,0,iPhone
13265,churned,157,127,269,1545,396,0,3473.2,1800.7,12,12,iPhone
13266,retained,40,34,254,1011,113,13,2329.8,1936.0,28,27,Android
13267,retained,2,2,4,2781,167,1,1150.2,655.3,12,11,iPhone
13268,retained,19,15,219,2206,0,27,5185.2,2833.8,24,19,iPhone
13269,retained,10,10,28,1003,0,82,2113.2,752.1,3,0,iPhone
13270,retained,6,5,7,2343,583,0,5473.7,2874.2,29,24,iPhone
13271,retained,54,50,609,959,0,30,1695.9,799.4,5,5,iPhone
13272,retained,86,69,431,30,267,19,3342.0,2190.4,30,20,Android
13273,retained,280,280,418,298,0,3,2911.5,249.7,2,2,iPhone
13274,retained,1,1,136,391,276,0,3628.7,2412.2,24,17,Android
13275,retained,44,44,475,844,0,0,963.7,482.8,17,14,iPhone
13276,retained,40,34,43,2977,96,0,2815.6,1955.7,19,18,iPhone
13277,churned,25,24,106,887,47,33,3061.2,1071.0,1,0,iPhone
13278,retained,7,6,38,1107,375,0,3752.5,502.4,22,18,iPhone
13279,retained,51,41,55,2889,0,12,8598.8,2376.9,4,4,iPhone
13280,retained,33,28,106,33,76,0,4903.6,3923.6,30,28,Android
13281,retained,33,29,216,3425,7,121,4625.8,1201.7,13,10,iPhone
13282,retained,332,266,354,947,120,1,3222.7,829.3,2,0,iPhone
13283,churned,24,23,168,1159,147,140,3797.9,1741.8,2,0,iPhone
13284,retained,21,17,809,1670,316,0,4393.6,3284.0,8,8,iPhone
13285,retained,5,4,45,1635,37,96,3096.2,548.8,8,4,iPhone
13286,retained,118,96,341,1035,288,47,980.9,508.7,13,9,iPhone
13287,retained,19,18,26,1626,0,0,8756.1,2439.7,18,14,Android
13288,churned,33,33,316,1514,8,1,6459.6,3112.0,1,1,iPhone
13290,churned,131,105,143,751,221,4,3523.9,1196.5,5,5,Android
13291,retained,504,405,516,1263,108,0,4364.7,3411.2,25,18,iPhone
13292,retained,128,103,226,423,188,0,2524.4,1729.8,21,17,iPhone
13293,retained,31,25,54,2863,33,19,2766.1,1745.1,3,2,iPhone
13294,retained,72,72,120,1384,80,0,2281.0,1867.5,27,17,iPhone
13295,retained,323,285,448,2713,5,10,6616.2,3625.7,30,25,Android
13296,churned,103,84,319,632,166,50,2505.9,600.4,17,17,Android
13297,churned,153,123,171,3007,0,11,2355.6,1744.5,5,5,iPhone
13298,retained,55,44,174,1760,16,0,4531.7,2046.5,8,3,iPhone
13299,retained,36,29,336,3260,27,117,5344.8,1053.9,4,1,Android
13300,retained,240,192,397,3095,75,0,2040.1,527.6,23,16,iPhone
13301,retained,131,108,229,1472,90,0,1246.0,769.1,2,2,iPhone
13302,retained,40,32,335,3357,39,0,9516.3,1268.1,25,20,iPhone
13303,retained,96,77,167,1166,23,5,2292.2,1572.2,18,14,iPhone
13304,retained,34,28,99,1743,0,120,1794.9,894.7,13,8,iPhone
13305,retained,72,58,112,1030,99,0,3988.0,3175.7,22,18,iPhone
13306,retained,45,45,122,2966,0,70,2363.3,1811.9,5,3,Android
13307,retained,19,15,338,2660,174,0,8974.6,663.5,22,19,iPhone
13308,retained,124,99,127,2758,224,59,2474.4,332.6,19,19,iPhone
13309,retained,8,7,282,1691,11,6,3724.9,3072.8,18,10,iPhone
13310,churned,68,55,179,2471,61,181,556.7,462.8,11,11,iPhone
13311,churned,88,73,209,1118,178,0,2800.1,581.0,6,6,iPhone
13312,retained,6,5,126,1715,18,149,5292.0,2259.6,12,11,iPhone
13313,retained,33,27,54,128,124,17,6573.1,5196.6,13,8,iPhone
13314,retained,160,130,333,1595,237,13,2332.4,1774.6,4,0,iPhone
13315,retained,207,166,220,475,42,19,641.5,486.8,22,16,iPhone
13316,retained,70,70,86,1363,624,0,3286.1,2703.8,12,8,Android
13317,retained,48,40,243,284,635,143,3658.1,2009.0,8,8,Android
13319,retained,27,27,64,2674,145,60,8313.2,2937.8,6,5,iPhone
13320,retained,15,12,173,532,0,0,6815.9,1436.0,28,22,iPhone
13321,retained,129,108,134,2565,125,40,1866.9,1001.3,21,17,iPhone
13322,churned,33,26,107,832,249,60,8008.0,3531.4,18,12,Android
13323,retained,73,61,137,3464,1,49,4935.7,3153.0,23,21,iPhone
13324,retained,99,83,123,2538,0,98,1584.7,663.8,26,17,iPhone
13325,churned,33,29,127,2624,214,53,1214.4,527.9,3,0,iPhone
13326,retained,45,39,111,2633,92,0,2673.9,2106.5,2,2,Android
13327,retained,90,85,147,293,73,21,967.3,367.8,24,16,Android
13328,retained,42,34,50,2288,0,92,7993.2,5231.5,25,17,iPhone
13329,retained,1,1,148,1890,75,6,1768.4,582.5,14,10,iPhone
13330,churned,64,52,80,2091,673,9,3778.1,2479.4,6,2,iPhone
13332,churned,20,19,61,1740,103,51,2685.0,2097.6,5,5,iPhone
13333,churned,63,51,195,2910,221,23,1595.0,1288.6,5,5,Android
13334,retained,74,61,344,1623,297,59,2067.9,826.2,7,3,iPhone
13336,retained,20,19,179,720,145,0,2451.7,1251.3,24,20,iPhone
13337,churned,46,38,110,2005,45,65,4493.7,2644.0,2,0,Android
13338,retained,8,8,86,2827,97,29,4155.4,1418.6,18,13,iPhone
13339,retained,7,7,59,2930,6,71,5666.0,3192.4,29,21,iPhone
13340,retained,4,3,187,1342,29,0,4843.5,1481.9,1,1,iPhone
13342,retained,29,25,87,2282,21,0,2217.5,1024.7,28,27,iPhone
13343,retained,125,100,138,1262,13,30,8270.8,3514.9,21,15,iPhone
13344,churned,84,67,210,3071,99,28,10654.1,2772.5,8,7,iPhone
13345,retained,46,37,162,2822,127,7,4790.8,3095.0,17,16,Android
13346,churned,158,137,191,795,0,0,6658.2,5378.8,21,15,Android
13347,retained,57,47,163,2534,84,127,1504.4,1073.0,25,18,Android
13348,retained,11,10,58,1697,38,0,2881.3,921.6,8,2,iPhone
13349,churned,55,55,148,848,62,23,5846.4,1345.9,18,11,iPhone
13350,retained,135,134,200,736,124,0,6147.9,4730.0,26,25,Android
13351,churned,63,59,308,2542,857,0,2975.1,1605.5,5,5,iPhone
13352,retained,7,6,32,2685,0,0,6031.4,4491.2,15,12,iPhone
13353,retained,114,92,218,355,26,0,5428.8,1984.7,2,0,iPhone
13354,retained,56,45,244,1480,0,35,5657.9,4660.5,13,12,Android
13355,retained,103,83,107,1440,0,7,1244.7,628.1,13,8,Android
13356,retained,79,65,93,2514,225,0,3723.7,954.1,25,23,iPhone
13357,retained,57,46,65,2526,0,30,2070.6,83.8,1,1,iPhone
13358,retained,52,43,65,3267,0,41,3920.3,1143.4,2,0,iPhone
13359,retained,76,76,130,1750,167,62,1810.5,1308.2,6,3,Android
13360,retained,1,1,57,2709,23,0,11522.3,4988.6,13,9,Android
13361,retained,57,49,197,1970,52,10,5019.2,2013.2,11,6,iPhone
13362,retained,118,95,126,3002,321,88,5565.3,897.4,6,5,Android
13363,retained,157,127,368,922,490,21,5717.5,1656.9,1,0,iPhone
13365,retained,15,12,96,801,250,4,2031.2,1326.5,4,2,Android
13366,retained,72,58,318,2760,0,26,771.0,462.1,3,0,Android
13367,retained,16,14,63,637,6,16,2104.8,936.0,27,17,iPhone
13368,retained,189,152,490,923,17,0,6677.5,4428.8,20,11,Android
13369,retained,64,59,203,1568,612,60,2776.3,586.7,4,4,Android
13371,retained,119,97,373,697,123,5,3830.7,1803.3,9,6,iPhone
13372,churned,154,123,269,2075,111,0,910.1,481.2,13,8,iPhone
13373,churned,22,18,271,759,109,15,1769.1,301.4,4,2,iPhone
13374,retained,44,36,75,1019,0,33,11764.3,4614.7,16,15,Android
13375,retained,20,18,36,1681,33,27,2658.8,881.2,12,12,iPhone
13376,retained,120,96,124,858,366,0,2298.9,1467.2,29,26,Android
13377,retained,23,18,193,1367,277,6,13328.4,5720.4,28,18,iPhone
13378,retained,11,11,135,2761,366,0,5810.5,4019.0,16,16,iPhone
13379,retained,15,12,33,2067,0,5,1018.9,848.1,15,15,iPhone
13380,retained,23,22,55,2939,114,0,7783.8,405.0,26,17,Android
13381,retained,92,85,283,2177,0,123,2155.2,1431.3,7,1,Android
13382,retained,122,98,178,2180,344,5,895.5,691.5,27,17,iPhone
13383,retained,168,135,303,2907,0,0,2440.9,138.6,20,19,iPhone
13384,retained,73,73,446,2329,198,0,2432.6,1402.3,17,12,Android
13385,retained,18,16,353,2831,533,38,6078.4,4119.1,5,5,iPhone
13386,retained,53,43,184,2252,216,20,1657.1,1027.4,3,0,Android
13387,retained,7,6,32,685,72,124,2696.4,390.7,1,0,iPhone
13388,retained,71,57,303,2574,345,0,8562.9,6228.3,4,0,Android
13389,retained,1,1,24,1667,114,0,2422.8,1981.0,3,0,iPhone
13390,retained,82,66,146,1450,35,77,2673.9,304.3,26,18,Android
13391,churned,182,146,222,239,126,0,1730.5,1288.8,12,8,iPhone
13392,retained,74,68,109,2153,0,0,9375.0,1615.4,8,6,iPhone
13393,retained,33,26,60,708,145,0,6330.4,244.5,20,17,iPhone
13394,retained,80,64,151,582,65,1,6438.4,3534.0,28,22,iPhone
13395,retained,111,89,207,2674,0,0,2700.5,2186.9,26,18,Android
13396,retained,9,7,106,1351,15,0,7242.1,930.4,30,23,Android
13397,retained,26,23,75,2409,242,66,2608.3,2169.3,4,4,iPhone
13398,retained,78,63,303,2071,450,0,1509.2,681.1,23,15,iPhone
13399,retained,62,50,116,1376,89,0,5658.5,3172.7,12,12,Android
13400,retained,1,0,8,2828,23,17,3287.4,1632.5,2,2,iPhone
13401,retained,91,81,103,2294,111,0,4455.9,1133.2,13,11,iPhone
13402,retained,49,49,230,605,304,0,4130.8,2044.1,28,19,iPhone
13403,churned,82,66,322,2909,418,28,2744.0,2102.8,1,1,iPhone
13404,retained,161,161,193,491,181,0,8237.4,1530.6,15,9,iPhone
13405,retained,36,30,283,133,78,0,2160.5,152.6,31,28,iPhone
13406,retained,6,6,31,2167,0,5,1434.1,989.9,7,5,Android
13407,retained,10,8,32,1020,65,0,9243.3,1158.1,10,7,iPhone
13408,retained,103,82,263,678,9,0,3096.7,1202.0,5,1,Android
13409,retained,8,8,149,2119,0,112,3309.3,2643.9,16,15,iPhone
13410,retained,37,30,738,284,92,0,843.7,229.6,14,9,iPhone
13412,retained,14,11,207,828,0,0,7840.0,284.4,6,3,iPhone
13413,retained,117,95,120,1743,31,23,1980.0,683.9,24,22,iPhone
13414,churned,41,33,286,3042,606,29,5893.3,4161.5,2,0,iPhone
13415,retained,205,205,419,425,121,95,2957.7,1451.9,8,8,iPhone
13417,churned,18,15,125,928,30,7,3357.9,675.8,6,6,iPhone
13418,retained,25,20,405,1052,159,53,4462.0,1368.1,11,4,iPhone
13419,retained,55,46,165,3032,85,0,2662.9,1058.5,30,28,iPhone
13420,retained,32,25,42,624,37,14,1225.8,828.4,27,24,iPhone
13422,retained,5,5,286,1995,0,46,1670.9,414.7,19,16,iPhone
13423,retained,32,29,77,1821,144,87,3371.4,2655.8,18,16,Android
13424,retained,3,3,58,2336,21,0,2471.5,871.6,21,16,Android
13425,retained,35,28,169,1278,64,0,1476.9,765.5,8,7,iPhone
13426,retained,103,86,332,654,97,59,1603.5,794.9,28,26,Android
13427,retained,118,97,221,2483,0,0,7401.4,1175.6,4,4,Android
13428,churned,40,32,98,1308,77,79,3658.0,537.6,14,9,Android
13429,retained,164,164,169,871,22,16,3811.9,2058.2,19,10,Android
13430,retained,380,304,447,3217,94,4,3288.8,648.4,30,27,iPhone
13431,retained,8,8,13,1580,147,18,5337.4,4303.1,8,5,iPhone
13432,retained,51,42,71,1020,111,7,2141.7,1675.5,13,13,Android
13433,retained,25,21,91,2488,0,0,3039.0,2324.0,0,0,Android
13434,retained,112,98,194,2482,355,0,3107.8,901.2,26,24,iPhone
13435,retained,13,10,152,3235,89,0,7725.2,1404.3,30,22,iPhone
13436,retained,34,28,243,3276,252,13,3369.0,2303.6,24,22,iPhone
13437,retained,11,10,73,31,265,0,3053.6,1831.0,25,25,Android
13438,retained,140,117,162,1878,0,18,4820.1,3430.7,14,12,Android
13439,retained,217,173,389,1786,94,0,3872.0,1329.0,7,7,Android
13440,churned,16,13,55,1155,0,41,5567.0,784.9,1,1,iPhone
13441,retained,35,28,193,1879,414,113,3019.8,2310.5,22,21,iPhone
13442,retained,149,131,317,153,30,0,1450.6,994.3,28,25,iPhone
13443,retained,32,26,210,2974,0,0,4570.3,3251.1,12,12,Android
13444,churned,148,142,152,1167,334,10,2553.3,969.6,7,3,Android
13445,retained,89,71,105,2720,177,208,2085.6,1473.6,29,26,iPhone
13447,retained,83,67,116,3482,0,14,1877.1,905.4,12,9,iPhone
13448,retained,196,159,254,960,2,12,9491.6,981.1,2,0,Android
13449,churned,144,117,250,915,66,2,1419.2,201.1,13,11,Android
13450,churned,6,6,178,1040,0,0,10281.6,2895.6,8,7,Android
13452,retained,40,40,66,2316,50,34,1698.7,1354.3,20,20,Android
13453,retained,69,69,440,2748,0,72,3939.3,1662.1,6,5,iPhone
13454,retained,20,16,447,3078,0,26,3972.2,818.7,25,18,Android
13455,retained,6,5,43,3234,30,5,2446.0,508.8,21,17,iPhone
13456,retained,54,44,145,2165,120,122,6169.3,502.0,24,20,Android
13457,retained,19,16,212,478,545,41,2504.2,1016.1,29,28,Android
13458,retained,69,56,109,227,116,0,5509.1,824.5,2,0,iPhone
13459,retained,50,40,51,2287,18,5,2069.7,1609.8,21,18,Android
13460,retained,55,44,192,500,53,0,2240.3,1340.6,19,17,Android
13461,retained,111,89,223,2195,79,97,1734.8,711.2,30,27,iPhone
13462,churned,78,66,179,1264,16,0,5150.6,3796.6,1,0,iPhone
13463,retained,42,41,379,553,144,58,2894.5,1268.2,21,17,iPhone
13464,retained,277,222,484,2425,85,126,4478.4,1741.7,26,16,iPhone
13465,retained,212,176,246,2427,0,0,5927.7,1407.1,12,12,iPhone
13466,retained,13,10,104,2502,15,0,2224.8,1659.7,4,2,iPhone
13467,churned,20,19,393,2042,0,0,9111.0,3526.2,2,0,Android
13468,retained,297,251,531,850,3,150,743.8,479.7,25,20,iPhone
13469,retained,93,74,250,1860,0,0,5510.4,2239.8,28,18,iPhone
13470,retained,148,148,162,1827,0,0,1535.0,470.6,21,15,iPhone
13471,retained,13,10,112,192,104,53,2115.5,431.4,8,8,iPhone
13472,retained,20,16,133,1215,21,6,3871.8,2673.1,25,22,iPhone
13473,churned,72,68,134,3159,0,34,4234.0,3131.4,4,4,iPhone
13474,retained,42,34,88,1033,102,110,7982.8,361.1,23,17,Android
13475,retained,29,29,104,650,196,0,3778.7,1607.0,24,23,Android
13478,retained,68,56,77,1450,127,21,3543.7,1176.9,17,13,Android
13479,retained,23,23,40,3195,42,44,1160.6,573.1,13,13,iPhone
13480,churned,40,33,124,1870,0,163,4218.9,1933.1,8,8,Android
13481,retained,7,7,225,53,0,0,2310.4,1501.1,21,15,iPhone
13482,retained,55,45,186,8,0,0,1910.9,1521.6,8,8,Android
13484,churned,35,28,51,1244,279,0,5858.9,4579.4,15,10,iPhone
13485,retained,35,32,54,385,0,0,3670.2,2315.5,20,11,iPhone
13486,retained,40,32,44,3108,372,0,2701.5,1122.6,1,1,iPhone
13487,retained,9,7,126,2703,90,0,5707.4,3331.1,22,15,iPhone
13488,retained,58,48,126,182,502,0,1900.1,410.0,19,12,iPhone
13489,retained,159,127,258,2011,0,40,8595.3,5320.4,8,8,Android
13490,retained,47,41,194,3423,465,269,1811.2,1467.4,21,12,iPhone
13491,retained,60,51,186,1712,0,0,10361.0,6603.0,6,6,iPhone
13492,retained,63,53,554,1549,166,0,3184.5,519.9,29,24,Android
13493,retained,18,15,82,3363,72,129,5753.4,1506.6,30,22,Android
13494,retained,102,82,209,1973,0,179,6276.5,4055.4,28,23,Android
13495,retained,7,7,239,305,0,48,812.5,420.4,7,4,Android
13496,churned,4,4,78,3259,367,39,967.8,452.3,21,20,Android
13497,retained,107,86,236,119,262,0,1118.5,207.1,28,22,iPhone
13498,churned,190,153,227,1754,31,0,12229.8,10040.6,1,1,iPhone
13499,retained,119,96,240,2978,19,156,5217.3,4022.4,23,23,Android
13500,churned,61,49,101,39,129,12,4226.9,2790.5,0,0,Android
13502,churned,59,59,254,2313,106,135,10364.5,8432.1,1,1,iPhone
13503,retained,40,33,182,2432,67,0,573.8,374.6,24,17,iPhone
13504,retained,45,45,143,2179,131,33,678.6,242.5,6,2,Android
13506,retained,81,65,152,217,89,0,2825.3,1124.2,6,4,iPhone
13507,retained,93,92,105,88,261,39,8305.0,3944.7,26,17,Android
13508,retained,65,65,244,295,15,0,2891.3,1013.8,7,7,Android
13509,retained,54,45,80,3301,47,74,3744.0,2395.4,9,5,iPhone
13510,retained,25,20,84,1794,19,23,1196.9,182.8,6,3,Android
13511,retained,38,32,342,1007,0,39,8791.0,1457.4,26,22,iPhone
13512,churned,24,20,129,1904,27,43,871.7,589.7,17,13,iPhone
13513,retained,148,119,330,2245,0,0,6235.7,729.2,17,14,iPhone
13514,retained,1,1,130,2571,134,23,7595.9,5719.2,22,16,iPhone
13515,retained,243,199,530,3359,5,0,1652.7,1251.7,21,15,iPhone
13516,retained,232,191,238,1047,36,0,9148.5,2764.2,12,12,Android
13517,retained,120,96,336,545,177,0,7893.3,3786.0,23,22,iPhone
13518,retained,12,11,101,33,15,20,2354.2,1078.6,19,13,iPhone
13519,retained,53,44,54,1257,182,0,1420.7,984.2,28,25,iPhone
13520,retained,133,109,216,2468,63,0,3065.5,830.6,21,19,iPhone
13521,retained,10,8,59,283,109,0,2971.1,1939.8,15,15,iPhone
13522,retained,69,57,130,3191,101,17,3582.6,1374.8,21,17,Android
13523,retained,13,11,194,2963,82,0,4389.9,3353.7,3,3,iPhone
13524,retained,20,17,31,1540,168,31,3788.7,992.7,10,10,iPhone
13525,churned,98,79,281,1834,37,41,3138.5,2557.3,10,6,Android
13526,retained,371,305,471,1371,105,22,6154.8,742.6,26,18,iPhone
13527,retained,114,111,123,1696,200,6,3272.8,2457.7,16,13,iPhone
13528,retained,20,20,26,912,109,16,1801.9,956.5,25,17,iPhone
13529,churned,89,89,142,1505,73,41,725.6,385.8,22,20,Android
13530,retained,18,15,136,2392,240,39,4400.0,2880.5,1,0,iPhone
13531,retained,13,10,38,392,0,20,3101.3,1963.8,17,10,iPhone
13532,churned,68,54,78,3052,0,0,2358.6,1401.1,4,0,iPhone
13533,churned,230,187,243,1293,194,44,3661.9,2699.7,8,8,Android
13534,retained,378,303,474,2031,0,0,2894.7,2336.1,28,22,Android
13535,retained,75,61,87,2525,0,21,3746.3,3059.7,4,0,iPhone
13536,retained,16,14,225,1798,360,0,3006.3,1874.3,15,11,iPhone
13537,retained,146,119,292,3060,0,25,5469.1,3238.6,27,26,iPhone
13538,retained,8,7,42,638,232,0,2674.9,1077.6,10,10,Android
13539,retained,212,172,393,1488,0,0,4065.4,2665.2,24,21,iPhone
13540,churned,101,81,318,2285,104,5,2106.7,1453.6,14,9,Android
13541,churned,28,23,224,2787,0,29,5246.3,2442.5,5,5,iPhone
13542,retained,87,87,224,1015,3,61,3190.5,494.1,23,19,Android
13543,retained,75,60,297,1871,155,5,4884.8,3098.7,19,14,iPhone
13544,retained,7,7,62,1754,389,272,2676.6,2036.6,16,14,iPhone
13545,churned,13,12,43,188,0,16,1985.1,349.2,4,3,Android
13546,churned,43,35,200,1931,607,10,2928.9,526.5,12,12,iPhone
13547,retained,467,378,520,3190,0,37,7118.5,5619.3,30,27,iPhone
13548,retained,22,18,248,503,365,0,8545.4,3621.4,23,19,Android
13549,churned,14,13,31,1252,0,0,3720.7,2439.3,15,8,iPhone
13550,retained,27,27,331,24,174,167,2253.1,1683.7,24,23,Android
13551,retained,127,104,172,2492,0,0,7656.7,1515.3,1,1,iPhone
13552,retained,11,9,48,3202,9,0,4394.3,3439.3,26,23,iPhone
13553,churned,27,21,183,2146,160,35,432.7,292.7,10,3,Android
13554,retained,21,18,47,188,41,0,1761.5,1066.2,11,9,Android
13555,retained,50,41,490,2502,411,16,4030.3,1954.7,6,5,iPhone
13556,retained,2,2,23,2489,186,0,2779.0,2188.5,17,17,iPhone
13557,retained,36,30,67,3092,19,0,1111.1,631.9,7,7,iPhone
13558,churned,98,98,317,2397,246,69,5897.0,3901.9,3,3,iPhone
13559,churned,123,99,327,1367,0,56,4152.5,1031.4,16,11,Android
13560,churned,105,85,225,2520,143,123,3230.3,375.7,2,2,Android
13561,churned,68,55,240,233,219,25,2421.1,834.5,1,1,iPhone
13562,churned,19,19,59,1572,0,0,7608.8,5990.4,15,11,Android
13563,retained,152,135,504,3206,50,18,1506.0,1130.1,20,19,iPhone
13564,retained,142,114,256,223,49,15,2978.4,2442.7,31,27,Android
13565,churned,71,71,92,3341,3,0,1800.0,1149.2,22,16,iPhone
13566,churned,7,7,77,267,43,1,2860.5,1882.8,13,8,Android
13567,retained,243,195,392,2729,7,78,3672.2,2696.3,14,14,Android
13568,retained,221,177,364,2498,48,12,3002.4,1625.5,30,19,iPhone
13569,churned,49,39,60,3463,138,12,5349.2,419.7,6,6,iPhone
13570,retained,52,43,78,1804,27,22,3811.2,2433.9,2,2,Android
13571,retained,88,71,226,3409,164,0,2377.7,573.6,14,14,iPhone
13572,retained,65,52,156,2301,0,83,5036.7,3345.1,20,19,Android
13573,retained,85,73,136,1058,25,0,3149.9,2489.7,20,12,iPhone
13574,retained,175,140,230,2768,0,0,4808.3,1356.5,20,15,iPhone
13575,retained,77,62,202,979,402,0,8735.6,3435.6,20,18,iPhone
13576,retained,154,123,272,2719,0,96,3398.0,773.3,31,21,iPhone
13577,churned,98,79,109,862,71,0,3680.0,1725.0,2,1,Android
13578,churned,84,68,96,1071,284,233,4486.9,2273.7,2,2,Android
13579,churned,111,97,301,1514,6,59,2211.6,1401.2,4,2,iPhone
13580,retained,80,80,169,2890,396,0,1194.7,927.6,12,6,Android
13581,retained,61,49,189,1667,0,9,6073.5,1434.8,19,19,iPhone
13582,retained,30,25,46,1232,168,42,2584.5,596.9,1,1,iPhone
13583,retained,73,59,129,1432,410,0,6446.6,3550.2,27,24,iPhone
13584,retained,50,47,453,1797,303,2,1532.7,232.4,5,4,iPhone
13585,retained,51,43,59,3364,398,17,2309.7,1442.7,24,17,iPhone
13586,retained,49,41,55,3235,331,68,1836.2,796.3,15,15,Android
13587,churned,70,57,187,2214,3,0,2633.7,1010.2,1,0,iPhone
13588,retained,18,15,65,2325,178,59,6883.7,1281.0,8,8,iPhone
13589,retained,6,6,35,1142,0,17,4570.7,2865.9,4,2,iPhone
13590,retained,0,0,198,2976,100,7,5136.5,2720.3,16,16,iPhone
13591,retained,109,89,143,3460,152,0,1438.6,388.0,5,5,Android
13592,retained,40,37,317,2245,5,0,3985.6,1898.6,14,12,Android
13593,retained,63,51,163,3114,57,0,5199.6,977.4,28,24,iPhone
13594,retained,95,78,113,264,18,23,5752.6,2228.6,12,12,Android
13595,retained,232,186,265,1576,17,30,1278.3,546.6,9,7,iPhone
13596,retained,125,100,127,2139,0,0,4632.7,1765.1,31,23,iPhone
13597,churned,106,85,197,604,282,17,4790.0,1500.6,4,4,iPhone
13598,retained,1,1,16,2232,1,146,7254.0,3591.5,5,3,iPhone
13599,churned,39,31,127,1092,21,28,1952.0,895.0,7,7,iPhone
13600,retained,8,8,140,1020,40,15,4725.3,3615.9,29,27,iPhone
13601,retained,91,83,147,1139,0,0,3268.1,1594.0,7,3,iPhone
13602,churned,97,82,257,1296,0,218,2025.0,879.6,15,9,Android
13603,retained,34,27,96,3085,6,0,2087.6,859.9,15,10,Android
13604,retained,1,1,70,1922,0,51,1812.6,1117.1,19,16,Android
13605,churned,123,102,194,155,49,18,5470.5,3556.5,22,14,iPhone
13606,retained,158,127,228,2237,20,1,2964.3,1158.5,8,8,iPhone
13607,retained,31,28,45,3071,0,0,4806.0,2235.7,21,17,iPhone
13608,retained,135,135,182,880,0,0,6305.2,4892.5,25,18,Android
13609,churned,225,181,233,3007,156,44,1839.8,1406.4,9,5,iPhone
13610,retained,54,53,61,1730,32,0,3420.1,1468.7,31,28,iPhone
13611,retained,26,26,29,1291,243,186,2314.8,750.2,24,17,iPhone
13612,retained,17,13,47,1418,90,0,2111.1,961.7,31,24,iPhone
13613,retained,17,14,27,2778,40,0,2864.3,1013.1,30,25,iPhone
13614,retained,170,136,317,2806,158,0,4366.5,3155.4,5,5,iPhone
13615,retained,5,5,333,2760,67,0,1740.4,673.6,9,9,iPhone
13616,retained,165,132,181,1235,28,23,4745.0,1488.1,19,14,iPhone
13617,churned,16,14,37,831,7,46,1763.8,704.4,12,12,iPhone
13618,retained,116,93,262,3299,118,2,1488.1,563.5,9,7,iPhone
13619,retained,74,66,93,2662,118,0,3583.6,2823.1,29,23,iPhone
13620,retained,125,100,210,2417,0,36,3142.0,1743.0,27,26,iPhone
13621,retained,39,31,41,1671,357,37,4310.0,1944.9,31,28,iPhone
13622,retained,5,4,60,743,41,0,3319.6,1628.6,26,22,Android
13623,retained,187,153,397,3046,284,0,1720.0,1328.4,18,14,iPhone
13624,retained,11,9,12,2394,102,0,4795.0,3140.1,24,24,iPhone
13625,retained,95,76,222,2600,0,0,5394.5,1020.7,31,20,Android
13626,retained,0,0,134,591,82,2,3966.4,1907.0,30,20,iPhone
13627,retained,123,100,415,2726,407,0,2940.8,844.7,17,9,iPhone
13628,retained,20,20,105,2143,402,0,2588.5,976.7,8,8,Android
13629,retained,21,18,36,2852,18,40,1966.5,1561.3,12,6,iPhone
13630,retained,113,104,186,1771,0,0,1332.2,762.5,18,14,iPhone
13631,retained,71,57,99,3099,59,0,10367.6,1249.8,6,6,iPhone
13632,retained,91,74,127,2436,90,0,2375.0,705.8,12,7,iPhone
13633,retained,101,101,161,497,171,0,6601.5,2355.2,7,7,Android
13634,retained,222,179,249,2817,117,46,790.1,557.3,21,14,iPhone
13635,retained,15,14,33,2140,5,0,1525.8,488.7,1,0,iPhone
13636,retained,104,104,335,1652,192,197,1663.1,875.0,22,16,iPhone
13637,churned,30,25,49,2357,1,214,1592.1,240.8,2,0,iPhone
13639,retained,2,2,318,3377,187,18,802.5,646.7,6,1,iPhone
13640,retained,143,122,360,3453,236,42,2751.5,1556.8,17,10,iPhone
13641,churned,128,104,162,1821,0,0,6865.2,583.8,2,2,iPhone
13642,retained,36,31,92,1616,60,0,2163.4,941.3,27,19,iPhone
13643,retained,24,20,277,2213,308,32,2214.3,371.4,27,22,iPhone
13644,retained,121,108,215,2939,8,0,6600.5,4727.2,24,18,Android
13645,retained,14,14,216,1231,322,20,3829.0,1611.3,29,22,iPhone
13646,retained,33,33,69,2586,0,0,6875.2,2916.7,4,4,iPhone
13647,retained,145,119,458,1967,16,29,3868.0,2810.7,16,12,Android
13648,retained,41,34,41,2186,55,0,9545.7,2687.8,6,0,iPhone
13649,retained,192,155,223,102,200,60,8007.2,1386.2,28,20,iPhone
13650,retained,145,117,408,2611,75,4,2049.1,1699.8,18,18,Android
13651,retained,47,38,88,2464,157,23,9183.9,4531.5,25,18,Android
13652,retained,151,123,177,202,339,131,4468.0,1428.6,21,21,iPhone
13653,retained,278,247,344,1404,20,31,1637.9,1042.2,29,27,iPhone
13654,retained,164,132,420,2740,44,81,5785.7,3954.2,8,4,iPhone
13655,retained,3,3,157,1267,12,46,1945.2,969.5,9,5,Android
13656,churned,18,18,149,282,55,127,8285.5,5672.6,8,2,iPhone
13657,retained,261,209,273,2555,0,7,5714.8,2023.9,28,22,Android
13658,retained,97,79,261,1355,26,0,2120.7,1019.7,18,10,Android
13659,retained,111,89,171,2910,20,0,911.2,575.9,22,19,iPhone
13660,retained,146,117,495,1063,63,23,1807.0,231.0,16,16,Android
13661,retained,59,55,146,3387,33,9,1593.7,1015.4,23,23,iPhone
13662,churned,21,17,263,1339,32,69,1631.9,1128.1,3,3,iPhone
13663,churned,33,26,82,1567,26,71,2042.5,1189.8,6,6,Android
13665,retained,29,29,71,2418,146,4,2035.7,1668.6,26,24,iPhone
13666,retained,213,170,219,2746,137,0,2178.7,1303.4,6,6,Android
13667,retained,488,390,579,1136,103,0,7730.7,3386.4,10,3,iPhone
13668,retained,3,2,101,343,138,0,4612.8,1140.5,12,8,Android
13669,churned,49,42,101,960,0,0,5337.5,2720.8,9,9,iPhone
13670,retained,264,211,355,841,43,38,3959.2,1412.0,29,21,iPhone
13671,retained,125,100,306,2438,159,0,8972.7,4084.3,2,0,iPhone
13672,retained,123,106,126,535,115,0,3712.1,2422.0,25,23,Android
13673,churned,49,39,138,586,104,13,4324.2,2159.8,14,9,iPhone
13674,retained,11,11,19,1701,484,0,3142.9,775.0,19,18,iPhone
13675,retained,58,47,67,223,56,59,5616.6,2402.9,27,18,Android
13677,retained,70,57,102,472,236,0,4218.5,1036.7,21,19,Android
13678,retained,85,69,118,2358,134,0,2148.5,986.7,3,3,iPhone
13681,retained,51,43,202,2828,24,0,3785.3,1823.9,17,15,iPhone
13682,retained,5,4,10,2761,149,13,3830.9,1059.6,13,13,iPhone
13683,retained,6,6,23,852,632,0,4527.9,1639.4,12,9,Android
13684,retained,16,14,55,2531,84,33,3774.3,1998.0,29,19,Android
13685,retained,49,39,62,813,18,33,7719.8,2124.8,9,6,Android
13686,retained,47,47,48,2477,121,0,3971.6,1982.7,23,15,iPhone
13687,retained,15,15,22,3197,56,33,2296.5,856.5,29,20,Android
13688,retained,133,118,156,111,156,25,3359.7,868.8,15,8,iPhone
13689,churned,71,57,325,2527,0,51,919.0,505.9,4,4,iPhone
13690,retained,15,13,233,1274,79,0,922.1,520.0,22,17,Android
13691,retained,201,162,406,459,62,0,3558.4,807.0,17,17,iPhone
13692,retained,365,292,578,2694,54,0,3041.7,2058.1,31,25,Android
13693,retained,15,12,243,2850,205,80,2333.4,801.8,18,15,iPhone
13694,churned,40,32,76,3144,0,102,4109.2,1629.3,5,3,iPhone
13695,retained,14,13,257,1901,125,100,7334.4,3775.6,5,2,iPhone
13696,retained,86,86,98,2879,229,97,1375.6,75.4,17,15,iPhone
13697,churned,131,105,479,3120,141,72,3622.3,435.4,29,19,iPhone
13698,retained,0,0,14,1535,156,9,5996.4,1571.3,26,20,Android
13699,retained,88,72,252,2494,101,0,6848.1,4855.8,31,21,iPhone
13700,retained,136,116,171,1963,38,0,5806.2,773.4,15,7,Android
13701,retained,37,37,204,1399,0,285,2180.2,1682.8,5,3,Android
13702,retained,2,2,40,2790,301,0,5011.6,277.2,9,9,Android
13703,retained,44,44,98,2540,23,34,5150.1,970.5,9,7,iPhone
13704,retained,1,1,137,1426,352,0,2650.4,1124.4,12,12,Android
13705,retained,8,7,123,3181,265,116,3297.2,2359.9,16,13,iPhone
13706,retained,144,117,246,1117,272,0,2045.3,919.2,20,13,Android
13707,retained,107,86,161,2877,15,16,860.6,450.1,27,26,iPhone
13708,churned,56,45,378,907,5,0,12525.0,9734.4,20,16,Android
13709,retained,13,12,53,3367,0,191,3648.2,959.9,13,7,iPhone
13710,retained,90,78,110,2903,62,0,3555.3,833.3,15,8,iPhone
13711,retained,129,112,278,2471,53,70,2513.7,2002.9,6,4,Android
13712,churned,112,92,117,389,0,0,5070.6,4196.2,9,3,iPhone
13713,retained,33,28,253,2732,39,23,4709.0,2820.4,28,23,Android
13714,retained,393,323,606,3162,150,100,3562.2,2293.9,16,16,iPhone
13716,retained,15,15,366,2394,0,0,5488.0,3910.0,6,3,Android
13717,retained,64,54,117,3048,237,0,1997.3,984.2,24,18,iPhone
13718,retained,7,7,58,2872,149,72,3354.4,2559.7,26,16,iPhone
13719,retained,13,13,75,1300,0,0,4522.6,3135.7,28,21,iPhone
13720,retained,62,51,178,2677,255,49,3086.9,2334.4,9,2,iPhone
13722,retained,18,14,61,3079,222,0,6972.3,1570.2,17,16,iPhone
13723,churned,266,214,293,1034,696,104,4103.7,2168.8,10,10,iPhone
13724,churned,146,125,338,423,115,0,4440.5,938.3,18,15,iPhone
13725,retained,48,39,142,1514,1,0,4795.1,968.3,4,1,iPhone
13726,retained,242,194,337,670,42,0,8617.8,2088.6,27,24,iPhone
13727,retained,321,258,479,2475,21,124,2769.9,2095.5,17,13,Android
13728,churned,102,82,339,70,56,0,12710.3,7006.6,10,10,iPhone
13729,retained,114,91,185,3399,348,183,1605.7,1317.2,21,14,Android
13730,retained,43,37,90,1078,21,0,6402.4,4404.7,30,21,Android
13731,retained,73,59,190,2462,307,39,1867.6,206.8,18,17,iPhone
13732,churned,46,46,207,2860,401,91,3569.2,1229.3,18,11,Android
13733,retained,2,2,431,3168,198,0,2316.9,1559.2,11,11,iPhone
13734,retained,41,33,148,3396,378,2,437.5,319.0,23,19,Android
13735,retained,173,138,204,2225,326,10,1278.6,94.0,0,0,Android
13736,retained,58,49,87,2561,0,0,3524.2,2825.2,19,14,iPhone
13737,retained,32,32,102,1862,39,28,8649.6,2834.3,17,15,iPhone
13738,retained,51,41,87,1482,16,3,1535.8,728.9,31,25,iPhone
13739,retained,67,54,193,2508,0,0,3105.3,792.7,26,23,iPhone
13740,retained,28,23,97,63,0,44,5605.2,2294.8,23,20,iPhone
13741,retained,2,2,96,990,86,21,2087.6,1600.5,29,22,iPhone
13742,churned,114,93,318,1982,400,19,6268.1,1473.7,4,4,iPhone
13743,retained,3,3,141,2085,55,0,3486.8,596.0,9,5,iPhone
13744,retained,37,30,302,2449,37,2,4604.8,3118.6,25,17,iPhone
13745,retained,70,62,160,293,131,52,5026.7,1101.8,11,8,iPhone
13746,retained,104,84,157,3199,38,0,2470.0,1462.7,19,14,iPhone
13747,retained,73,63,200,1218,73,0,6723.0,3661.7,17,11,iPhone
13748,retained,5,5,368,564,86,0,7866.7,722.6,24,21,iPhone
13749,retained,77,62,124,120,6,0,3787.4,1348.4,10,5,Android
13750,retained,41,33,352,1595,46,0,2255.1,1556.2,27,18,iPhone
13751,retained,87,70,249,2185,9,0,9583.1,7378.0,20,19,iPhone
13752,retained,65,53,200,2885,92,16,3589.8,586.7,13,10,iPhone
13753,retained,19,16,19,631,18,5,15070.0,2354.3,19,11,iPhone
13754,retained,95,77,97,1462,201,89,1961.9,1412.0,16,16,Android
13755,retained,191,153,212,2369,505,28,1900.9,1042.1,12,12,iPhone
13756,retained,67,53,117,2653,205,0,9345.6,2229.9,8,8,iPhone
13757,retained,5,4,91,810,5,16,2129.2,1467.1,15,13,iPhone
13758,retained,27,22,81,1698,46,4,2122.1,1493.5,10,6,iPhone
13759,churned,42,34,284,2020,44,0,3925.6,2822.3,3,0,iPhone
13760,retained,335,268,357,1985,115,11,3916.5,2960.8,22,14,Android
13761,retained,168,136,209,1506,0,0,1281.9,982.3,19,15,iPhone
13762,retained,82,66,85,3360,105,174,1424.1,83.8,5,4,iPhone
13763,retained,110,88,234,2751,109,3,4830.4,3958.4,31,21,Android
13764,retained,122,99,206,1691,363,0,5093.0,1646.8,29,22,Android
13766,retained,4,3,325,363,15,0,11227.2,3678.1,21,19,iPhone
13767,retained,68,55,75,3407,290,58,3590.2,955.0,28,23,iPhone
13768,retained,3,2,9,3280,0,3,7347.9,4963.7,26,21,Android
13769,retained,87,71,88,1982,14,31,8186.0,2896.7,8,5,Android
13770,retained,137,110,174,579,531,6,1927.2,190.5,13,10,Android
13771,retained,10,10,140,1428,30,0,2170.7,1752.8,20,13,Android
13772,retained,11,9,12,1165,0,23,2498.9,693.9,6,6,iPhone
13773,retained,171,150,221,746,63,0,2919.1,1468.7,19,18,iPhone
13774,retained,51,42,156,3154,380,0,6942.3,5599.2,13,7,iPhone
13775,retained,14,14,77,3275,31,0,3194.0,724.5,8,6,Android
13776,retained,2,2,72,2145,205,5,1980.0,167.7,9,7,iPhone
13777,retained,193,155,292,2416,83,0,3301.3,384.8,10,10,iPhone
13778,retained,104,85,304,2050,84,133,3802.6,1192.6,30,28,iPhone
13779,retained,43,42,118,1769,917,25,3406.8,2019.5,15,15,iPhone
13780,retained,24,19,168,260,189,28,2535.3,1687.5,31,27,Android
13781,churned,1,1,43,211,0,0,2016.4,852.3,10,10,iPhone
13782,retained,76,61,241,873,36,24,4626.7,2274.5,17,16,iPhone
13783,retained,20,18,32,2514,13,0,1285.8,674.9,23,16,iPhone
13784,retained,70,58,183,553,79,7,3198.1,1619.1,21,16,iPhone
13785,retained,172,139,212,2000,0,15,1461.6,990.0,24,18,Android
13786,retained,8,7,34,2037,47,5,7050.8,2256.5,12,5,Android
13787,churned,70,58,674,2398,87,38,2823.9,1473.4,10,10,Android
13788,retained,195,156,203,1959,2,80,2526.7,727.1,19,10,iPhone
13789,retained,65,55,363,2239,34,0,1032.4,697.4,10,4,Android
13790,retained,208,181,335,3201,0,124,1725.8,735.3,17,9,iPhone
13791,retained,3,3,266,3119,179,154,7320.1,5352.6,19,13,Android
13792,retained,32,26,417,3205,37,0,2636.1,1487.4,6,5,Android
13793,retained,61,50,164,2762,0,0,4222.5,2410.8,8,8,iPhone
13794,retained,109,87,125,113,207,67,4138.7,2175.8,26,25,Android
13795,churned,149,119,331,2671,0,43,7964.0,2989.5,19,19,iPhone
13796,retained,194,182,237,3112,327,0,6106.9,1433.1,30,28,iPhone
13797,churned,44,36,318,1715,42,0,13927.0,9338.2,25,19,iPhone
13798,retained,192,155,239,2247,113,1,6531.2,2280.3,25,21,iPhone
13799,retained,109,87,176,2908,109,198,1577.0,683.8,5,2,Android
13800,retained,190,152,235,1214,0,18,3991.2,1348.7,13,13,iPhone
13801,retained,25,21,189,293,83,0,2933.4,434.7,27,18,iPhone
13802,retained,27,23,34,15,108,31,2854.4,2289.3,13,9,iPhone
13803,churned,63,54,157,218,443,18,2687.3,1481.7,13,8,iPhone
13804,retained,57,46,492,2847,56,15,8850.6,4189.8,21,18,Android
13805,retained,49,42,98,300,30,24,3952.5,389.7,30,22,Android
13806,retained,20,16,35,1211,314,24,7997.9,3767.5,22,16,iPhone
13807,retained,10,9,22,2226,50,0,7862.9,1008.9,9,3,iPhone
13808,retained,29,23,378,397,90,0,3064.8,2469.0,18,11,iPhone
13809,retained,58,49,176,1687,73,29,8890.0,3077.5,10,6,iPhone
13810,retained,172,149,530,2821,303,0,6180.8,3291.7,27,18,Android
13811,churned,219,201,440,1715,35,0,9997.5,5095.1,5,0,iPhone
13812,retained,35,28,83,2413,4,0,3788.4,2206.1,22,14,Android
13813,retained,21,17,99,584,17,168,2780.3,1122.1,6,2,Android
13814,churned,33,32,143,3053,0,42,5879.5,431.1,26,17,iPhone
13815,churned,56,45,676,2840,38,164,826.4,514.8,0,0,iPhone
13816,retained,169,139,363,1731,135,64,2455.8,624.7,6,6,Android
13817,retained,61,49,82,231,220,0,10500.1,6604.4,14,14,iPhone
13818,retained,5,5,15,543,89,52,2729.3,643.1,27,22,iPhone
13819,churned,48,39,118,345,0,79,2714.2,1755.8,2,0,iPhone
13820,churned,22,18,362,3084,320,0,5323.4,4234.9,4,0,iPhone
13821,retained,25,20,57,1076,0,0,3758.9,871.9,14,10,Android
13822,retained,63,52,106,2440,8,11,2617.5,466.2,12,8,iPhone
13823,churned,18,18,21,121,40,0,2692.1,2019.6,2,1,Android
13824,retained,105,84,141,1554,121,39,3549.0,2850.1,21,17,Android
13825,retained,79,77,184,2278,327,0,2441.4,1119.7,6,0,Android
13826,retained,52,42,107,2509,202,19,6994.6,2698.5,14,13,iPhone
13827,retained,90,74,308,1851,116,26,2654.4,1353.2,8,2,iPhone
13828,retained,61,53,74,3252,174,28,1172.6,483.2,9,6,Android
13830,churned,157,127,169,3014,228,0,1850.0,874.3,3,3,iPhone
13831,retained,299,244,601,1736,252,0,6695.8,2967.4,28,19,iPhone
13832,churned,135,113,136,2969,446,77,6026.1,3052.8,2,2,iPhone
13833,churned,26,21,253,2392,0,89,3177.4,161.0,5,4,iPhone
13834,retained,68,56,180,634,21,27,5985.3,3445.3,1,1,iPhone
13835,retained,76,74,79,1236,30,84,6843.3,1886.6,10,5,iPhone
13836,churned,140,131,154,27,98,95,2529.1,1845.2,6,1,iPhone
13837,retained,28,24,51,2578,18,0,1642.9,851.4,8,6,Android
13838,churned,136,111,147,2435,0,0,6441.8,2793.3,27,25,iPhone
13839,churned,21,21,31,1657,477,34,2346.3,895.5,25,19,iPhone
13840,retained,17,16,23,705,22,0,8577.9,5071.4,29,26,iPhone
13841,retained,71,71,184,2446,46,93,4655.6,2809.3,17,9,iPhone
13842,retained,53,42,164,2519,184,116,4339.8,3139.0,2,2,iPhone
13843,churned,20,18,281,364,251,0,7429.0,3738.5,14,11,iPhone
13844,retained,87,70,128,1257,86,0,4828.2,2119.3,2,0,iPhone
13845,retained,31,30,115,1437,0,50,3798.2,148.6,3,3,iPhone
13846,retained,23,18,99,1690,0,43,1871.0,551.1,24,23,iPhone
13847,churned,266,226,592,1185,20,0,5519.4,2373.9,4,0,Android
13848,retained,31,31,33,3381,78,62,1068.8,407.9,23,14,iPhone
13849,retained,141,121,218,2646,179,63,1657.8,1191.6,2,2,iPhone
13850,retained,23,23,59,1419,20,104,4094.8,2548.2,17,13,iPhone
13851,retained,103,84,354,3465,0,0,5178.7,429.7,24,24,iPhone
13852,retained,5,5,655,1133,0,0,3733.4,634.8,19,16,iPhone
13853,retained,3,3,150,44,60,55,1325.8,574.0,11,8,Android
13854,retained,59,59,147,664,208,70,3259.0,1258.7,25,20,Android
13855,retained,30,24,156,995,208,69,2878.9,1111.7,28,26,iPhone
13856,retained,137,120,378,2106,313,0,3437.6,693.1,24,19,Android
13857,retained,20,16,99,438,330,106,1993.5,939.3,6,2,iPhone
13858,retained,245,196,380,2494,1,16,4889.3,1948.2,2,1,iPhone
13859,retained,181,181,239,2163,28,0,1777.8,1135.3,28,22,iPhone
13860,retained,59,49,224,1381,226,91,5993.7,1992.4,31,26,iPhone
13861,retained,24,20,326,1913,52,0,1717.7,586.5,26,23,Android
13862,churned,7,7,26,931,374,0,6500.6,889.1,3,0,iPhone
13863,retained,41,33,167,3356,92,0,2969.5,1326.6,14,14,Android
13864,retained,28,24,115,2767,5,0,1395.8,671.3,30,25,iPhone
13865,churned,62,49,246,314,190,22,11987.1,7297.3,9,7,iPhone
13866,retained,43,34,72,60,333,63,2591.5,1081.4,4,0,Android
13867,retained,95,95,111,434,161,14,2910.3,2233.2,31,29,iPhone
13868,retained,59,47,110,1051,311,0,1926.7,1534.7,7,7,Android
13869,retained,109,109,233,3105,0,6,8771.0,1602.6,26,24,Android
13870,retained,19,15,163,2777,27,34,2171.2,1073.0,8,8,iPhone
13871,retained,189,153,379,1943,15,44,3365.1,1575.8,15,14,iPhone
13872,retained,80,67,138,3462,16,3,5977.5,4239.4,2,2,Android
13873,retained,60,50,97,990,132,23,5882.3,2742.7,24,19,iPhone
13874,churned,476,382,558,55,63,18,958.9,489.4,2,0,iPhone
13875,churned,20,16,74,319,429,31,1697.6,1386.3,11,10,iPhone
13876,retained,164,132,177,134,0,13,1010.6,725.4,31,30,iPhone
13877,churned,392,315,450,2488,320,1,4019.2,1107.3,21,13,Android
13878,retained,20,20,98,397,12,33,2556.8,1923.5,5,5,iPhone
13879,retained,33,27,104,1583,375,10,6186.4,3126.7,19,11,Android
13880,churned,38,38,147,795,96,337,6917.7,3466.4,3,1,iPhone
13881,retained,49,43,169,1349,412,44,2450.7,569.7,4,0,iPhone
13882,retained,119,95,155,688,0,30,1139.6,682.5,24,20,iPhone
13883,retained,63,51,477,1658,268,53,6932.5,5763.6,26,20,Android
13884,churned,9,8,56,204,0,0,2238.2,1132.5,5,1,iPhone
13885,retained,46,38,201,2959,74,7,1588.8,641.2,30,28,iPhone
13886,retained,28,28,67,677,37,3,4065.2,784.7,28,24,Android
13887,retained,37,30,128,195,513,0,2863.6,528.8,3,3,Android
13888,retained,64,51,179,2892,0,0,3565.2,2244.6,4,4,iPhone
13889,retained,26,21,141,993,0,19,1234.2,501.4,16,14,iPhone
13890,retained,108,88,688,2316,57,46,993.6,291.0,20,20,iPhone
13891,churned,22,19,285,477,0,19,3509.9,2458.3,16,16,iPhone
13892,retained,79,64,99,3214,0,34,3340.6,2242.2,19,18,iPhone
13893,retained,0,0,15,415,0,31,1215.6,961.6,14,10,Android
13894,retained,161,129,213,1687,0,0,985.9,340.1,18,16,iPhone
13895,retained,54,43,152,2200,313,0,1516.2,728.1,12,8,iPhone
13896,retained,3,3,151,2732,107,136,4296.9,2246.4,5,5,iPhone
13897,retained,27,22,108,1922,20,0,3519.2,1374.7,14,6,iPhone
13898,retained,10,8,58,944,2,149,4271.8,2558.4,10,7,Android
13899,retained,16,13,72,1400,12,0,3438.3,815.8,27,23,Android
13900,retained,192,154,432,1492,89,0,3756.8,2620.6,14,11,iPhone
13902,retained,8,8,177,936,84,199,8162.7,1958.2,5,0,Android
13903,retained,40,35,114,2121,0,76,6661.8,4767.5,17,12,Android
13904,retained,136,109,344,3272,0,0,5158.7,814.7,28,23,iPhone
13905,retained,124,100,226,1475,170,41,5289.6,1239.3,6,4,Android
13906,retained,67,58,102,2329,124,58,2357.7,1115.8,30,19,iPhone
13907,churned,92,76,122,804,73,96,3768.0,2273.1,2,0,iPhone
13908,retained,47,38,257,2034,167,290,1169.6,923.7,28,21,iPhone
13909,retained,236,191,413,2704,109,62,6123.0,4478.3,15,13,iPhone
13910,retained,56,53,135,397,0,66,4528.7,3015.2,14,8,iPhone
13911,churned,43,35,108,695,246,100,3700.7,1290.8,2,0,iPhone
13912,churned,286,229,344,3237,116,109,2946.1,1666.4,2,2,Android
13913,retained,3,3,109,1812,0,0,3545.1,2360.0,11,7,iPhone
13914,retained,97,97,173,82,104,0,3205.6,1568.5,28,22,iPhone
13915,retained,123,123,251,1825,525,19,2042.6,443.6,20,17,Android
13916,churned,123,101,207,2943,501,2,5171.7,1819.5,21,17,iPhone
13917,churned,13,11,205,2200,0,0,1169.5,492.8,2,2,iPhone
13918,retained,112,92,143,2571,241,0,12503.6,5545.5,0,0,Android
13919,churned,10,8,130,1667,0,0,3109.3,1576.5,0,0,Android
13920,retained,48,39,150,2687,80,0,2240.1,766.2,25,21,iPhone
13921,retained,32,28,114,2117,0,16,4252.6,2586.2,17,9,iPhone
13922,retained,26,22,44,3173,126,0,693.4,494.9,21,21,iPhone
13923,retained,153,125,185,843,26,0,10579.1,5853.7,8,8,iPhone
13924,retained,5,5,18,2999,446,4,6538.7,4859.2,17,14,iPhone
13925,churned,224,179,248,68,178,1,3830.9,2436.6,3,3,iPhone
13926,retained,298,241,354,1154,102,1,2257.8,375.2,29,24,iPhone
13927,retained,19,17,49,1370,0,65,2749.2,955.2,29,21,iPhone
13928,retained,147,120,284,2010,39,0,7539.6,3671.8,6,6,iPhone
13929,retained,17,17,73,3308,9,6,2739.0,1503.0,11,6,Android
13930,churned,71,57,276,2460,69,51,4972.5,1914.6,1,0,iPhone
13931,retained,5,5,56,1242,26,0,5059.4,2361.0,17,17,Android
13932,retained,151,134,152,1198,121,105,1741.7,1321.9,25,19,iPhone
13933,retained,163,134,163,2920,884,66,1742.8,314.6,31,22,iPhone
13934,retained,34,28,87,2484,227,0,2917.0,2021.1,28,24,iPhone
13935,retained,106,91,374,765,502,3,1239.3,526.1,24,16,Android
13936,retained,61,51,663,2560,0,5,3844.3,1447.7,29,24,iPhone
13937,retained,22,18,281,877,607,140,6584.0,4577.6,13,13,Android
13938,retained,23,19,223,1151,638,16,1170.3,743.5,23,16,iPhone
13939,retained,21,17,49,1309,41,0,4025.7,3202.2,10,4,Android
13940,retained,157,126,351,2525,287,170,2802.5,1715.8,7,7,iPhone
13941,churned,16,13,236,2229,251,63,3390.6,1207.6,0,0,iPhone
13942,retained,27,22,41,1517,0,58,3339.6,2739.7,29,19,iPhone
13943,churned,35,30,42,2276,218,29,3152.0,1015.5,12,9,Android
13944,retained,147,117,179,860,62,0,5890.7,3137.8,1,1,iPhone
13945,churned,107,107,138,426,311,0,5233.6,937.3,15,10,Android
13946,retained,69,56,96,2050,17,0,3749.1,716.2,3,2,iPhone
13947,retained,108,88,128,2280,2,135,4265.8,1196.5,16,12,iPhone
13948,retained,167,134,455,1300,156,0,4303.7,3293.4,31,21,Android
13949,retained,47,38,58,905,22,0,3005.2,682.9,26,16,Android
13950,retained,10,8,148,2987,88,7,3748.0,2627.7,28,23,iPhone
13951,retained,121,97,237,682,69,0,3166.3,1164.8,28,21,iPhone
13952,retained,114,92,119,1793,257,21,3166.5,1444.5,23,18,Android
13953,churned,102,102,131,642,119,0,2137.2,1603.4,23,21,iPhone
13954,churned,50,41,170,626,0,0,4150.8,2864.9,3,0,iPhone
13955,retained,11,9,68,2970,131,0,6093.3,1156.4,7,5,Android
13956,retained,61,49,182,253,50,40,2540.1,933.4,19,15,iPhone
13957,retained,45,37,76,1392,0,1,5006.4,2230.1,30,26,iPhone
13958,churned,67,55,121,324,0,128,7577.0,3287.6,10,10,iPhone
13959,retained,94,77,247,1831,53,35,2944.0,803.1,23,15,iPhone
13960,retained,103,82,178,679,422,36,4104.6,1739.3,25,19,Android
13961,retained,92,74,224,2346,136,29,8239.8,2880.2,6,6,Android
13962,retained,13,13,451,187,21,0,245.5,203.5,15,13,iPhone
13963,retained,49,40,166,272,120,25,5117.1,885.7,24,14,iPhone
13964,retained,394,316,487,864,0,3,4185.4,1118.6,28,19,iPhone
13965,retained,220,220,270,3269,217,3,1987.4,1594.0,21,16,iPhone
13966,retained,13,13,77,1073,50,0,7200.9,3644.1,30,28,iPhone
13967,churned,62,62,72,178,68,126,3385.7,1442.6,10,10,Android
13968,retained,80,80,601,1787,380,70,1688.5,1296.4,18,15,iPhone
13969,retained,5,4,75,111,247,58,6792.3,2298.2,11,11,iPhone
13970,retained,83,67,197,781,0,0,5539.4,1605.6,18,14,iPhone
13971,retained,95,80,130,3080,0,84,7646.9,6062.1,12,12,iPhone
13972,retained,56,51,123,3329,642,15,7928.5,3946.9,18,15,iPhone
13973,retained,3,3,49,107,57,0,5850.9,3162.7,18,18,Android
13974,retained,33,28,312,2876,162,39,4715.1,766.1,26,22,iPhone
13976,retained,50,50,81,1271,190,88,2685.6,1450.0,24,14,Android
13978,retained,27,22,57,3373,0,0,4963.2,1306.7,24,23,iPhone
13979,retained,93,75,473,2279,10,12,4914.9,3861.5,17,17,Android
13980,retained,40,33,45,2663,20,0,4812.7,1905.2,16,16,Android
13981,retained,75,60,91,1671,0,0,7518.9,4939.8,29,24,Android
13982,retained,3,3,19,1473,0,33,2338.5,1219.6,24,15,iPhone
13983,retained,8,8,126,1598,0,0,2066.7,725.8,4,4,Android
13984,retained,139,114,444,110,0,0,9055.0,5207.5,7,2,iPhone
13985,retained,95,83,225,748,211,0,2558.3,1823.3,29,25,iPhone
13986,churned,162,132,231,2422,39,0,2286.3,1473.0,10,10,iPhone
13987,retained,187,161,427,211,1,2,3652.1,1761.3,26,18,Android
13988,retained,11,11,95,264,857,0,4550.0,892.7,12,12,Android
13989,churned,262,212,295,2883,79,35,2160.1,604.9,14,13,Android
13990,churned,2,2,327,2225,331,16,3059.6,1961.4,14,8,iPhone
13991,retained,78,62,81,2771,95,23,1362.4,578.7,15,15,iPhone
13992,retained,92,76,155,1226,0,16,2453.4,786.9,14,10,Android
13993,retained,57,46,226,1872,108,19,1274.5,1022.7,5,1,iPhone
13994,retained,59,47,132,440,0,36,3080.1,936.8,24,21,iPhone
13995,retained,130,109,162,870,5,0,1679.2,1389.9,20,20,iPhone
13996,retained,216,180,305,2260,95,151,4090.7,1090.9,7,2,iPhone
13997,retained,107,85,230,17,417,0,608.1,201.6,17,10,iPhone
13998,retained,1,1,141,2156,85,45,1792.0,1401.7,3,1,Android
13999,retained,51,41,86,2739,0,0,2895.9,1155.2,1,1,Android
14000,retained,29,26,75,1112,0,4,1446.1,492.4,10,10,Android
14001,retained,111,89,165,641,179,16,1769.7,697.1,25,25,Android
14002,retained,19,16,29,1465,247,2,6030.1,1911.5,17,16,iPhone
14003,retained,97,78,266,178,74,8,5201.7,1755.4,16,15,iPhone
14004,retained,183,171,205,2788,15,0,5576.7,1377.4,25,20,iPhone
14005,retained,6,6,338,3473,14,0,4960.5,3422.7,14,13,iPhone
14007,retained,2,2,190,1901,294,0,6257.9,1893.2,30,24,Android
14008,retained,306,245,386,2561,343,6,5254.5,3823.1,6,3,iPhone
14009,retained,132,107,375,340,349,0,4115.3,3110.1,2,0,Android
14010,retained,1,1,74,1371,66,31,3456.4,1418.7,26,23,iPhone
14011,retained,40,40,282,572,647,35,925.2,405.4,6,1,Android
14012,retained,30,24,238,121,4,31,8982.7,3794.4,6,3,iPhone
14013,retained,167,133,235,1762,176,0,7760.7,1488.7,30,28,Android
14015,retained,3,3,68,1733,145,0,1762.3,777.8,26,20,Android
14016,retained,40,32,85,1294,117,99,1510.5,656.9,23,20,iPhone
14017,retained,52,43,197,1493,0,32,7911.7,6544.8,29,20,Android
14018,churned,57,47,141,2141,81,90,468.3,171.8,1,1,Android
14019,retained,31,25,178,2627,305,37,703.6,397.0,4,4,iPhone
14020,retained,2,2,71,1971,237,61,1795.7,1448.0,13,13,Android
14021,retained,23,19,82,477,85,1,1085.2,326.3,19,19,Android
14022,retained,34,27,286,447,35,33,1874.6,1411.9,26,25,iPhone
14023,churned,381,306,389,1204,325,145,2772.1,1859.2,2,2,Android
14024,retained,68,55,304,2232,729,57,1693.8,867.8,18,11,iPhone
14025,retained,81,67,208,2911,453,80,2702.3,800.6,25,22,iPhone
14026,retained,99,80,160,3481,534,0,3337.9,1043.6,21,20,iPhone
14027,retained,81,66,270,1925,102,77,4484.4,2587.6,18,15,Android
14028,churned,38,36,44,2966,0,0,3227.0,1454.1,8,2,Android
14029,retained,73,60,99,3420,297,0,1542.9,441.0,7,3,iPhone
14030,retained,132,106,267,2142,0,0,5132.8,1966.3,17,16,iPhone
14031,retained,17,17,121,840,5,0,8548.9,3165.6,14,14,iPhone
14032,retained,137,137,163,2071,174,0,2782.7,2011.4,25,24,Android
14033,churned,15,14,125,1402,56,15,2314.2,1431.0,8,4,iPhone
14034,churned,177,152,297,1989,290,37,6703.3,820.8,6,6,iPhone
14035,retained,63,51,79,344,35,38,3105.6,1111.7,15,12,iPhone
14036,retained,24,20,226,1998,0,23,3551.1,968.4,19,12,iPhone
14037,retained,67,54,523,580,234,208,4785.1,2517.3,28,19,Android
14038,churned,84,69,390,1231,62,0,2082.4,633.4,12,12,iPhone
14039,retained,174,141,175,2519,41,36,2225.7,1755.2,13,11,iPhone
14040,retained,9,9,236,1270,0,0,4350.8,1397.2,17,10,iPhone
14041,retained,218,174,461,1118,0,3,1423.9,961.1,6,0,iPhone
14042,retained,23,18,90,2656,88,0,3934.6,1006.4,24,21,Android
14043,retained,83,66,350,2054,222,99,11014.5,6225.5,10,10,iPhone
14044,retained,39,33,46,1324,221,0,2484.0,635.9,25,20,iPhone
14045,retained,196,157,338,337,38,0,2196.7,367.0,28,24,iPhone
14046,retained,6,6,189,1697,98,160,3655.8,192.7,1,0,iPhone
14047,retained,118,95,119,1071,22,27,8062.1,1829.8,30,26,iPhone
14048,retained,62,50,161,3157,118,0,4315.4,126.8,21,19,Android
14049,churned,73,59,322,172,0,9,7951.9,958.4,11,11,iPhone
14050,retained,31,29,75,1632,261,38,990.3,431.4,23,17,iPhone
14051,retained,20,18,312,1864,0,42,842.9,441.0,25,22,Android
14052,retained,83,67,176,1496,16,64,3310.3,1138.1,28,24,iPhone
14053,retained,141,119,186,1700,176,122,4082.3,2886.7,30,27,iPhone
14054,churned,98,82,255,1296,256,0,4840.2,1727.3,2,2,iPhone
14055,retained,27,22,116,1622,199,0,6725.5,4900.4,29,23,Android
14056,retained,50,42,155,3086,698,0,4723.2,1385.5,13,9,iPhone
14057,retained,179,144,231,401,25,54,4502.0,1984.4,29,22,iPhone
14058,retained,190,157,195,550,60,11,1762.1,1142.7,14,7,iPhone
14059,retained,41,33,77,2822,160,0,10002.9,2366.5,25,23,iPhone
14060,retained,39,31,166,2056,263,74,2021.6,1424.3,6,3,iPhone
14061,retained,76,64,273,372,94,0,1467.9,780.0,2,2,iPhone
14062,retained,169,160,169,1404,334,10,3485.5,1246.5,12,7,iPhone
14063,churned,23,23,29,1650,41,30,5010.8,1444.2,11,8,iPhone
14064,churned,97,77,202,2935,0,0,4852.3,1592.7,9,2,Android
14065,retained,217,179,275,1961,0,67,1740.8,467.9,25,19,iPhone
14066,retained,284,228,549,231,0,18,2660.5,1296.2,31,28,iPhone
14067,retained,8,7,66,3253,28,90,5877.6,2397.9,7,2,iPhone
14068,retained,46,37,49,2682,33,7,6734.7,5366.5,29,21,Android
14069,churned,134,108,267,2056,232,95,3179.3,2011.1,2,2,iPhone
14070,retained,46,37,162,3386,39,0,5064.1,877.6,30,20,Android
14071,retained,18,14,87,3070,0,31,3262.2,850.2,30,23,iPhone
14072,churned,181,150,412,1283,164,27,3805.0,2518.2,24,19,iPhone
14073,churned,10,8,15,2058,106,0,3001.1,1799.8,19,18,iPhone
14074,retained,98,98,198,2474,42,53,3966.5,3102.9,23,14,iPhone
14075,retained,10,8,60,329,127,75,8929.6,1638.5,28,21,iPhone
14076,retained,30,27,77,2777,186,0,4342.5,2390.4,28,24,Android
14077,retained,175,153,189,516,117,109,3842.4,795.7,18,16,iPhone
14078,retained,15,12,42,2718,89,72,1225.5,568.8,23,20,iPhone
14079,retained,139,115,290,994,78,0,6273.1,3314.9,27,18,iPhone
14080,retained,30,24,266,770,0,100,1526.9,1084.3,29,27,iPhone
14081,churned,218,178,393,2645,0,0,3732.2,2079.0,2,0,iPhone
14082,retained,213,171,424,2534,357,0,2427.1,744.3,29,26,iPhone
14083,churned,97,78,107,1071,476,0,6428.9,741.5,6,3,iPhone
14084,retained,159,127,188,2674,123,16,2948.0,1331.8,20,20,iPhone
14085,churned,66,53,225,450,131,27,5040.7,1147.6,12,10,iPhone
14086,churned,317,261,475,2030,47,0,1130.0,671.4,8,7,iPhone
14087,retained,22,18,74,3111,50,138,2968.3,494.5,4,1,iPhone
14088,retained,224,179,315,3403,91,0,6181.5,3191.7,19,15,iPhone
14089,retained,227,182,427,507,67,209,1414.0,173.2,22,22,Android
14090,churned,22,19,31,903,0,3,1189.4,814.5,7,7,iPhone
14091,retained,24,24,75,2935,58,0,2706.6,835.5,7,7,Android
14092,retained,75,60,181,2765,0,65,2496.4,686.7,29,25,iPhone
14093,retained,29,23,98,1942,297,40,7013.6,3929.5,5,5,iPhone
14094,retained,111,89,128,2600,27,47,4824.8,2373.3,27,21,iPhone
14095,retained,51,41,103,700,190,0,4274.3,905.2,28,18,Android
14096,churned,43,34,85,2726,363,29,4663.7,1639.0,13,12,iPhone
14097,churned,6,6,304,2347,275,1,924.5,642.7,2,2,iPhone
14098,retained,59,48,107,1448,24,0,4539.8,3393.1,22,13,iPhone
14099,retained,63,50,117,3292,119,2,3562.4,2268.6,18,18,iPhone
14100,retained,9,8,436,2806,58,71,5819.0,2327.1,26,24,iPhone
14101,retained,13,13,433,2474,17,123,1553.6,795.7,18,14,iPhone
14102,retained,268,214,502,128,0,16,1843.2,287.7,21,20,iPhone
14103,churned,105,85,117,654,2,0,4461.5,1859.5,3,3,iPhone
14104,retained,157,127,464,621,4,10,2315.1,1059.5,22,21,Android
14105,retained,67,55,356,1525,121,52,5225.5,3806.4,17,10,Android
14106,retained,54,43,64,429,202,26,3583.1,1699.7,28,24,Android
14107,retained,30,29,55,823,12,66,3392.9,2597.8,18,16,Android
14108,retained,83,83,209,2595,678,0,4081.9,2446.4,3,1,Android
14109,retained,279,224,378,1231,55,0,4441.8,2594.7,22,14,iPhone
14110,churned,126,101,135,647,550,0,8004.3,2436.4,10,10,Android
14111,retained,5,5,19,1648,134,44,4107.9,888.2,23,22,Android
14112,churned,56,45,165,1720,30,26,2669.2,1710.4,14,11,Android
14113,retained,113,91,541,2944,374,60,1633.2,1336.8,27,20,iPhone
14114,retained,14,11,197,2012,90,37,1111.0,459.9,25,17,iPhone
14115,retained,46,46,177,804,340,21,10602.6,1172.0,6,3,iPhone
14116,churned,50,40,299,1301,330,139,1440.1,776.0,14,14,iPhone
14117,churned,13,13,83,133,211,0,3330.5,807.5,8,3,iPhone
14118,retained,128,110,203,1235,169,294,2049.1,1042.1,15,15,Android
14119,churned,205,205,227,3166,0,0,5187.6,263.4,12,9,iPhone
14120,churned,140,127,482,2385,30,19,8727.7,4478.5,29,20,iPhone
14121,retained,37,30,216,1753,43,122,10377.0,4731.5,5,5,Android
14122,retained,267,214,288,2958,0,0,1214.4,660.5,25,23,iPhone
14123,retained,179,143,288,1015,14,0,7435.8,4584.5,0,0,iPhone
14124,retained,49,49,81,1304,201,22,3253.5,1380.4,13,13,iPhone
14125,retained,43,35,58,2011,158,0,6708.1,3865.2,16,9,iPhone
14126,retained,44,35,228,1003,0,87,737.2,559.9,17,13,Android
14127,retained,13,13,57,2262,73,13,9680.7,5045.8,1,1,Android
14128,retained,39,32,81,2081,0,6,10121.6,2526.8,19,17,Android
14129,retained,110,88,234,342,153,0,3427.1,890.9,17,13,iPhone
14130,retained,56,47,84,1887,7,0,1715.2,939.6,11,7,Android
14131,retained,225,181,339,1221,36,0,7758.6,2672.8,24,16,iPhone
14132,churned,189,152,336,984,22,38,9804.7,7312.3,2,2,Android
14133,retained,49,49,255,3021,60,30,4841.4,2509.2,30,27,iPhone
14134,retained,33,33,42,2400,5,92,6438.6,2245.5,22,18,iPhone
14135,retained,22,22,349,2754,437,0,5829.0,3426.7,2,2,Android
14136,retained,61,49,108,2878,188,74,2825.6,1784.5,4,1,iPhone
14137,retained,74,59,78,522,133,0,5069.8,2433.1,20,20,Android
14138,retained,93,75,146,356,60,32,2514.8,646.0,29,28,iPhone
14139,retained,50,40,51,3233,0,0,4549.6,3418.5,19,18,iPhone
14140,retained,68,59,261,640,0,0,2873.3,2246.7,25,23,iPhone
14141,retained,249,200,249,23,137,14,1980.2,1050.6,23,20,Android
14142,retained,24,19,78,2331,0,129,4990.9,154.8,12,8,iPhone
14143,retained,37,32,106,2583,0,18,5940.8,4119.5,5,5,iPhone
14144,churned,5,5,82,1358,0,15,3469.0,1909.9,2,0,iPhone
14146,retained,85,69,262,483,0,0,6830.1,2092.9,24,20,iPhone
14147,retained,268,222,423,143,43,0,6727.2,1235.0,18,16,iPhone
14148,retained,44,36,47,246,134,0,7041.6,4716.8,14,8,iPhone
14149,retained,67,67,343,1382,139,0,2778.8,967.6,10,10,Android
14150,churned,42,42,100,1750,39,0,1945.1,1454.3,6,1,iPhone
14151,retained,28,26,527,2837,38,18,7732.2,5578.0,1,0,iPhone
14152,retained,82,66,239,884,101,17,3023.2,1307.6,16,13,Android
14153,churned,23,18,87,11,304,0,4470.1,1988.1,11,11,Android
14154,retained,50,42,220,2136,0,296,1157.8,785.5,27,17,iPhone
14155,retained,49,40,216,554,17,104,2932.0,705.0,15,12,iPhone
14156,retained,54,54,157,3422,0,101,12938.7,5263.4,31,25,iPhone
14157,retained,8,7,140,3151,0,35,3496.5,684.4,25,22,iPhone
14158,retained,5,5,333,1693,91,16,3867.9,1722.0,11,8,iPhone
14159,retained,171,137,312,2160,131,0,6295.5,801.2,29,24,iPhone
14160,retained,145,119,177,1106,0,0,982.7,708.7,16,16,iPhone
14161,retained,23,19,175,3109,93,0,6776.3,3739.7,9,9,iPhone
14162,retained,169,135,213,3197,0,0,2493.1,1424.7,15,10,Android
14163,retained,171,138,188,1047,0,15,4458.4,2660.3,24,24,iPhone
14164,retained,90,78,132,861,0,36,4722.8,947.7,26,25,iPhone
14165,retained,34,27,36,702,77,46,2538.9,1901.1,25,17,Android
14166,retained,17,17,106,3153,140,0,2843.6,1696.3,24,17,iPhone
14167,retained,15,12,113,801,195,86,2825.1,891.7,11,11,Android
14168,retained,1,1,13,756,56,30,4432.5,819.7,15,10,iPhone
14169,churned,30,29,63,1402,247,14,8898.1,1651.1,2,0,Android
14170,retained,147,118,173,2673,76,61,4468.2,1195.0,0,0,iPhone
14171,churned,36,34,190,1258,183,16,2856.6,1884.1,10,9,iPhone
14172,retained,170,136,328,190,0,72,4192.1,745.3,26,22,Android
14173,retained,6,6,252,1050,120,7,2170.5,1644.9,23,19,iPhone
14174,churned,129,105,176,3182,484,50,3997.6,2486.0,1,1,iPhone
14175,retained,61,56,146,197,296,51,3330.4,1848.0,8,5,Android
14176,retained,4,4,86,1565,52,0,2524.7,988.0,13,8,iPhone
14177,retained,156,125,187,890,0,169,3091.0,2013.3,13,13,iPhone
14178,retained,11,11,77,3380,0,64,3846.9,417.6,5,5,iPhone
14179,retained,61,49,66,589,86,73,998.6,284.9,20,20,iPhone
14180,retained,111,90,286,61,333,0,4365.6,3394.7,9,8,iPhone
14181,retained,80,67,357,3176,30,2,3966.2,2286.2,9,9,iPhone
14182,retained,45,38,117,2949,531,31,2211.5,471.0,24,16,Android
14183,retained,106,88,410,2158,38,0,2616.4,2140.3,17,12,iPhone
14184,retained,84,69,143,931,0,0,4795.7,1690.3,12,5,iPhone
14185,retained,113,91,182,2829,697,51,7338.4,3422.0,19,10,iPhone
14186,retained,70,58,71,689,0,54,5116.8,555.4,7,5,iPhone
14187,retained,89,72,229,381,0,7,4735.3,2443.3,19,12,iPhone
14188,retained,16,13,223,3003,96,54,4138.2,1937.4,11,11,iPhone
14189,retained,47,44,68,3275,119,27,4307.3,1631.2,15,15,iPhone
14190,retained,58,48,209,1602,431,0,4195.8,1896.0,31,27,iPhone
14191,retained,91,77,250,3172,207,25,5293.2,3375.3,20,20,iPhone
14192,retained,15,12,41,1594,215,21,2115.2,1439.2,24,16,iPhone
14193,retained,49,40,68,832,251,15,5165.3,1703.9,17,10,iPhone
14194,retained,21,20,34,658,12,11,2493.7,497.6,5,5,iPhone
14195,retained,31,25,178,319,421,38,2891.0,454.1,15,15,iPhone
14196,retained,223,179,416,2785,0,47,7064.2,2130.8,29,23,iPhone
14197,retained,118,103,173,2648,31,14,6824.3,3191.8,8,6,iPhone
14198,retained,69,55,104,1691,667,0,4960.9,2481.8,8,5,iPhone
14199,retained,60,50,77,238,81,74,4844.8,1934.8,29,25,iPhone
14200,retained,4,4,10,2904,0,48,2182.9,1325.1,3,3,iPhone
14201,retained,87,70,239,467,112,34,6298.1,3780.1,17,12,iPhone
14202,retained,40,32,52,1893,112,113,6269.9,2477.6,22,15,iPhone
14203,churned,58,48,79,1801,16,0,1553.5,1124.1,5,0,iPhone
14204,retained,210,168,250,3255,0,57,8550.5,5383.6,14,11,iPhone
14205,retained,84,68,195,2160,191,73,1598.4,212.1,9,9,Android
14206,retained,240,193,284,3142,696,0,1046.9,753.8,9,9,iPhone
14207,churned,16,16,286,565,354,63,1955.2,1276.1,10,8,iPhone
14208,retained,98,86,214,1335,214,8,3481.2,2009.2,30,28,iPhone
14209,retained,22,18,50,1943,0,0,6793.6,4937.9,14,11,Android
14210,retained,159,129,185,982,224,1,5378.4,2479.3,18,13,iPhone
14211,retained,21,17,26,3084,29,54,5065.3,3144.1,26,24,iPhone
14213,churned,194,155,303,245,112,0,4513.3,3320.3,2,1,iPhone
14214,retained,30,28,80,1714,273,2,3896.9,767.5,15,9,Android
14215,churned,48,39,275,1108,154,0,3405.6,1844.9,25,16,iPhone
14216,retained,85,68,85,1426,171,3,3196.3,632.1,8,8,iPhone
14217,retained,35,33,47,628,47,0,1732.1,922.7,26,19,iPhone
14218,retained,13,13,90,2231,219,21,1143.5,363.8,21,16,Android
14219,retained,8,7,76,1378,0,55,3780.9,645.1,27,26,iPhone
14220,churned,221,181,230,583,101,0,2038.0,1464.0,13,12,iPhone
14222,retained,53,53,147,2815,292,5,2831.3,2178.6,28,24,iPhone
14223,retained,60,49,545,2877,51,67,3034.6,2016.2,9,7,Android
14225,retained,94,76,154,3294,26,0,3342.4,1799.1,4,1,Android
14226,retained,130,108,324,1962,11,26,3641.8,2959.1,17,13,iPhone
14227,retained,48,48,345,2076,0,17,1393.5,882.2,22,14,iPhone
14228,churned,56,56,135,3153,0,1,3289.4,918.6,8,3,Android
14229,retained,29,25,45,3401,99,0,3078.4,491.1,0,0,iPhone
14230,retained,96,83,246,2153,71,30,6758.8,4183.9,17,15,iPhone
14233,retained,128,113,233,402,186,0,8971.6,5566.7,13,12,iPhone
14234,retained,158,127,302,1855,1,0,5621.9,1949.0,27,25,Android
14235,retained,3,3,16,27,0,20,5438.9,689.8,27,23,Android
14236,retained,256,205,309,2539,188,25,3966.3,170.6,0,0,Android
14237,retained,147,118,349,3365,7,37,2523.8,977.8,21,17,Android
14238,retained,10,9,155,1727,187,0,2962.1,1981.9,27,25,Android
14239,retained,89,71,267,79,14,179,3218.5,2526.8,27,18,iPhone
14240,retained,30,29,50,447,177,0,2760.8,1323.0,19,19,iPhone
14241,retained,305,251,321,2598,0,0,3301.0,2215.8,10,10,iPhone
14242,retained,75,65,126,3237,143,0,6436.6,2976.8,18,18,iPhone
14243,retained,148,121,304,1613,261,0,5860.5,3036.0,20,13,Android
14244,retained,68,54,70,255,464,2,6096.1,4529.2,28,20,iPhone
14246,churned,20,16,40,1851,42,96,4853.2,2972.9,7,3,iPhone
14247,retained,25,21,107,3184,21,0,1872.6,904.2,1,1,Android
14248,retained,6,6,105,2773,3,34,1555.7,932.6,21,16,Android
14249,retained,147,118,327,3280,0,15,1231.4,221.7,23,13,iPhone
14250,churned,161,130,243,929,0,16,5963.5,3096.5,0,0,iPhone
14251,churned,101,81,119,3371,219,0,1807.1,1101.6,3,0,iPhone
14252,retained,343,280,368,711,0,20,7024.3,2714.4,22,19,Android
14253,retained,73,59,99,1005,172,43,2164.7,659.8,6,1,iPhone
14254,retained,45,36,51,1064,0,39,2520.9,1882.6,7,7,iPhone
14255,retained,22,18,67,1423,79,82,2202.2,35.7,21,14,iPhone
14256,retained,72,58,208,1963,257,192,3028.2,138.2,25,20,Android
14257,retained,11,11,80,763,0,0,14187.7,5881.1,27,22,iPhone
14258,retained,99,80,100,2937,238,0,8923.8,2820.5,9,9,Android
14260,retained,1,1,47,1701,0,160,1545.5,832.8,30,22,iPhone
14262,retained,15,15,62,3447,0,297,2380.3,790.9,26,22,Android
14263,retained,22,18,41,1086,7,27,744.9,425.3,17,13,Android
14264,retained,56,50,72,1799,0,80,3605.4,2653.8,17,11,iPhone
14265,retained,5,5,90,3007,302,43,6329.6,2928.1,21,18,Android
14266,retained,11,9,164,2065,77,100,1708.2,893.3,6,6,iPhone
14267,retained,16,16,21,1533,348,182,4386.3,1799.2,27,17,iPhone
14269,churned,67,67,146,1184,19,217,6482.5,2844.8,7,7,iPhone
14271,retained,6,5,386,1492,230,0,2316.3,1350.3,17,17,Android
14272,retained,19,15,254,3324,106,56,2850.1,1604.9,10,10,iPhone
14273,retained,371,297,668,144,16,47,4381.3,1981.0,25,16,iPhone
14274,retained,76,62,267,3432,159,115,2522.6,1031.9,24,23,Android
14275,retained,88,71,222,1584,511,73,706.4,465.6,17,12,iPhone
14276,retained,18,15,20,329,565,103,1525.1,1023.5,26,22,iPhone
14277,retained,71,57,163,969,75,0,2618.5,1066.1,29,25,iPhone
14278,churned,21,17,48,3341,416,14,2265.7,652.3,10,4,iPhone
14279,retained,232,187,349,2381,122,0,10804.8,7118.8,12,5,iPhone
14280,retained,11,9,129,2910,6,67,2634.1,1286.3,13,9,iPhone
14281,retained,57,53,123,1778,0,0,4723.8,3518.3,28,20,Android
14282,churned,53,45,133,2916,225,0,6033.9,1656.9,16,10,Android
14283,retained,177,145,209,2468,160,20,2697.5,557.7,30,22,Android
14284,retained,73,59,101,2169,19,0,2679.7,1248.1,19,18,iPhone
14285,retained,182,147,260,1059,691,0,4173.0,2827.9,11,10,Android
14286,churned,347,283,394,385,3,13,3510.1,1165.1,2,2,Android
14287,churned,32,28,155,1323,136,24,3212.2,751.6,10,10,iPhone
14288,retained,121,97,166,1699,315,19,8625.0,5601.2,17,10,iPhone
14289,retained,22,18,105,2037,0,12,1491.7,1229.5,14,12,iPhone
14290,retained,20,18,48,14,0,31,5405.1,2671.2,14,9,Android
14291,retained,20,18,200,1262,0,35,3688.0,1381.3,21,17,iPhone
14292,retained,18,17,39,2470,0,94,5240.3,934.3,24,24,iPhone
14293,retained,310,248,318,1819,61,0,1076.4,896.0,23,23,iPhone
14294,retained,198,163,291,3223,0,0,8827.4,6371.7,18,18,iPhone
14295,retained,68,68,106,414,366,32,4189.3,2504.9,26,18,iPhone
14296,retained,13,12,77,3067,501,41,4441.7,1591.1,19,13,Android
14297,retained,4,4,11,1306,0,0,4527.3,1101.3,1,0,Android
14298,retained,9,9,250,2983,0,182,7572.6,5223.7,22,15,Android
14299,retained,142,117,199,1178,3,0,3284.9,2477.6,18,14,iPhone
14300,retained,15,12,18,95,52,0,1454.2,367.2,17,13,iPhone
14301,retained,17,14,57,3448,122,7,5038.3,4135.9,8,2,iPhone
14303,retained,70,58,94,2901,0,0,6318.3,2095.2,23,23,iPhone
14304,retained,160,128,598,3241,4,37,4482.6,2032.0,20,19,Android
14305,churned,9,7,36,1073,79,5,7993.5,563.7,11,7,Android
14306,retained,350,284,650,1773,109,35,6770.6,1997.0,25,19,iPhone
14307,retained,0,0,13,140,16,14,2757.2,933.2,29,28,Android
14309,churned,75,61,120,1546,3,0,5154.4,3372.6,4,1,iPhone
14310,retained,46,37,220,1587,47,0,1822.8,789.5,20,19,iPhone
14311,retained,94,76,154,392,44,0,1188.1,903.7,6,6,iPhone
14312,retained,177,144,195,750,48,0,3824.6,1224.2,25,15,iPhone
14313,churned,134,107,276,49,350,25,4572.0,3162.0,12,11,Android
14314,retained,65,52,289,2330,51,60,2417.5,1758.3,7,6,iPhone
14315,retained,52,46,102,3225,526,35,2103.7,854.9,19,18,iPhone
14316,retained,45,45,191,2262,142,19,6175.8,1337.9,16,16,iPhone
14317,retained,50,41,322,1107,25,24,8513.5,702.5,24,24,iPhone
14318,churned,17,17,48,2093,254,210,5887.3,4720.7,8,8,Android
14319,retained,39,31,159,1481,10,75,3847.2,2646.7,7,3,Android
14320,churned,20,16,254,3294,79,0,2319.5,1262.1,6,3,Android
14321,retained,13,11,14,2749,138,0,6138.4,4936.7,23,23,iPhone
14322,churned,177,142,439,2261,0,1,3052.5,901.9,24,17,iPhone
14323,retained,87,70,142,2246,264,0,3215.0,2230.0,9,9,iPhone
14324,churned,28,28,76,3060,119,79,6565.8,4140.0,19,10,iPhone
14325,retained,93,75,211,2724,28,0,2813.0,1049.8,13,13,iPhone
14326,retained,9,7,74,1982,118,69,2464.5,865.9,6,6,Android
14327,retained,20,17,45,2169,28,0,6693.2,657.0,7,7,iPhone
14328,retained,147,118,380,317,0,0,4325.7,881.0,27,22,iPhone
14330,retained,31,25,93,1666,22,0,2833.6,1217.2,10,4,iPhone
14331,retained,129,108,145,498,362,0,1428.3,1149.8,26,24,iPhone
14332,retained,22,17,742,1644,130,0,4011.2,1940.8,30,28,iPhone
14333,retained,157,126,390,3045,87,69,7405.7,4878.0,4,4,iPhone
14334,churned,137,110,150,2880,0,57,2027.3,1352.0,1,0,Android
14335,churned,76,61,200,1371,256,0,3892.8,980.5,9,7,iPhone
14336,retained,9,7,42,2801,173,10,4128.1,1989.8,20,12,Android
14337,retained,63,51,172,1080,72,0,3323.5,884.8,10,5,iPhone
14338,retained,19,16,44,1930,486,68,3955.7,2350.7,9,4,iPhone
14339,retained,13,11,70,2164,21,0,3569.9,2873.5,9,7,Android
14340,retained,29,24,58,3176,92,0,759.5,474.6,2,2,Android
14341,churned,18,15,20,944,36,20,11921.0,4070.4,11,8,Android
14342,retained,165,132,393,1658,56,5,4660.1,2535.0,11,4,Android
14343,retained,25,25,56,2806,0,0,5337.5,948.2,1,0,Android
14344,retained,38,31,110,1952,242,41,5605.9,1350.6,8,6,iPhone
14345,retained,92,75,135,164,102,0,5358.1,667.8,14,12,iPhone
14346,retained,30,25,226,1885,354,86,1353.4,506.2,16,11,Android
14347,retained,26,21,90,2793,170,18,5633.9,2562.6,5,4,Android
14348,retained,78,64,141,2861,43,3,735.3,552.5,16,10,iPhone
14349,retained,109,90,146,2976,26,3,931.7,677.6,18,16,Android
14350,retained,392,316,463,2499,20,0,6694.8,3873.2,7,2,iPhone
14351,retained,20,17,63,2381,0,0,2340.7,1666.2,1,0,Android
14352,retained,52,47,116,606,575,0,2206.7,1576.2,11,8,Android
14353,retained,20,16,90,1518,0,0,4711.8,2891.1,25,20,iPhone
14354,retained,78,63,99,508,0,12,3068.3,2271.8,14,9,iPhone
14355,retained,165,134,219,2059,0,1,8991.7,4218.9,6,3,Android
14356,retained,10,10,260,2887,59,0,1918.6,983.2,15,13,iPhone
14358,retained,50,44,171,312,0,0,1877.9,1157.5,31,23,iPhone
14359,churned,46,37,259,1543,0,0,2417.1,1893.4,5,0,iPhone
14360,retained,14,14,17,34,19,11,11105.5,2025.6,7,7,iPhone
14361,retained,99,79,124,1023,171,42,1450.6,250.7,20,15,iPhone
14362,retained,43,35,270,1433,20,19,12250.1,6940.6,18,16,Android
14363,retained,98,80,450,2757,215,0,2345.1,1097.2,15,8,iPhone
14364,churned,80,64,139,3084,9,134,5722.0,2169.3,4,4,iPhone
14365,retained,16,14,148,2379,13,36,4790.8,2773.2,3,0,iPhone
14366,retained,18,15,159,3303,0,12,3001.1,2225.3,29,19,Android
14367,churned,35,28,161,1464,0,30,3427.5,2172.7,22,19,iPhone
14368,retained,200,191,206,65,96,29,2036.8,1330.8,6,5,Android
14369,retained,540,433,691,2126,94,8,8246.2,6784.2,12,6,Android
14370,churned,94,78,123,817,395,0,1559.4,1049.6,0,0,iPhone
14371,retained,92,79,178,3458,426,28,2605.2,1709.6,24,24,Android
14372,retained,7,5,119,2844,0,0,2810.4,428.2,11,5,iPhone
14373,retained,149,149,916,1618,0,97,6037.2,419.1,18,14,Android
14374,retained,69,56,98,1546,92,0,3993.2,2429.1,21,13,iPhone
14375,retained,103,83,197,863,0,0,4899.2,3494.8,0,0,iPhone
14376,churned,158,130,217,1529,329,0,3862.9,2780.8,4,1,Android
14377,retained,82,82,115,2581,0,247,8362.8,258.1,6,5,Android
14378,retained,33,33,57,2659,241,132,7403.2,1728.6,7,4,iPhone
14379,retained,6,6,13,541,235,0,1180.2,916.6,2,2,iPhone
14380,churned,118,95,153,655,0,0,1400.5,1149.8,13,6,iPhone
14381,churned,93,76,185,136,77,71,4020.9,609.9,2,0,iPhone
14382,retained,167,134,344,1504,27,24,2815.3,446.0,2,2,iPhone
14383,retained,212,176,245,2264,153,0,4148.4,1395.6,25,18,iPhone
14384,retained,152,123,315,789,0,0,4181.7,1339.6,5,0,iPhone
14385,retained,11,11,44,3031,69,0,4861.3,2329.8,16,13,Android
14386,retained,1,1,17,3324,14,0,6142.0,2756.7,31,23,Android
14387,retained,24,19,377,1560,101,0,3828.9,1823.9,4,1,iPhone
14388,retained,20,20,21,2370,0,4,1686.8,497.5,27,21,iPhone
14389,retained,123,99,207,222,356,8,3763.5,2041.5,19,16,iPhone
14390,retained,46,38,163,861,0,0,10993.9,2816.7,5,0,Android
14391,churned,26,26,280,1465,42,0,3470.6,851.3,7,4,iPhone
14392,retained,38,30,48,1553,96,0,2325.7,1545.8,20,15,iPhone
14393,retained,24,19,45,3219,2,72,691.8,295.7,21,13,iPhone
14394,retained,94,75,133,2397,48,0,1955.3,1291.6,15,15,iPhone
14395,retained,2,2,9,684,121,0,6181.4,2262.1,10,10,iPhone
14396,retained,40,34,92,1859,82,0,1487.0,1084.3,4,0,iPhone
14397,retained,9,8,112,823,0,0,4058.5,891.7,21,15,Android
14398,retained,24,20,162,1144,0,0,2496.2,868.7,31,28,iPhone
14399,retained,64,58,105,886,285,37,8803.2,3373.1,26,22,iPhone
14400,retained,188,154,265,822,0,0,4841.4,2350.6,12,10,iPhone
14401,retained,111,90,183,1454,376,237,6053.1,2032.5,16,16,Android
14402,retained,24,24,333,493,67,12,4295.2,1310.4,25,22,Android
14403,retained,189,152,201,559,295,0,3394.5,2558.2,27,26,iPhone
14404,churned,150,120,246,1166,496,2,863.0,239.5,14,9,iPhone
14405,retained,84,68,225,3240,0,71,8658.3,2070.8,30,25,Android
14406,churned,49,40,163,212,0,9,3317.1,937.1,8,7,Android
14407,retained,168,134,260,1145,9,17,2777.3,1453.4,30,19,iPhone
14408,retained,135,110,359,3476,0,0,5761.8,710.7,31,26,Android
14409,retained,57,50,314,3398,0,6,1126.6,913.6,12,12,Android
14410,churned,97,80,220,2678,73,24,1284.3,933.4,4,4,iPhone
14411,retained,0,0,472,1746,126,0,3148.1,1685.4,20,18,Android
14412,churned,97,80,185,905,15,74,3482.1,1570.7,25,19,iPhone
14413,churned,7,6,133,1168,0,8,3279.3,526.4,3,2,iPhone
14414,retained,78,63,123,1685,110,0,2226.0,1354.6,29,25,iPhone
14415,churned,36,36,112,2347,190,4,3178.4,555.6,25,21,iPhone
14416,retained,216,173,324,3260,26,6,2310.6,954.8,17,13,Android
14417,retained,9,8,76,3256,133,17,1465.1,649.2,9,4,iPhone
14418,retained,115,98,127,2486,77,0,1439.6,482.9,29,23,iPhone
14419,retained,39,39,296,734,112,12,5613.6,3959.0,10,10,iPhone
14420,retained,119,95,124,2454,30,49,6959.0,4401.1,23,21,iPhone
14421,retained,52,46,187,2951,47,17,4043.9,2452.2,26,17,Android
14422,retained,24,19,182,1425,0,19,3124.5,1493.0,28,21,Android
14423,retained,25,25,282,1368,0,40,3921.1,956.0,22,15,Android
14424,retained,154,123,240,2353,184,48,2663.5,2019.8,11,11,Android
14425,churned,132,123,167,3477,316,0,4283.3,991.6,14,7,iPhone
14426,retained,26,21,115,2749,231,284,2341.6,1295.1,4,4,iPhone
14427,retained,22,22,65,365,33,0,5198.3,3587.7,30,22,iPhone
14428,retained,6,5,42,2928,0,28,713.9,110.4,8,8,Android
14429,retained,24,19,346,3343,254,0,2126.0,839.6,25,21,Android
14430,retained,152,122,154,3171,77,0,5676.0,3733.4,4,2,Android
14431,retained,234,187,352,2658,289,10,1990.8,527.0,21,13,Android
14432,retained,78,62,80,226,63,37,3658.7,120.6,18,14,iPhone
14433,retained,16,13,90,1650,83,0,6539.5,2250.2,15,13,Android
14434,retained,18,15,122,914,20,25,3865.4,1096.3,19,19,iPhone
14435,retained,111,89,309,1230,16,142,3404.0,1652.7,23,15,iPhone
14436,retained,28,23,258,2253,237,7,1791.5,1193.0,12,11,iPhone
14437,retained,8,8,24,3142,0,0,2185.0,793.1,7,7,iPhone
14438,retained,43,37,156,2624,46,0,1652.8,836.7,29,19,iPhone
14439,retained,69,69,100,3256,0,0,3956.5,1283.1,25,16,iPhone
14440,retained,40,32,242,1061,348,0,5089.6,1721.9,28,27,iPhone
14441,retained,156,127,348,1777,399,54,2428.9,1222.1,22,22,iPhone
14442,retained,178,145,286,2874,0,15,5586.8,2424.5,27,22,iPhone
14443,retained,113,93,133,3365,95,27,4940.7,2331.7,8,5,iPhone
14444,retained,59,59,287,2147,0,23,973.9,753.5,26,24,Android
14445,retained,128,104,299,807,0,30,4984.8,3085.1,22,21,iPhone
14446,retained,179,145,418,1339,190,0,1653.2,1355.5,7,1,iPhone
14447,retained,26,21,148,3142,32,0,3316.0,2222.7,27,24,Android
14448,retained,162,131,184,675,27,53,772.5,450.3,31,27,Android
14449,retained,150,120,419,1332,323,28,2410.8,1638.5,18,10,Android
14450,churned,7,6,357,62,0,20,3371.1,1598.4,10,9,iPhone
14451,retained,12,10,139,1638,0,1,1192.4,698.9,23,17,iPhone
14452,retained,54,43,306,1757,118,0,4940.8,2840.2,21,15,iPhone
14453,retained,106,85,142,1258,30,0,1505.6,244.3,12,5,iPhone
14454,retained,61,52,284,535,0,0,3611.5,823.7,31,24,Android
14455,churned,41,35,108,99,96,62,8728.5,2537.0,8,2,iPhone
14456,churned,64,64,121,390,78,0,1195.4,428.8,20,15,Android
14457,retained,160,131,263,2295,9,20,1958.0,1581.3,14,11,Android
14458,retained,25,20,51,1611,192,50,592.9,318.8,4,2,iPhone
14459,retained,175,143,186,752,150,11,5943.0,3944.4,9,3,iPhone
14460,retained,37,30,45,3371,110,33,4405.2,790.6,30,22,iPhone
14461,retained,245,203,393,1820,163,0,1416.6,933.9,1,0,iPhone
14462,retained,60,51,190,1358,34,31,6322.9,1145.6,31,26,iPhone
14463,retained,62,50,108,894,0,0,2179.8,1525.7,19,14,Android
14464,retained,34,28,118,1778,31,0,673.3,355.3,16,16,Android
14465,retained,125,101,130,1362,250,25,6208.8,1968.1,29,25,Android
14466,retained,8,7,92,3238,98,12,2578.3,1627.0,13,12,iPhone
14467,retained,8,8,22,500,158,10,2248.2,1846.4,30,23,Android
14468,churned,32,26,105,1821,0,71,4010.5,2555.0,15,9,iPhone
14469,retained,12,9,44,1988,116,0,2539.4,801.0,23,16,iPhone
14470,retained,244,195,307,2540,117,0,1956.5,1001.6,15,15,Android
14471,retained,129,103,270,89,759,0,1865.2,867.6,28,18,Android
14472,churned,82,69,173,2628,41,24,2740.0,884.2,2,2,iPhone
14473,churned,154,125,210,3430,210,0,2665.8,1788.3,13,10,Android
14474,churned,59,49,114,832,425,1,4604.4,3383.3,8,2,Android
14475,retained,39,32,222,2242,0,43,1801.4,314.0,9,7,Android
14476,retained,37,30,50,177,68,23,4162.5,1917.8,25,21,Android
14477,retained,35,28,80,895,105,65,6142.2,1083.8,27,26,Android
14478,churned,42,36,160,552,467,65,2695.7,1126.7,4,1,iPhone
14479,retained,223,184,356,3386,0,29,4943.3,2357.6,18,10,Android
14480,retained,115,96,135,3438,0,39,5942.8,3251.4,8,7,iPhone
14482,retained,4,4,55,1938,0,20,5151.9,1572.0,1,1,iPhone
14483,retained,92,75,546,2984,244,119,1881.1,1256.7,24,15,Android
14484,retained,13,12,73,257,214,6,7453.1,1340.3,19,15,Android
14485,retained,164,132,268,1376,191,30,4342.1,1697.5,3,0,Android
14486,retained,30,24,133,1655,19,12,3786.4,1807.1,25,21,iPhone
14488,retained,23,21,68,2152,164,105,936.0,551.7,19,19,iPhone
14489,churned,28,22,54,1648,711,0,5396.1,4224.3,2,2,iPhone
14490,retained,110,102,145,3104,125,0,6046.8,1560.4,20,15,iPhone
14491,retained,35,32,47,3361,409,1,3707.4,2934.5,20,15,Android
14492,retained,95,76,149,639,26,19,2077.5,1341.6,30,26,iPhone
14493,retained,49,40,80,2466,165,122,992.4,676.7,29,21,iPhone
14494,retained,11,11,19,3254,72,200,1316.9,211.4,7,3,Android
14495,retained,83,72,157,375,0,0,6256.4,4068.7,22,22,iPhone
14496,retained,70,70,144,2256,66,0,7909.2,5671.3,6,2,iPhone
14498,retained,87,73,140,3019,80,0,3794.7,2758.6,8,8,iPhone
14499,retained,58,47,70,323,0,46,1658.2,369.8,26,17,Android
14500,churned,17,14,83,77,348,54,6677.6,2584.1,1,1,Android
14501,retained,27,25,133,1033,30,65,6228.2,3383.0,7,7,Android
14502,retained,35,29,43,1094,36,0,773.4,407.1,6,5,Android
14503,churned,74,60,217,2712,100,0,2419.2,989.7,16,8,Android
14504,retained,432,350,606,302,300,66,2685.4,2098.8,21,16,iPhone
14505,retained,81,65,95,1675,0,28,4256.2,3134.1,16,11,Android
14506,churned,189,168,254,414,66,32,10915.5,4467.8,13,7,Android
14507,retained,105,87,110,1141,3,0,4397.7,974.1,2,0,iPhone
14508,retained,58,54,237,3148,0,9,1330.5,537.3,19,12,iPhone
14509,churned,9,9,241,3064,146,44,5754.4,4488.0,26,23,Android
14510,retained,65,53,109,1615,314,14,3835.5,1758.1,25,18,iPhone
14511,retained,32,26,59,1424,55,0,506.1,413.9,17,17,Android
14512,retained,11,10,67,1581,31,21,2743.7,1107.7,14,7,iPhone
14513,retained,8,8,176,659,466,0,1696.2,922.0,26,20,Android
14514,churned,26,22,84,1130,12,3,2957.9,607.3,10,5,Android
14516,retained,20,16,102,2562,231,64,3263.9,446.0,2,0,iPhone
14517,retained,86,70,113,854,115,0,2269.7,1604.8,31,25,iPhone
14518,retained,6,5,412,709,266,0,3907.2,2349.5,16,8,iPhone
14519,retained,110,88,156,69,33,0,1452.2,944.4,12,9,iPhone
14520,churned,143,115,243,1951,201,9,1039.7,561.2,6,0,Android
14521,retained,29,24,276,1404,6,107,3890.2,1857.0,16,16,iPhone
14523,churned,436,349,449,1474,136,44,3517.2,2452.4,27,17,iPhone
14524,retained,46,38,83,3086,145,0,3928.1,2061.6,16,12,iPhone
14525,churned,27,22,152,366,186,23,2797.5,203.8,4,2,iPhone
14526,retained,158,128,233,2685,311,26,4173.7,1964.2,14,10,iPhone
14527,retained,2,2,54,1188,652,0,7043.6,4089.7,13,13,Android
14528,retained,101,81,387,1079,175,11,5720.3,3393.8,13,7,iPhone
14529,retained,66,55,85,1830,71,0,2096.5,1045.9,13,13,iPhone
14530,retained,190,163,430,2730,55,0,2220.0,1280.4,5,5,iPhone
14531,retained,92,74,199,3292,107,55,680.2,456.1,27,19,Android
14532,retained,47,38,107,499,90,25,3143.1,1051.0,20,16,Android
14533,retained,60,48,91,486,62,0,3661.7,2897.2,14,14,iPhone
14534,retained,4,4,506,3289,349,0,3996.9,405.6,25,22,iPhone
14535,retained,60,51,84,646,78,0,6163.5,2814.8,17,16,iPhone
14536,retained,85,70,217,61,199,14,2724.8,1537.6,21,20,iPhone
14537,retained,2,2,5,3386,43,0,4374.0,1103.3,13,13,Android
14538,retained,143,116,316,986,157,6,1597.5,1239.2,16,16,iPhone
14539,retained,189,152,190,3339,406,60,6914.9,870.7,23,14,iPhone
14540,retained,70,58,500,3042,187,79,3509.8,2121.6,8,6,Android
14541,retained,9,8,14,2149,168,80,1587.1,1283.5,11,11,iPhone
14543,retained,19,15,29,207,91,0,527.8,186.9,22,19,iPhone
14544,retained,217,174,511,790,427,0,1517.3,708.9,9,3,iPhone
14545,retained,3,3,24,846,136,0,4810.2,1553.3,9,9,iPhone
14546,retained,55,45,130,2456,506,24,4754.1,1937.0,28,27,iPhone
14547,retained,5,5,27,367,0,0,4723.1,2321.6,19,12,iPhone
14548,retained,6,5,18,2677,32,36,2380.0,1287.4,14,12,iPhone
14549,retained,0,0,97,2732,425,16,1394.6,573.6,18,10,iPhone
14550,retained,87,70,138,756,42,31,3224.8,2130.1,6,0,iPhone
14552,retained,31,25,199,1837,65,0,7942.6,1959.2,1,0,Android
14553,retained,161,129,166,40,59,37,2961.7,651.7,1,0,iPhone
14554,retained,4,4,84,2352,63,0,777.2,447.6,14,14,iPhone
14555,retained,55,47,147,2315,82,0,2920.3,928.9,11,9,Android
14556,retained,195,158,220,1897,135,61,6770.1,770.3,29,26,Android
14557,retained,191,154,222,241,105,10,2663.5,1606.6,28,22,iPhone
14558,churned,48,40,155,737,193,22,2825.5,2026.6,6,3,iPhone
14559,retained,24,22,359,2971,18,39,5208.7,2880.2,22,13,iPhone
14561,retained,76,61,94,496,668,18,2960.5,1464.0,24,17,iPhone
14562,retained,0,0,20,1355,83,98,1805.2,271.4,23,17,iPhone
14563,retained,255,205,338,2542,41,0,1707.7,1215.6,28,25,iPhone
14564,retained,510,409,820,1824,38,40,2036.5,1608.0,3,3,Android
14566,churned,19,16,82,2340,0,1,3754.4,2565.3,1,0,iPhone
14567,retained,5,5,345,3104,31,24,7567.1,5471.3,27,22,Android
14568,retained,49,49,503,1088,0,136,3467.6,2325.6,11,6,iPhone
14569,retained,141,114,154,3202,25,0,1730.1,303.8,15,15,iPhone
14570,churned,63,58,174,972,286,0,8387.5,328.2,6,6,iPhone
14571,retained,13,11,14,2583,44,54,3878.5,1984.5,8,8,Android
14572,retained,121,101,125,1618,610,91,1520.1,1087.5,20,12,Android
14574,retained,31,25,93,3082,121,0,2132.0,83.0,19,14,Android
14575,retained,47,39,61,1471,52,0,1859.3,739.0,29,23,Android
14576,churned,46,46,209,2434,0,0,5029.3,2228.0,9,7,iPhone
14577,retained,290,232,372,3130,100,51,2845.6,987.1,27,25,Android
14578,retained,94,78,118,1403,163,13,3534.7,1555.6,7,7,iPhone
14579,churned,238,191,340,791,67,0,3196.1,789.5,23,22,iPhone
14580,retained,27,22,45,1487,214,73,4010.5,2927.5,17,13,iPhone
14581,retained,213,177,603,2648,203,7,2448.2,1726.7,23,23,iPhone
14582,churned,13,11,408,511,63,0,5803.0,4579.8,6,2,iPhone
14583,retained,28,23,62,3363,64,0,5987.8,2691.6,1,0,iPhone
14584,retained,10,10,540,3089,79,0,2713.9,1774.6,14,8,iPhone
14585,retained,112,109,318,2917,0,22,5587.0,3624.5,13,13,Android
14586,retained,97,78,103,1968,111,0,2776.6,1185.0,13,10,iPhone
14587,retained,103,82,199,393,324,105,2692.8,697.1,16,14,iPhone
14588,retained,420,342,444,2423,27,10,2618.6,1865.1,2,2,Android
14589,retained,114,91,357,1955,0,0,5571.0,2311.9,17,14,iPhone
14590,retained,41,33,58,1973,13,0,2766.3,1807.4,19,11,iPhone
14591,churned,278,224,336,1491,109,0,1384.0,500.0,4,0,Android
14592,retained,74,63,87,2408,151,93,7300.5,1230.4,18,16,iPhone
14593,retained,29,29,86,3029,29,26,2422.1,1717.8,24,18,iPhone
14594,retained,50,47,180,2449,19,9,8398.3,3571.4,9,9,iPhone
14596,retained,34,29,898,1312,26,0,2454.1,1089.5,12,11,iPhone
14597,retained,107,88,689,1899,338,48,879.2,590.8,22,20,Android
14598,retained,28,28,288,899,44,5,5055.9,976.6,14,6,iPhone
14599,retained,103,84,200,2247,39,0,4684.2,1238.8,3,0,iPhone
14600,retained,37,30,127,563,678,20,4225.4,2753.9,30,26,iPhone
14601,retained,235,189,237,1862,0,0,2587.6,403.2,29,20,iPhone
14603,retained,7,7,231,1843,0,46,6970.8,1091.0,12,5,iPhone
14604,retained,61,50,73,1111,61,0,7199.1,2738.1,30,20,Android
14605,retained,5,4,9,603,440,0,5075.9,2160.1,16,16,Android
14606,retained,102,82,104,1709,0,2,7860.9,803.1,23,22,iPhone
14607,retained,66,53,141,2392,10,95,1022.6,735.8,30,19,Android
14608,retained,132,105,205,2352,182,0,4659.4,3491.9,21,21,Android
14609,retained,173,141,177,167,0,0,5312.6,1640.8,7,6,Android
14610,retained,17,14,46,485,371,14,10141.4,6427.4,30,19,iPhone
14611,retained,16,14,123,1425,84,0,4631.3,2130.3,22,17,iPhone
14612,retained,122,98,134,2663,0,22,1099.9,577.8,7,6,iPhone
14613,churned,35,28,161,774,168,0,4706.5,3435.7,1,0,Android
14614,retained,115,95,260,2807,23,28,2060.0,694.8,26,24,iPhone
14615,retained,11,9,76,2447,0,10,5387.9,2400.7,11,5,iPhone
14616,retained,7,7,159,1485,0,0,2487.4,1178.3,19,11,Android
14617,retained,3,3,464,1977,0,13,13458.6,9686.0,22,15,iPhone
14618,retained,1,1,25,1442,0,0,2046.2,678.8,7,2,iPhone
14619,churned,2,1,45,770,0,0,540.4,342.9,18,10,iPhone
14620,retained,22,22,136,2524,0,0,7322.5,3609.0,18,10,Android
14621,retained,31,31,35,1971,0,0,2255.8,1665.0,8,8,iPhone
14622,retained,59,50,117,62,0,28,2942.6,1625.7,2,0,iPhone
14623,retained,13,11,128,59,168,123,1263.1,429.8,23,15,Android
14624,churned,13,11,136,3218,218,83,4503.3,661.9,10,8,iPhone
14625,retained,30,28,94,794,0,5,1294.3,625.9,20,17,Android
14626,churned,14,12,140,2471,610,32,1269.9,978.9,11,7,iPhone
14627,retained,82,66,214,2970,138,6,4967.7,3949.3,21,15,Android
14628,retained,370,302,406,1718,28,63,5156.9,2112.4,10,3,iPhone
14629,retained,105,84,559,2843,0,137,12898.7,1161.5,12,8,Android
14630,retained,77,62,228,1667,30,0,8394.5,885.4,2,0,iPhone
14632,retained,23,19,87,2623,73,0,3589.2,2748.1,5,5,Android
14633,retained,134,115,288,3028,322,0,2794.6,981.2,25,21,Android
14634,retained,55,44,181,3063,119,0,1304.1,886.6,15,13,Android
14635,retained,60,48,86,1010,112,0,9304.5,2517.9,22,20,Android
14636,retained,20,19,94,2148,340,0,14867.8,6615.2,6,1,iPhone
14637,retained,51,41,84,3307,127,0,3532.2,1703.9,9,5,iPhone
14638,retained,7,7,12,1974,15,35,8150.6,6057.2,8,4,iPhone
14639,retained,100,81,131,3018,66,39,805.9,650.3,15,15,Android
14640,churned,14,14,27,3033,151,142,2460.8,1381.5,1,0,iPhone
14641,churned,187,172,226,1257,68,7,3652.5,2542.9,15,10,iPhone
14642,retained,150,130,188,2176,248,98,1800.5,776.8,28,22,Android
14643,retained,79,64,302,2547,146,41,5777.1,1109.9,28,20,Android
14644,churned,5,5,88,1246,243,0,6574.2,2468.8,17,14,Android
14645,retained,69,64,500,233,193,36,2124.7,1422.6,7,7,Android
14646,retained,108,87,250,1181,78,14,6181.6,1868.0,7,5,iPhone
14647,retained,45,40,164,3413,55,3,7339.6,1003.5,23,20,iPhone
14648,retained,35,31,143,3242,0,5,5285.6,130.9,4,4,iPhone
14649,retained,55,45,141,3110,64,25,3051.0,1784.4,11,6,Android
14650,retained,55,45,59,418,419,4,3613.8,2321.1,1,0,Android
14652,retained,29,26,47,1825,23,190,8500.6,4045.7,22,18,iPhone
14653,retained,17,16,47,2216,62,253,2820.6,2226.0,16,15,iPhone
14654,retained,17,13,211,694,143,0,6070.9,1779.8,29,25,iPhone
14655,retained,12,12,19,2457,36,0,11309.2,6629.2,30,26,iPhone
14656,churned,81,69,167,93,115,42,5366.3,4075.7,9,3,Android
14657,retained,40,32,233,1907,0,0,2773.6,477.2,14,11,iPhone
14658,retained,287,230,662,2216,25,37,1339.7,670.6,21,18,iPhone
14659,retained,52,42,211,1032,344,46,5324.8,3541.0,30,22,Android
14660,churned,313,251,339,3436,832,8,6410.8,2186.9,17,17,iPhone
14661,retained,42,37,112,2147,0,1,4724.5,195.5,5,0,Android
14662,churned,5,5,34,1827,47,18,4125.4,1310.1,20,16,iPhone
14663,retained,2,2,196,7,121,32,3274.3,1662.5,6,1,iPhone
14664,retained,244,198,266,1739,91,33,3678.9,2868.7,14,13,iPhone
14665,retained,25,21,121,3156,32,0,5057.8,476.6,20,14,iPhone
14666,retained,45,37,137,2231,0,57,3405.6,2598.8,10,10,Android
14667,churned,17,17,63,3073,107,0,4384.5,967.3,8,7,iPhone
14668,retained,0,0,6,592,0,0,7959.2,869.7,13,9,Android
14669,churned,90,75,248,1345,293,0,2966.9,1218.2,5,0,iPhone
14670,retained,17,17,34,157,124,102,2242.4,1283.3,25,22,iPhone
14671,churned,1,1,75,1570,18,0,1782.2,1404.4,12,12,iPhone
14672,churned,138,111,248,1372,230,44,1910.7,1093.3,4,4,iPhone
14673,churned,144,117,333,2098,0,27,1323.3,815.5,6,0,iPhone
14674,retained,35,28,59,1467,23,0,4851.1,545.9,3,3,iPhone
14675,retained,28,25,934,1627,32,31,11663.9,3650.4,20,14,iPhone
14677,retained,143,114,195,3038,230,0,1275.2,297.1,23,19,Android
14678,retained,45,38,232,1273,611,66,5761.2,1169.3,2,1,iPhone
14679,retained,39,35,47,1423,0,58,4341.5,3298.5,15,13,iPhone
14680,retained,3,3,26,3171,607,17,3762.3,1879.3,13,8,iPhone
14681,retained,90,74,249,2013,209,0,2919.2,1954.6,18,15,Android
14682,retained,64,52,101,1169,92,0,2464.7,752.3,6,5,Android
14683,churned,72,58,79,1398,367,14,1337.6,617.6,10,10,Android
14684,retained,81,65,120,29,64,0,5618.9,4080.0,29,27,Android
14685,retained,114,114,189,3050,109,0,1199.6,576.6,16,9,Android
14686,retained,44,43,109,1368,76,0,7382.8,3985.8,23,23,Android
14687,retained,41,33,107,961,100,25,8741.9,3978.3,24,19,iPhone
14688,retained,199,160,431,2910,42,2,3444.3,514.5,30,26,Android
14689,retained,86,70,180,1098,18,33,3576.0,1445.6,17,10,Android
14691,retained,33,30,55,2553,389,18,3464.9,2154.8,16,8,Android
14692,retained,34,34,404,1845,23,4,3255.1,824.9,4,0,iPhone
14693,churned,32,26,65,1758,11,95,7390.4,3740.2,3,0,iPhone
14694,retained,115,94,246,1139,237,0,1721.2,1356.4,30,27,Android
14695,retained,190,152,262,679,0,4,6337.7,4225.9,10,10,iPhone
14696,retained,7,6,70,393,0,0,1201.5,899.2,2,2,Android
14697,churned,192,170,232,310,322,2,1976.4,1295.6,2,2,iPhone
14698,retained,8,8,31,303,5,0,2055.1,582.2,8,5,iPhone
14699,churned,156,126,190,1950,74,40,4817.7,741.9,8,2,Android
14701,retained,56,45,110,29,83,0,5085.4,1097.4,29,19,iPhone
14702,retained,91,73,204,1853,28,1,8861.2,4629.6,27,22,Android
14703,churned,173,139,216,2063,39,2,4717.0,981.6,4,4,iPhone
14704,retained,139,112,158,1214,0,27,5268.8,600.6,28,22,iPhone
14705,retained,24,19,189,1711,30,11,3928.5,2251.7,9,9,iPhone
14706,retained,160,129,179,3219,0,104,1735.2,1042.4,27,17,iPhone
14708,retained,84,68,145,2760,32,0,2036.3,752.0,8,3,iPhone
14709,churned,91,73,164,1279,89,65,1505.2,454.9,5,5,Android
14710,retained,226,226,296,637,18,0,5813.6,4607.7,4,4,iPhone
14711,churned,117,117,306,2114,45,59,1665.6,707.0,5,0,iPhone
14712,retained,80,64,106,1021,141,0,5349.5,1342.7,11,11,iPhone
14713,retained,69,55,134,893,401,24,715.9,261.4,2,0,Android
14714,retained,21,17,30,177,0,0,6227.1,4976.5,25,22,Android
14715,retained,254,203,361,2020,13,18,4362.2,2129.6,10,8,iPhone
14716,retained,97,79,383,1877,4,78,6085.5,3226.1,9,9,Android
14717,retained,113,92,158,922,64,11,1033.6,469.5,20,17,iPhone
14718,retained,91,73,139,997,105,48,4429.0,3501.2,17,11,Android
14720,retained,38,31,41,137,118,0,2807.2,802.3,29,19,iPhone
14721,retained,100,80,121,610,66,0,2406.3,829.5,5,3,iPhone
14722,retained,126,101,230,2552,42,0,8652.5,2131.0,25,24,Android
14723,churned,135,109,159,1677,55,27,1963.5,1513.6,7,4,Android
14724,retained,67,54,198,2288,37,10,1541.6,1184.8,2,0,iPhone
14725,retained,92,74,108,2962,20,0,2205.8,1137.3,1,0,iPhone
14726,retained,11,11,308,2546,184,19,2759.9,659.2,13,13,Android
14727,retained,152,123,556,2703,132,0,6287.1,3780.2,6,3,Android
14728,retained,121,98,343,219,340,141,1965.3,516.4,24,17,iPhone
14729,retained,133,107,186,3247,206,24,4219.1,367.7,1,1,iPhone
14730,retained,112,90,181,1606,149,0,2152.1,1005.2,27,17,Android
14731,retained,42,33,298,2699,115,22,7706.7,2121.6,27,22,iPhone
14732,churned,165,132,169,1663,147,147,1389.1,1047.2,10,9,iPhone
14733,retained,29,24,369,49,2,57,5173.2,3344.1,25,16,Android
14734,retained,116,93,170,386,331,13,1044.4,548.7,23,23,iPhone
14735,churned,25,20,77,128,4,0,4845.6,1942.2,6,6,Android
14736,churned,109,93,135,146,170,0,1717.7,178.3,19,16,Android
14737,retained,3,3,328,890,0,16,3244.1,2481.9,25,20,iPhone
14738,retained,302,242,320,257,27,4,3094.6,2183.3,30,27,iPhone
14739,retained,25,20,40,2956,0,27,4818.6,2845.1,7,4,iPhone
14740,retained,185,151,195,1928,80,3,2493.7,1955.6,12,6,Android
14741,retained,110,103,307,229,257,14,5479.4,2162.2,30,29,Android
14742,retained,61,54,259,3251,25,0,2525.8,902.0,5,5,Android
14743,retained,91,73,310,3160,227,0,4353.3,2711.4,25,18,Android
14744,retained,113,91,266,3429,21,28,932.1,470.9,30,24,Android
14745,retained,75,75,164,366,5,77,4254.7,1735.2,8,8,iPhone
14746,retained,138,112,185,906,27,162,4026.0,3192.5,24,22,iPhone
14747,retained,107,86,120,2400,427,139,680.4,426.2,3,3,iPhone
14748,churned,111,89,207,1345,0,2,2567.4,1163.5,8,8,iPhone
14749,retained,54,43,72,1736,0,27,1879.2,671.5,28,23,Android
14750,retained,148,119,238,2099,712,18,3366.1,298.4,21,20,iPhone
14751,retained,300,300,394,3037,87,122,3769.8,1850.8,24,21,iPhone
14752,retained,231,185,277,1929,152,28,2987.8,1688.0,20,16,Android
14753,churned,249,205,294,424,156,15,652.8,389.0,0,0,Android
14754,retained,283,226,556,3223,0,0,4225.3,2751.3,15,12,Android
14755,retained,131,105,194,2528,78,121,2343.6,1907.3,6,1,iPhone
14756,retained,35,32,144,1428,0,0,4529.5,2980.0,13,8,Android
14757,retained,5,4,40,899,0,2,2950.6,1378.2,24,17,iPhone
14759,retained,11,11,14,2008,141,5,1869.7,1304.5,14,9,iPhone
14760,retained,24,24,151,2219,181,0,8514.6,3027.8,18,17,Android
14761,retained,6,6,202,696,44,0,1742.6,702.7,5,3,iPhone
14762,retained,56,48,231,2391,92,0,3894.5,1303.4,27,19,iPhone
14763,retained,1,1,81,1085,100,39,536.2,314.0,19,19,Android
14764,churned,11,11,56,761,42,51,2543.3,758.9,10,10,iPhone
14765,churned,6,6,6,441,73,21,5877.1,2336.1,10,8,Android
14766,retained,37,30,78,1450,37,1,3785.7,1031.2,23,19,iPhone
14767,retained,16,13,42,2676,51,0,7534.2,2204.2,23,15,iPhone
14769,retained,149,119,402,2824,93,11,3252.3,799.4,1,0,iPhone
14770,retained,176,147,328,731,100,57,7613.6,2074.6,5,5,iPhone
14771,churned,120,98,145,2410,177,9,7847.7,5973.1,7,5,Android
14772,retained,3,2,83,527,71,3,4821.1,1058.9,24,18,Android
14773,churned,104,84,168,282,67,49,3833.3,641.1,11,11,iPhone
14774,retained,4,4,16,3062,30,46,5209.1,3074.7,16,13,iPhone
14775,retained,388,311,537,1656,183,39,3840.7,1978.4,23,21,iPhone
14776,churned,15,13,219,40,272,0,12433.0,1891.7,5,5,iPhone
14777,retained,6,6,145,1485,285,40,5125.5,2220.3,16,10,iPhone
14778,retained,62,54,302,1914,0,0,3071.1,1968.2,5,3,iPhone
14779,retained,68,57,252,755,0,0,3839.2,2707.3,21,12,iPhone
14780,retained,25,25,210,3227,0,26,15942.4,1790.3,24,23,iPhone
14781,retained,2,2,37,2987,110,0,1003.5,483.0,24,14,Android
14782,churned,251,204,307,293,356,11,2183.9,379.8,21,19,Android
14783,retained,22,19,183,3336,33,0,5854.8,1963.5,25,15,Android
14784,retained,39,31,124,1085,230,4,6238.9,2422.6,20,11,Android
14786,retained,15,12,65,2340,7,0,3589.1,1611.6,12,8,iPhone
14787,retained,213,173,288,1517,14,0,4592.4,2310.2,17,15,Android
14788,retained,156,126,157,2010,0,0,2779.1,462.4,14,11,iPhone
14789,retained,63,51,210,1684,218,0,3315.0,2403.0,9,7,Android
14790,retained,125,101,132,1881,329,41,5068.5,2672.4,6,1,iPhone
14791,retained,64,56,77,734,58,47,5532.4,3761.5,6,3,iPhone
14792,retained,142,114,203,1317,63,0,1915.2,521.8,31,28,iPhone
14793,retained,199,159,260,3482,81,0,4496.8,3260.6,22,18,iPhone
14794,retained,115,96,312,671,0,0,5169.8,786.8,23,19,iPhone
14795,retained,31,25,79,43,0,103,3377.8,781.3,18,10,iPhone
14796,churned,45,36,132,88,168,24,3210.0,2215.9,4,4,iPhone
14797,retained,142,142,366,3050,0,18,867.0,560.9,1,0,iPhone
14798,retained,98,83,165,3261,67,49,2525.0,1518.1,9,4,iPhone
14799,retained,343,284,382,3367,127,0,4562.7,3568.7,25,23,iPhone
14800,churned,189,152,191,228,0,40,11423.3,1643.8,7,6,iPhone
14801,retained,91,73,135,2467,0,26,3813.5,2470.2,5,4,iPhone
14802,retained,91,73,276,1284,202,27,3156.3,2162.1,16,8,iPhone
14804,churned,60,48,154,2846,0,54,8497.0,6712.1,10,8,Android
14805,retained,83,66,301,1027,0,10,1311.0,666.3,0,0,iPhone
14806,churned,150,127,259,2569,907,0,1967.5,1432.1,19,12,iPhone
14807,churned,21,19,26,1216,214,30,4504.9,3686.2,2,2,iPhone
14808,retained,33,27,192,3121,99,110,3838.8,1741.5,5,4,iPhone
14809,churned,73,58,283,2539,377,97,3061.4,1029.8,2,0,iPhone
14810,retained,20,20,56,1282,2,0,2238.5,575.7,15,9,Android
14811,retained,29,24,347,3169,154,9,4540.6,1850.3,15,15,Android
14812,retained,145,134,665,2808,0,17,1919.1,571.3,24,16,Android
14813,retained,18,18,171,2405,0,126,3776.4,2213.8,1,0,iPhone
14814,retained,76,76,211,3169,267,0,1630.2,877.0,13,6,iPhone
14815,retained,24,19,198,2754,0,0,2393.8,978.1,29,28,Android
14816,retained,69,57,229,1578,246,0,4841.3,1203.7,8,8,iPhone
14817,churned,52,42,60,33,242,0,2279.7,892.6,17,16,Android
14818,retained,89,73,481,2099,152,0,1331.7,645.4,27,23,Android
14819,churned,337,270,470,750,200,0,3445.9,2389.6,7,2,Android
14820,churned,81,65,111,1755,80,74,4163.3,889.2,18,13,iPhone
14821,churned,1,1,96,3384,0,0,1925.8,719.3,1,1,Android
14822,retained,9,9,113,1444,102,38,5032.7,3899.2,20,15,iPhone
14823,retained,38,30,61,2630,0,77,3593.8,1050.4,27,25,iPhone
14824,retained,9,7,288,1018,160,0,6536.7,2709.8,29,22,iPhone
14825,retained,64,52,107,23,58,11,2653.9,1268.1,15,11,Android
14826,retained,243,195,257,3225,207,59,3103.6,2292.9,29,27,iPhone
14827,retained,38,36,366,1435,71,16,1836.3,1278.4,1,1,iPhone
14828,churned,35,28,258,692,163,111,3511.0,2336.3,9,9,iPhone
14829,retained,119,96,256,990,195,0,3056.9,1936.2,28,21,iPhone
14830,retained,7,7,51,2300,256,0,1367.5,462.9,25,16,Android
14831,churned,44,36,356,1539,0,0,2442.8,1820.4,10,7,Android
14832,retained,36,30,100,2047,205,5,2044.0,1488.0,18,12,iPhone
14833,churned,47,38,111,3263,0,0,8021.7,4603.5,5,5,Android
14834,retained,9,8,30,3263,225,43,2511.3,1641.0,22,22,iPhone
14835,retained,8,8,35,2236,93,4,2874.8,2166.3,11,9,iPhone
14836,retained,105,84,198,116,42,0,5638.9,1590.0,14,11,Android
14837,retained,174,141,289,2794,298,0,2876.4,2262.9,29,19,iPhone
14838,retained,60,48,93,2470,0,91,2319.4,379.0,21,13,iPhone
14839,retained,378,303,385,505,14,0,2573.1,783.6,24,16,iPhone
14840,retained,22,19,139,1659,65,44,3169.3,1163.3,7,4,Android
14841,retained,92,74,92,633,296,0,3982.6,2188.5,21,21,Android
14842,retained,73,59,112,3244,253,6,2747.0,2001.4,13,10,iPhone
14844,churned,35,35,43,891,0,129,6077.6,4875.1,1,1,iPhone
14845,retained,204,164,255,2571,2,0,3138.3,1793.7,23,14,iPhone
14846,retained,22,18,183,1568,9,54,1016.0,593.7,27,21,iPhone
14847,retained,15,13,77,666,308,0,5388.0,1404.8,30,26,Android
14848,retained,11,9,141,25,252,0,14053.5,10211.3,25,18,Android
14849,retained,48,48,332,2456,59,0,5034.5,2053.0,30,25,iPhone
14850,retained,53,43,64,2291,38,0,3157.2,353.6,28,21,iPhone
14852,retained,142,117,404,16,0,0,2797.7,515.5,13,10,Android
14853,retained,146,121,324,3010,7,64,3565.6,157.9,17,17,iPhone
14854,retained,16,14,96,626,30,27,4280.5,1500.4,10,4,Android
14855,retained,10,8,186,1186,227,23,8398.9,1638.0,21,13,Android
14856,retained,31,27,136,1771,4,0,3221.4,2121.5,27,19,Android
14857,churned,9,8,71,423,530,84,4199.4,2576.0,12,5,iPhone
14858,retained,2,2,15,2781,308,6,4875.4,3457.5,5,4,Android
14859,retained,51,42,69,2377,50,0,4233.3,831.0,13,9,iPhone
14860,retained,305,245,393,2755,25,21,7804.0,2270.2,15,15,Android
14861,retained,0,0,95,3047,13,3,7924.9,5294.7,26,22,iPhone
14862,retained,182,152,203,393,87,40,1485.8,869.5,28,18,iPhone
14863,retained,1,1,79,589,18,63,2298.6,534.1,16,16,Android
14864,retained,310,250,458,2291,150,11,2063.8,1271.2,22,22,Android
14865,retained,52,42,106,2354,6,50,2357.0,132.5,22,13,Android
14866,retained,14,12,57,2977,0,0,1294.1,986.5,2,2,Android
14867,retained,31,26,87,2326,141,122,7458.3,2742.1,12,11,iPhone
14868,retained,37,37,439,2687,176,0,2298.0,1435.2,3,3,iPhone
14869,churned,264,211,463,2670,0,48,2362.5,207.9,6,6,Android
14870,retained,25,20,223,3345,184,0,521.5,132.3,8,4,iPhone
14871,retained,72,72,404,3002,67,100,5141.6,3219.0,5,5,Android
14872,churned,54,54,327,1472,437,0,13477.2,6440.9,6,6,iPhone
14874,churned,539,433,551,572,106,0,10999.8,5082.2,15,10,Android
14875,churned,126,101,288,2322,11,60,1979.3,1572.8,6,6,iPhone
14876,retained,127,102,254,156,0,76,2487.8,1478.2,28,19,Android
14877,retained,161,145,183,1633,0,0,1145.6,570.5,26,26,iPhone
14878,retained,57,47,128,2731,37,4,5602.3,1690.0,26,25,iPhone
14879,retained,52,43,152,1052,0,33,4302.2,1505.8,18,18,Android
14880,retained,29,24,195,2733,93,25,4042.7,1020.6,26,18,iPhone
14881,retained,174,151,181,2255,103,31,2647.5,561.3,2,0,iPhone
14882,retained,181,146,251,128,359,0,4271.2,920.3,1,1,Android
14883,retained,105,86,491,487,36,4,3182.3,2427.5,11,11,iPhone
14884,retained,145,120,166,764,91,52,2653.2,2122.3,25,23,iPhone
14885,retained,311,249,324,2123,0,16,2109.9,1565.3,5,5,iPhone
14886,retained,28,22,113,1416,263,0,2282.9,880.6,3,3,Android
14887,retained,236,189,501,482,259,0,6825.7,3339.7,16,16,Android
14888,churned,41,33,64,85,646,0,2176.2,1648.2,22,16,Android
14889,retained,341,273,389,2457,107,0,1970.9,1109.2,28,18,iPhone
14890,retained,17,17,242,1473,151,111,411.7,300.6,6,2,iPhone
14891,retained,222,178,281,99,14,28,2076.1,1124.3,24,20,iPhone
14892,retained,8,7,33,2998,287,0,5879.2,4181.3,13,9,iPhone
14893,retained,66,57,283,458,469,0,3415.7,212.8,15,11,iPhone
14894,churned,139,111,290,524,24,120,5515.3,1302.6,6,6,Android
14895,retained,1,1,142,3411,0,0,10463.2,5190.6,11,11,Android
14896,retained,89,73,192,1800,170,15,12282.9,9715.7,30,28,iPhone
14897,retained,65,56,149,160,94,0,4491.4,3690.5,27,22,Android
14898,retained,285,235,364,3460,0,17,5301.4,4388.6,21,14,iPhone
14899,retained,222,196,256,3081,18,66,2680.6,1331.4,29,27,Android
14901,retained,166,134,208,1003,0,0,6015.0,1810.3,29,23,iPhone
14902,retained,37,37,50,426,121,33,1444.1,1179.7,3,2,iPhone
14904,retained,74,59,93,2069,185,0,1690.7,844.5,15,8,Android
14905,churned,111,94,492,1988,260,0,1809.1,1347.2,20,20,iPhone
14906,churned,13,11,222,1692,0,65,1534.6,822.4,6,6,Android
14907,retained,20,18,29,1169,9,0,3142.2,1938.2,28,20,iPhone
14908,retained,144,117,320,1825,0,63,6518.2,2874.3,19,12,iPhone
14910,retained,84,75,286,1015,95,66,4216.0,2391.4,17,17,Android
14911,retained,14,11,110,518,331,13,7410.1,5014.2,30,27,iPhone
14912,retained,43,35,217,28,121,0,1643.4,470.0,28,21,iPhone
14913,retained,111,90,197,1083,323,34,3012.3,825.9,13,13,Android
14914,churned,33,27,84,2596,146,8,2204.3,1012.4,3,3,iPhone
14915,retained,122,98,182,986,71,0,2694.8,1817.4,9,9,iPhone
14916,churned,34,28,36,2495,217,0,3624.3,2473.8,13,13,iPhone
14917,retained,6,6,28,572,141,82,873.4,505.7,16,16,iPhone
14918,retained,112,90,152,435,0,14,4711.2,1384.3,18,18,iPhone
14919,retained,9,9,248,1152,0,0,2846.5,1422.6,3,3,Android
14920,retained,35,28,218,495,0,0,3552.1,1869.4,15,15,iPhone
14921,retained,66,56,257,1555,317,6,3337.4,2197.5,25,24,Android
14922,retained,119,99,211,2417,118,0,6029.2,1794.4,1,1,iPhone
14923,churned,7,7,73,3291,0,211,5589.1,2122.2,18,16,iPhone
14924,retained,208,168,214,2928,0,37,3462.1,125.9,21,14,iPhone
14925,retained,27,22,232,2163,71,0,3489.7,1128.8,5,4,iPhone
14926,churned,263,211,280,1674,104,0,3652.8,1169.4,5,2,iPhone
14927,retained,12,10,33,763,693,0,2634.9,1694.4,29,22,iPhone
14928,churned,50,50,72,782,0,0,6166.8,4701.3,19,15,iPhone
14929,retained,319,257,324,1275,74,83,7403.9,1574.7,26,19,iPhone
14930,retained,114,92,287,3109,0,13,12339.5,2079.6,5,5,Android
14932,churned,14,13,148,538,405,19,1251.2,410.6,20,16,iPhone
14933,churned,224,189,244,436,130,0,3101.1,298.1,2,1,iPhone
14934,churned,181,145,250,205,44,0,2439.7,1923.8,7,6,iPhone
14935,churned,110,92,251,3038,198,10,9080.7,5470.3,10,4,iPhone
14936,retained,18,14,24,2742,153,0,3466.8,2239.1,6,6,Android
14937,churned,8,6,258,459,89,0,7173.7,2512.0,12,10,iPhone
14938,retained,97,78,156,3227,60,76,2879.0,1836.0,18,16,iPhone
14939,retained,87,75,127,2554,39,20,4631.1,1340.3,3,3,Android
14940,retained,14,12,130,1809,153,11,4947.9,897.5,7,7,iPhone
14942,retained,299,239,447,1378,141,12,4279.2,1950.3,12,8,iPhone
14944,retained,16,13,95,3073,357,0,3321.5,2684.5,12,7,Android
14946,retained,326,261,745,1743,42,49,5129.3,2034.5,14,7,iPhone
14947,retained,33,29,159,1019,49,39,1740.9,1144.5,10,8,iPhone
14948,retained,38,38,212,2502,138,0,2937.2,1825.7,15,10,Android
14949,retained,45,45,234,721,50,1,1144.0,226.0,22,16,iPhone
14950,retained,41,36,167,288,53,18,9717.1,6115.2,11,7,Android
14951,retained,125,102,437,481,0,13,1025.5,599.8,29,25,Android
14952,churned,139,111,155,2720,93,0,5966.4,3938.4,3,3,Android
14953,retained,69,55,254,919,563,0,2261.6,343.5,20,20,Android
14954,retained,31,26,242,1252,7,0,3434.0,836.9,10,10,iPhone
14955,churned,16,14,314,2523,309,23,2755.4,362.1,13,13,Android
14956,retained,42,33,227,2662,27,0,9593.0,6335.9,29,24,Android
14957,retained,24,24,43,762,17,0,1466.8,597.8,2,0,Android
14958,churned,50,43,92,2735,149,0,4769.2,2695.8,27,17,iPhone
14959,retained,21,18,188,2922,43,26,7721.6,5661.0,19,14,Android
14960,retained,27,22,29,1103,159,22,2136.6,134.4,22,17,iPhone
14961,retained,99,81,133,20,57,147,5320.7,1949.3,20,16,Android
14962,retained,181,145,265,2986,38,0,3052.1,1273.5,22,15,iPhone
14963,retained,11,10,18,2753,110,211,1308.7,364.4,18,14,iPhone
14964,retained,21,17,164,129,0,49,4387.0,1531.9,20,13,iPhone
14965,retained,32,26,58,2155,410,0,2475.5,1465.2,29,22,Android
14966,churned,34,27,199,287,154,89,1782.6,724.3,30,20,iPhone
14967,retained,228,188,563,1386,6,117,2802.8,725.4,30,22,iPhone
14968,churned,333,267,623,3260,28,24,2004.3,1522.3,10,7,Android
14969,churned,55,44,97,139,618,12,6829.9,4578.1,10,10,iPhone
14970,churned,84,70,156,950,67,0,2749.2,1644.7,11,11,iPhone
14971,retained,19,16,35,2707,7,23,3427.5,701.0,14,7,iPhone
14973,retained,44,37,63,2747,102,0,4687.0,3765.1,19,14,Android
14974,retained,39,33,53,2609,407,64,2536.4,1510.1,21,19,iPhone
14975,retained,27,23,43,861,56,23,3322.5,2266.1,29,21,Android
14976,retained,140,124,198,952,126,0,5084.5,2249.0,20,12,iPhone
14977,retained,189,152,200,2668,0,0,4718.2,2992.0,25,20,iPhone
14978,churned,19,19,166,752,263,0,5354.3,2903.6,4,2,iPhone
14979,churned,60,48,157,1609,383,48,2517.9,1327.7,26,24,Android
14980,churned,161,130,175,1067,179,2,2593.6,1581.1,12,12,Android
14981,retained,17,13,54,1629,0,0,3134.0,753.6,21,16,iPhone
14982,churned,17,16,46,1656,117,58,8092.5,5303.7,12,10,iPhone
14983,retained,48,40,51,2488,504,0,5340.5,2513.4,13,8,Android
14984,retained,66,53,128,1353,59,0,2556.7,1982.4,22,19,Android
14985,churned,53,43,118,65,23,49,1661.1,1161.2,4,0,iPhone
14986,retained,34,27,37,2676,99,0,4794.9,3713.7,19,15,iPhone
14987,retained,3,3,17,1282,23,0,2144.1,1113.2,25,23,iPhone
14988,churned,13,11,42,770,132,87,1533.5,823.4,0,0,Android
14989,retained,6,6,153,2988,371,24,1553.3,833.4,23,20,iPhone
14990,churned,73,61,330,614,60,46,6090.5,3323.9,0,0,Android
14991,churned,50,41,102,1463,0,121,4094.5,2202.0,4,2,iPhone
14992,retained,112,90,267,1283,14,0,1525.9,1116.7,5,5,iPhone
14994,retained,60,55,208,140,317,0,2890.5,2186.2,25,17,iPhone
14995,retained,42,35,188,2505,15,10,4062.6,1208.6,25,20,Android
14996,retained,273,219,422,1873,17,0,3097.8,1031.3,18,17,iPhone
14997,churned,149,120,181,3150,45,0,4051.8,254.2,6,6,iPhone
14998,retained,73,58,353,3383,13,51,6030.5,3042.4,14,13,iPhone
